id,platform,year,topic,language,comment_text,label_sentiment
1,x.com,2024,Social Media & Psychological Well-being,id,Teteh sulung gue orangnya FOMO. Apa apa ngikut tren. Sedangkan gue anaknya JOMO.  Kadang tertekan kalo teteh gue mulai kumat,positive
2,bhaskar.com,2024,Social Media & Psychological Well-being,hi,इसी साल अगस्त के पहले हफ्ते में भोपाल के रहने वाले कारोबारी मोना सिंह को साइबर ठगों ने अपना निशाना बनाया।  शेयर मार्केट में इन्वेस्टमेंट के नाम पर उनसे ढाई करोड़ की ठगी की।,negative
3,x.com,2024,Screen Time & Device Dependency,ja,"おはよーございます
たまにはデジタルデトックスも大事ですよね
ヤマダ電機いってらっしゃーい",neutral
4,bhaskar.com,2024,Social Media & Psychological Well-being,hi,"कार्यशाला में पुलिस, अभियोजन, ये तकनीक का युग है।  इसमें सूचना का सबसे बड़ा स्त्रोत मोबाइल है।  पहले हम कहते थे कि ईश्वर सब देख रहा है लेकिन अब स्थिति यह है कि टेक्नालॉजी सब देख रही है।",neutral
5,x.com,2024,Screen Time & Device Dependency,pt,eu assistindo ginny e georgia pelos edits do marcus no tiktok e vendo que os edits sao todo o tempo de tela dele,neutral
6,bsky.app,2024,Screen Time & Device Dependency,ja,#829 落ち込む気持ちがみるみる減る！現実的なデジタルデトックスの方法 - RYOTA@カウンセラー・HSPアドバイザー\nr.voicy.jp/jwmYbAxg91a\n#Voicy,neutral
7,x.com,2024,Screen Time & Device Dependency,ja,かなやんさん、おはようございますおお、かなやんさんも1人が多いんですね作品を大画面で楽しむことはもちろん、マインドフルネス的な要素もあり、デジタルデトックスにもなり、贅沢ですよね売店のスタッフさんには毎度なんだか申し訳ないです笑　今日もお互いはじける1日に～,positive
8,x.com,2024,Screen Time & Device Dependency,ja,"1週間ほどXお休みしまーす

デジタルデトックス",neutral
9,x.com,2024,Screen Time & Device Dependency,ja,デジタルデトックス…？,neutral
10,x.com,2024,Screen Time & Device Dependency,ja,はいお元気なのが分かって良かったです。デジタルデトックス、やはり効果大なんですね。しばらくは私は無理そうなので（要するにしばらくはいつでもいます）気が向いたらリプ下さい！！,positive
11,x.com,2024,Cultural Norms & Digital Etiquette,en,"The RW partook in cancel culture, too, specifically neocons. Remember what happened to the Dixie Chicks and Bill Maher, canceled by the right. Anyone who questioned the official 9/11 narrative or opposed the Iraq War was smeared as a traitor and a collaborator with al-Qaeda.",negative
12,x.com,2024,Screen Time & Device Dependency,en,"Cleriths be like: Zerith barely have any screen time together they are a terrible ship
Also Cleriths: Tifa should be with rude (barely interact nor does she express romantic interest) she should be with Emilio (no screen time what so ever and she doesn't express interest) LOL",neutral
13,x.com,2024,Group Dynamics & Peer Pressure,ja,"ネトウヨはポケモンのカヌちゃんだ。

明治男系文化を死守するためなら恐ろしいエコーチェンバーもするからな。",negative
14,reddit.com,2024,Group Dynamics & Peer Pressure,en,"There was once upon a time a magical kingdom, where women were property and were bought by wealthy men as status symbols.  The more beautiful the woman the higher the esteem of the man.

There was no love, no respect.  The man went on to screw any woman attracted to wealth and trappings and the woman went on to do public good like help the poor and screw any man that wanted to have what belonged to her husband.

OPs mother obviously wants this for her daughter, as any mother would.  Because we all know that a wealthy lifestyle is much better than a poor one.  And love and respect are redundant emotions (or irrational thinking) that just get in the way of you having it all.

Before anyone gets too upset, the above is a satirical view of how OPs mother seems to be thinking.

As an adult you are due just as much respect as your parents.  If your parents actively do something to disrespect you, you have the right to disassociate yourself from that situation.  You owe them nothing.  The only time you may cut some slack is if your parents are like in their 80s or 90s and they start doing weird shit because that filter we all have to function among other humans is no longer working.

Your mother actively invited your ex to fuck with your current relationship.  She openly said your current partner isn’t husband material and your ex is (even though he showed you no respect).  Your mother is the AH, and I’m interested to know what other things she’s done that might show an underlying psychological issue.

Let’s not forget the ex, in what universe is showing up to a family gathering of the person you cheated on a good idea?  Anyone who had reflected on their actions and drawn the conclusion that they fucked up, would not just show up without trying to talk to you first.  No matter what bs story your mother told him.

Keep contact with the family members who support you and go low contact with those that think you over reacted.  Now be careful of echo chambers, but anyone who truly has your best interests at heart will hold you accountable for your actions, will support you when you are wronged and will transparently and openly try to show you when you are wrong.  They do not resort to subterfuge and manipulation like your mother has.",neutral
15,bhaskar.com,2024,Social Media & Psychological Well-being,hi,जयपुर में MBA कर रही निकिता (24) ने शेयर मार्केट सीखने और पैसा कमाने का एक विज्ञापन यू-ट्यूब पर देखा था।  उस विज्ञापन में कंपनी दावा कर रही थी कि 14 दिन में शेयर ट्रेडिंग के जरिए पैसा डबल कर देगी।,neutral
16,x.com,2024,Screen Time & Device Dependency,ja,あぴスマホ使えないからゆずもデジタルデトックスしようかなー無理だけどーえーえ、ーえーー,neutral
17,x.com,2024,Screen Time & Device Dependency,ja,"おはよう
久しぶりのポスト
ちょっと小旅行行ってました〜
デジタルデトックス兼ねて",neutral
18,x.com,2024,Screen Time & Device Dependency,ja,名古屋帰りに新幹線に忘れたスマホを無事回収。なんちゃってデジタルデトックスは1日で終わり,neutral
19,x.com,2024,Screen Time & Device Dependency,ja,"デジタルデトックスはいいゾー
忘れてた何かを取り戻せそうになるよね",neutral
20,x.com,2024,Screen Time & Device Dependency,ja,デジタルデトックスさいこう,neutral
21,x.com,2024,Screen Time & Device Dependency,ja,"二度寝かますし、寝すぎて予定は狂うし、デジタルデトックスとか言ってすぐスマホ見たし、何やってんだ。
10時間くらい寝た。
あと2時間寝たら、お化粧してお洒落してお出かけして、、、、、、、、
とりあえず、再びおやすみ( ˇωˇ )",neutral
22,x.com,2024,Screen Time & Device Dependency,ja,"AppleWatchを使うようになって
iPhoneの使用時間が短くなった。
デジタルデトックス！

#デジタルデトックス",neutral
23,x.com,2024,Group Dynamics & Peer Pressure,ja,"これを“おかしい”と自覚ないなら危険思想
「SNSを見て」？
現実の関係ない女性を「殺しても仕方ない」？

・インプ稼ぎに過激な発言をする人もいる
・エコーチェンバーで濃縮される
のを度外視あるいは忘れてしまっているし",positive
24,bsky.app,2024,Group Dynamics & Peer Pressure,ja,5/9】結局『ねばねば構文』と揶揄された石破氏の逆転勝利ですから、ネットで自民党の体たらくへの罵倒と怨嗟が渦巻くのは必然ですね。まあ、元々の疑問としてエコーチェンバー現象云々もあり、ネットの騒ぎを真に受けるのは危険だという意識はありました。\nx.com/V92835072/status/1840241388069548447\n\n<292>1733015730,neutral
25,x.com,2024,"Attention, Focus & Cognitive Load",ms,"Jika dilihat dari segi pelbagai sudut, Msia mgkin tiada kepakaran atau pakar telah berhijrah (brain drain). Atau mgkin kerenah birokrasi dlm sistem pentadbiran kerajaan atau mungkin juga sisten politik yg menjadi faktor masalah yg berlarutan xpernah selesai.",neutral
26,x.com,2024,Digital Presence & Identity Management,id,Fauna grad. Fans Holo masih ada yg mau toxic positivity kalau Cover dan Hololive masih baik-baik saja?,neutral
27,x.com,2024,Group Dynamics & Peer Pressure,ja,"言論のエコーチェンバー＝共鳴箱の典型がTBSの「サンデーモーニング」。
ほぼ同じ傾向の思想の持主だけで「そうですよね～」「そうだ、そうだ！」だけで構成。
この番組の対極はBSフジの「プライムニュース」。コメンテータに他系列の新聞社の記者とか左翼から右翼までの政治家が出席。",neutral
28,x.com,2024,Screen Time & Device Dependency,ja,デジタルデトックスしに行ってデジタル機器で撮影&SMS投稿してるのウケる,neutral
29,x.com,2024,Screen Time & Device Dependency,ja,"おはようございます
デジタルデトックス大切ですね
今月もよろしくお願いします",positive
30,x.com,2024,Screen Time & Device Dependency,ja,"昨晩は20 時半に寝ました。
気になるライブ配信もやっていましたが、
デジタルデトックス？　かな？
途中、何度か目覚めましたが、
なんと、12時間睡眠達成です。
こんなに寝れたのはいつ以来だろう？
さぁ、良い休日にするぞ。",positive
31,x.com,2024,Screen Time & Device Dependency,ja,"おかえりぽぴん！
デジタルデトックスえらい！！",neutral
32,x.com,2024,Screen Time & Device Dependency,ja,"『デジタルデトックスしてます』

っていう反ワクの人の投稿をTwitterで見て、

「そーゆーとこだぞ」って思う朝",neutral
33,x.com,2024,Screen Time & Device Dependency,ja,"ということでひたすらウォーキングに励みデジタルデトックスしてる

無意識に憑いてるものが剥がれる
脂肪も剥がれる

ウォーキングはいいぞ(・∀・)",positive
34,x.com,2024,Screen Time & Device Dependency,ja,"図書館行ってきました

来週、の希望で人生初名古屋
とりあえず久しぶりに乗れることに
テンション上がってる

さて、昼ヨガスタジオでエクササイズ系プログラム、夕方はデジタルデトックスヨガ楽しみます

おやすみ最高ー",positive
35,reddit.com,2024,Group Dynamics & Peer Pressure,en,"Let us take a step back.

Ask yourself, or other Indians - Have we not been racist towards others? Including our fellow Indians?

The only rationale I could find is that groupism or drawing boundaries around people seems to be an intrinsic trait of humans. When you see another walking and talking person, you have to choose whether to bring them closer or to keep them far away. The factors we use mostly revolve around compatibility.

Now, how do you define compatibility? It's subjective. For most of us, it relates to the culture we have adapted to. Do I see the other person similar to my tastes and world views? If yes, we are the same. Else, I continue to see you as an alien.

Indians for historical reasons have developed a cultural trait that is very different from the rest of the world. Despite multiple external influences, the core cultural trait has been too difficult to be replaced by something else. This makes us different in the eyes of others. The vice-versa applies as well. We see the rest of the world as alien and as sources of all conspiracies against India.

Now, what do you do with that difference, is where the consequences become glaring. A healthy progressive personality would extend themselves and try to understand the alien culture. An unhealthy regressive personality will only build walls to strengthen those boundaries. Online platforms do not help in bridging the gap. It only helps us get into echo chambers, and solidify the group we want to belong to.

So, what can we do? Be curious. Learn about others. Empathize with them. Where do they come from? What shaped their perspectives? What are their cultural traits? What good things can I learn from them? When we Indians start doing this, in no time we will see the same returning back.

With that addressed, yes - there will be people who will continue to feel entitled and treat everyone else to be below them. That thought comes from a certain cultural, political and economic advantages they have over others. The only way to address this is to acknowledge the advantages they have, while we continue to explore our own way to beat them culturally, politically and economically. So, get back to your work and help India win.",positive
36,x.com,2024,Cultural Norms & Digital Etiquette,it,"DeAgostini 1977
Si, a scuola nelle lezioni di Geografia la Russia era considerata Europa , nonostante capeggiasse l'enorme scritta URSS.
Probabilmente nella cancel culture odierna insegneranno ai bambini che è in Asia :O(",neutral
37,x.com,2024,Screen Time & Device Dependency,ja,"親と喧嘩の結果、
一週間強制デジタルデトックス
（あと外出はいやいや行ってきます。）
テスト返しの結果で使えるかどうなるか決まるらしい。
まあ僕は失敗作だから制限かかる可能性大。

音楽は僕の精神安定剤なのでどうにかします。
インターネットもリアルより大好きで愛してるから。",neutral
38,bhaskar.com,2024,Social Media & Psychological Well-being,hi,"बढ़ते साइबर अपराधों पर लगाम लगाने और लोगों को सतर्क करने के लिए गोंडा पुलिस ने ""साइबर कवच"" अभियान शुरू किया है।  यह अभियान 27 नवंबर से शुरू होकर एक सप्ताह तक चलेगा।",neutral
39,bhaskar.com,2024,Social Media & Psychological Well-being,hi,बूंदी के लाखेरी में एक वेटनरी डॉक्टर के साथ शातिर साइबर ठगों ने एक लाख 85 हजार रुपयों की ठगी की वारदात को अंजाम दिया है।,neutral
40,reddit.com,2024,Screen Time & Device Dependency,en,"65 %+ of Americans own a home love,

Don’t believe the Reddit doomscrolling or sensational media coverage, America is an amazing country to be middle class in for the most part despite its varied issues. 

And the vast majority of that are single family homes with big ass backyards and an average two cars per household, not some small ass apartment in crowded government owned buildings. 

And I live in the region, sure I count as upper middle class here, but the upper middle class lifestyle in Malaysia and Thailand far away blow what it is in Singapore, even the one in the Philippines does to be honest. You can have a big landed home, a car without some horribly overpriced license, and a lot more freedom in general.",positive
41,x.com,2024,Screen Time & Device Dependency,ja,デジタルデトックス、ストレス軽減＆睡眠時間確保が同時に達成できるので気胸民にはメリットすぎる,positive
42,x.com,2024,Screen Time & Device Dependency,ja,"夜ですね～

本日は外出したんですが
スマポを忘れてしまい、強制デジタルデトックスを行いました

忘れたことに気づいて30分くらいは
重要な連絡が来てたらどうしよう～(;>ω<)
と思っていたんですが、次第に落ち着きました！
最近スマホ中毒だよ～
という方は
デトックスしてみてください！",neutral
43,x.com,2024,Cultural Norms & Digital Etiquette,id,Macam pisau kedai tomye buat potong chicken chop salut breadcrumb oren,neutral
44,x.com,2024,Screen Time & Device Dependency,ja,"昨日は釣り
今日はオイル交換と洗車
たまにはデジタルデトックスも良いよな",neutral
45,x.com,2024,Screen Time & Device Dependency,ja,一時期デジタルデトックスでSNS一新したのだけど、かつてのお友達でたまたまイベントでまた声をかけてくださる方いたら新しく繋がっている。このくらいのペースがちょうど良いな、と。初めまして、新生俺です、と。,positive
46,x.com,2024,Screen Time & Device Dependency,ja,"何か毒されてるな…
デジタルデトックスした方が良いな…
一時的な感情の高ぶりを感じるけど、それを端から見ろって話よな。
好きな事しよう。",positive
47,x.com,2024,Screen Time & Device Dependency,ja,"焚き火の明りだけで観るテリファー。
デジタルデトックス？何それ美味しいの？",positive
48,bsky.app,2024,Digital Boundaries & Relationships,en,"oh you're just cleaning your hard drive? congrats, you found a hobby that's as thrilling as watching paint dry. whoop-de-doo, you're the modern-day indiana jones of digital clutter.",positive
49,x.com,2024,Screen Time & Device Dependency,ja,インターネット向いてないんで、♡の数気にする人間です。Digital detoxせぇ話です。,neutral
50,x.com,2024,Social Media & Psychological Well-being,hi,"साइबर ठगों ने शेयर ट्रेडिंग के नाम पर की लाखों की ठगी, पुलिस ने धर दबोचा...

#MadhyaPradesh #jabalpur #Cyber #Crime #VistaarNews 
@SumitSharma_28
 @durgeshjou91767",negative
51,x.com,2024,Screen Time & Device Dependency,ja,"12月のやりたいこと
・2024年の振り返り
・2025年の目標決め
・デジタルデトックスの日をつくる
・毎日1つでも筋トレをする
・朝か夜に勉強時間を組み込む",neutral
52,reddit.com,2024,Screen Time & Device Dependency,en,"Any attractive woman willing to take her clothes off on camera might be able to at least get direct screen time with Republicans... but i dunno, the propaganda machine defends itself pretty well.",neutral
53,x.com,2024,Screen Time & Device Dependency,ja,デジタルデトックスしてるだけよ,neutral
54,x.com,2024,Screen Time & Device Dependency,ja,"デジタルデトックス？
そんなのもありだよね

今日干し芋焼きやったよ‼︎
柔らかくなるし、焼けてきたところはカリカリもしてくるし、そのまま食べるより10倍美味しかった
今日は筋トレ後の間食として食べたけど、普段のおつまみとしてもいいなって思ったよ",neutral
55,x.com,2024,Cultural Norms & Digital Etiquette,ja,$CANCEL CULTURE BY ELON MUSK,neutral
56,x.com,2024,Screen Time & Device Dependency,pt,"meu deus chorei muito com a minissérie de senna, inclusive mto bem feita. achei q ficou devendo no romance com galisteu (q eu já vou procurar), mas pelo vi q a família que pediu pra cortar o tempo de tela dela",negative
57,x.com,2024,Screen Time & Device Dependency,ja,"本当に
ほんの少しだけデジタルデトックス出来たよ",neutral
58,x.com,2024,Screen Time & Device Dependency,ja,"デジタルデトックスしましょう。。
心の安寧のために。。",positive
59,x.com,2024,Screen Time & Device Dependency,ja,何ヶ月に1回はデジタルデトックスは必要だと思ってます。,neutral
60,x.com,2024,Screen Time & Device Dependency,ja,"朝から動き回りました！
うちの子はスマホ警察で少し触ると怒られるので、私もデジタルデトックスdayになりました",negative
61,x.com,2024,Screen Time & Device Dependency,ja,"そうそれ！
デジタルデトックス！！！
ありだよね

やってみてくれたんや
美味しいでしょ
気に入ってくれたみたいで良かったわ
干し芋食べたくなってきたから近々
買いに行ってこよ",neutral
62,x.com,2024,Screen Time & Device Dependency,ja,"王子！こんばんは
デジタルデトックス良いですね〜
ゆっくり出来ましたか？

デート？！
これは…
この後のポストに期待です",positive
63,x.com,2024,Screen Time & Device Dependency,ja,Twitterって仕様上、FF内外を問わず常に誰かが真横で見張っているから活字に疲れたらデジタルデトックスしたほうがいいと思う,neutral
64,reddit.com,2024,Cultural Norms & Digital Etiquette,en,"I quit cold turkey one morning and told my ex husband. This was after trying to prove the religion to myself through studying everything. It was rough at first and while we did divorce probably 5 or so years later, he's out now too, which makes it better for the kids. Which ultimately was my goal, to have my children out.

Usually when people first feel they were lied to or want to get other ones out of the religion, it's very emotional at first and frustrating. Like some others said, the breadcrumbs method. Although with my other entire family that's in, it doesn't matter what you say or show as evidence, there's always a parroted response from the governing body goons.",negative
65,x.com,2024,Screen Time & Device Dependency,tr,bu hafta ekran süremi günlük 2.5 saate düşürmeyi planlıyorum,neutral
66,x.com,2024,"Attention, Focus & Cognitive Load",en,"@narendramodi
  @nsitharamanoffc
   india should also tax all US companies in india with similar 100% tax on all products and services they sell within India. Stop IIT and IIM students from moving to US. Stop the brain drain. Warn Indians in US to sell all and move back to India.",negative
67,bsky.app,2024,Screen Time & Device Dependency,ja,意識してデジタルデトックスしてると言うよりは、Xは広告を見るのが嫌で絵を上げるのもAIのこと考えたりとか対策とか、対策して上げたところで間引きされて見られないし、がんばって見てもらおうとすること全部が「めんど」ってなって、そのままSNS、進捗報告、生存報告から全部フェードアウトして、結果割と時間ができてのんびり他のことしたり、漫画描いたりしてて、なんかいい感じになっている。,neutral
68,navbharattimes.indiatimes.com,2024,Social Media & Psychological Well-being,hi,गाजियाबाद: गाजियाबाद में साइबर ठगों ने शालीमार गार्डन साहिबाबाद की रहने वाली सेवानिवृत्त शिक्षिका आशा कपूर (67) को एक दिन तक डिजिटल अरेस्ट करके 35 लाख रुपये ट्रांसफर करा लिए।,negative
69,zeenews.india.com,2024,Screen Time & Device Dependency,hi,"स्पेन सरकार ने फोन एडिक्शन को गंभीरता से लिया है और एक नया नियम बनाया है.  अब स्पेन में बिकने वाले सभी फोन पर एक चेतावनी होगी, जैसे सिगरेट के पैकेट पर होती है.  Smartphone Addiction:",neutral
70,x.com,2024,Screen Time & Device Dependency,ja,ミチさんのデジタルデトックスの旅も気になってるええわね,neutral
71,x.com,2024,Screen Time & Device Dependency,ja,"脳疲労中にて、デジタルデトックスします。
またね",neutral
72,x.com,2024,Screen Time & Device Dependency,ja,デジタルデトックスして出てきたら、田中放出、茂木移籍、今野復帰で頭おかしいなるやろな,neutral
73,reddit.com,2024,Cultural Norms & Digital Etiquette,en,"Wow, I missed that completely. Ador is not filing to show that the contract is terminated, they are filing to show that it is still valid. Semantics matter immensely when it comes to legal matters. 


And now everyone quoting this part of their statement makes all the sense in the world. They really must already have potential investors who are starting to get cold feet because it isn't just Asor filing for contract validity, but now two fo the three major associations/federations of the industry in Korea spoke out against them. 


Does that mean that these groups found out from outside investors what was happening? Is that why MHJ was trying to find an investor that us outside the entertainment/music industry do no one can follow the obvious breadcrumbs, hence why she had chosen Davolink initially?


Okay, maybe a lot of the time we may give MHJ too much credit. But people don't realize that when it comes to narcissists and who are also paranoid, always think five steps ahead even if they are the wrong steps. And woman literally had a while to come up with a game plan. And honestly, even though it was discovered, she is still sticking to it and that is a brand of audacious that I want to aspire to (but use for good and not evil like this).",positive
74,x.com,2024,Screen Time & Device Dependency,ja,流石にウォチパまで持たなそうなので1時間半ほど強制デジタルデトックスってやつ,negative
75,x.com,2024,Cultural Norms & Digital Etiquette,id,"Bisa ga sih yang begini cancel culture
Yang suka mereka tuh ya otaknya sama aje kek mereka",neutral
76,x.com,2024,Screen Time & Device Dependency,ja,"おすすめ欄がアメリカ仕様になってるおかげでトレンド巡回しなくなったからX見る時間が短くなってる。
デジタルデトックスを促してくれてありがとうイーロン。
ニコ動見るわ",positive
77,reddit.com,2024,Group Dynamics & Peer Pressure,en,"Thank you for sharing this newfound empathy and understanding.  Please keep sharing it, especially outside the echo chamber.  

Sincerely, 
An immigration attorney

PS: if you think 47 months is bad, I encourage you to look up the priority dates for family based petitions for beneficiaries from Mexico, India, China and the Philippines.  People from those countries are waiting for their turn in line since the 90s.",positive
78,x.com,2024,Screen Time & Device Dependency,ja,夜までスマホの電源OFFにしてデジタルデトックスしようかな,neutral
79,x.com,2024,Screen Time & Device Dependency,ja,"インターネット環境が危うかったのは知ってましたが、まさかスマホまで断たれていたのですか？！

デジタルデトックスできましたか〜？",positive
80,x.com,2024,Screen Time & Device Dependency,ja,"定期的にネットを使わない時間を作るようにしています。

デジタルデトックスすると心がすっきりしますね。",neutral
81,x.com,2024,Screen Time & Device Dependency,ja,デジタルデトックスしてたんか？,positive
82,x.com,2024,Screen Time & Device Dependency,ja,そうですね！温泉でも行ってデジタルデトックスしたいですね(笑),positive
83,x.com,2024,Screen Time & Device Dependency,ja,"5日間のデジタルデトックス後
『おみそんのかわいちょLIVE』を視聴
白目見てテンション上がったわ",neutral
84,x.com,2024,Screen Time & Device Dependency,ja,お疲れ様です、お元気そうで何よりです！入院中のデジタルデトックスはかなりキツそう…,positive
85,x.com,2024,Screen Time & Device Dependency,ja,スマホ家に忘れて強制デジタルデトックスしてた,negative
86,x.com,2024,Screen Time & Device Dependency,ja,"最近デジタル依存がやばいので、デジタルデトックスにチャレンジします( •̀ᄇ• ́)ﻭ✧
映画とかアニメみながらYouTubeとか開いてるの見てやばいと思いました

更新しないなとか返信遅いなとかあるかもしれませんでお許しを！",neutral
87,bsky.app,2024,Screen Time & Device Dependency,ja,読みたい本もあるし勉強したいこともあるし、今週もやるか、週末デジタルデトックス…！,positive
88,bsky.app,2024,Screen Time & Device Dependency,ja,週末デジタルデトックス、家での映画は解禁したけど、デジタルメディアでの読書は解禁していいか迷う。やはりアナログメディアとしての本が最強…。,neutral
89,x.com,2024,Cultural Norms & Digital Etiquette,id,"Indonesia tu cancel culture nya bener"" tnpa ampun yak
Lu klo salah kecil/gede abis lu smua
boikot, doxing, sampe keluarga kena juga. Bakal dicari tuh smua dosa"" lu dr lahir ampe skarang. Apalagi bnyk haters, goreng teroos!
Minta maaf pun percuma, krn kita tdk knal ampun",negative
90,x.com,2024,Group Dynamics & Peer Pressure,en,"They live in an echo chamber where they think India was a superpower, the Asian Roman Empire before the British",neutral
91,x.com,2024,Screen Time & Device Dependency,ja,"目の健康を守る：スクリーンタイムを減らすためのヒント【デジタルデトックス】 &nbsp;</p>
⇒ https://ameblo.jp/eldr3/entry-12877665976.html… #アメブロ 
@ameba_official
より",neutral
92,x.com,2024,Cultural Norms & Digital Etiquette,id,"Good Netizen, tp emg hrsnya dari awal sih dia gamenjabat. gada ilmunya bisa2nya malah ditunjuk. Alhamdulillah Ya Allah, Semoga semakin byk yg Allah buka Aib para orang dzalim. kita hrs tegas adain cancel culture",positive
93,x.com,2024,Cultural Norms & Digital Etiquette,id,"Tindakan 'cancel culture' atau boikot thdp si Miptah dkk yg ngaku gus-gusan ini harus tetap dilakukan.

Gak pantas mereka dijadikan panutan, apalagi belajar Islam sm orang2 spt itu.

Gak ada manfaatnya, gak akan mencerdaskan umat dan gak akan membawa kebangkitan berpikir apapun!",negative
94,x.com,2024,Cultural Norms & Digital Etiquette,en,Indonesia has entered cancel culture,neutral
95,x.com,2024,Cultural Norms & Digital Etiquette,id,"Tindakan 'cancel culture' atau boikot thdp si Miftah dkk yg ngaku gus-gusan ini harus tetap dilakukan.

Gak pantas mereka dijadikan panutan, apalagi belajar Islam sm orang2 spt itu.

Gak ada manfaatnya, gak akan mencerdaskan umat dan gak akan membawa kebangkitan berpikir apapun !",neutral
96,amarujala.com,2024,Social Media & Psychological Well-being,hi,"'आपके फोन से पोर्नोग्राफी...': साइबर ठग ने एसपी बनकर धमकाया, बरेली की साहसी छात्रा ने दिया करारा जवाब",neutral
97,prabhatkhabar.com,2024,Social Media & Psychological Well-being,hi,असम की हिमंता  बिस्वा  सरमा सरकार ने पूरे राज्य में गौमांस पर बैन लगा दिया है.,neutral
98,x.com,2024,Group Dynamics & Peer Pressure,en,This woman doesn’t have a critical thought. I defended Trump in my comment on Kyle Rittenhouse and she calls me a liberal because I called her cult a cult. They put nation first and weaponize God. They show ZERO tolerance for anyone outside their echo chamber. Thanks for making,positive
99,x.com,2024,Cultural Norms & Digital Etiquette,en,Cancel culture alive and well at Leeds Student Union. Connie Shaw deserves support - brave young woman.,positive
100,x.com,2024,Cultural Norms & Digital Etiquette,ms,"Walaupun mundur tetap cancel culture si miftah, tidak etis seorang pendakwah mempunyai mulut sampah",negative
101,x.com,2024,Cultural Norms & Digital Etiquette,ms,Cancel culture kata gw mah..jangan dibolehin tampil.,negative
102,x.com,2024,Screen Time & Device Dependency,id,"Scale up. Moga2 lagi 2 bulan abam dapat rotate withdraw akaun2 ni jugak.

Target payout $500 p/week dari salah satu akaun. Target yg realistik &amp; kurang stress. Screen time 2 jam 10pm-12am.

RM2000 seminggu pun dah ok sangat utk abam. Utk orang bernafsu kuda, abam tak tahu lah 😅",neutral
103,x.com,2024,Persuasive Design & Algorithm Ethics,fa,"ریان سانگو کیم، یکی از بنیان‌گذاران #Hashed، در کنفرانس #India Blockchain Week به تأثیر اقتصاد توجه بر روی #میمکوین‌ها اشاره کرد. او معتقد است که توجه می‌تواند به عنوان یک ""ارز"" در آینده عمل کند و میم‌کوین‌ها می‌توانند بدون پشتوانه‌های قوی با حمایت افراد مشهور مانند #ایلان ماسک و",neutral
104,x.com,2024,Social Media & Psychological Well-being,hi,"वाराणसी में साइबर ठगों ने नेवी से रिटायर्ड ऑनरी सब-लेफ्टिनेंट अनुज यादव को 22 दिन तक डिजिटल अरेस्ट रखा। कभी पुलिस अफसर, कभी जज और कभी जांच अधिकारी बनकर टॉर्चर किया।

ठग पूर्व चीफ जस्टिस डीवाई चंद्रचूड़ की फोटो वॉट्सऐप DP पर लगाकर कॉल करते थे। मनी लॉन्ड्रिंग केस में फंसाने की धमकी",negative
105,x.com,2024,Social Media & Psychological Well-being,hi,"डिजिटल दुनिया में अपराधों से सुरक्षित रहने के लिए जरूरी है समझदारी। 

कुछ अच्छी आदतें आपको साइबर फ्रॉड से बचा सकती हैं जिनमें से अहम हैं- अनजान लिंक्स को नजरअंदाज करना, फेक कॉल्स पर ध्यान न देना और अपना बैंक पासवर्ड व ओटीपी किसी को न बताना। 

#RajasthanPolice #CyberCrime",neutral
106,x.com,2024,Social Media & Psychological Well-being,hi,"डिजिटल दुनिया में अपराधों से सुरक्षित रहने के लिए जरूरी है समझदारी। 

कुछ अच्छी आदतें आपको साइबर फ्रॉड से बचा सकती हैं जिनमें से अहम हैं- अनजान लिंक्स को नजरअंदाज करना, फेक कॉल्स पर ध्यान न देना और अपना बैंक पासवर्ड व ओटीपी किसी को न बताना। 

#RajasthanPolice
#UdaipurPolice",neutral
107,hindi.news18.com,2024,Social Media & Psychological Well-being,hi,देश और दुनिया में कब और किससे ठगी हो जाए कोई नहीं जानता.  साइबर क्राइम के मामले बढ़ गए हैं.  क्या अनपढ़ और क्या पढ़े लिखे...  कोई भी इन स्कैमर्स की जद में आ सकता है.,neutral
108,x.com,2024,Social Media & Psychological Well-being,hi,"दिल्ली में एक रिटायर्ड इंजीनियर को किया 8 घंटे तक डिजिटल अरेस्ट, साइबर ठगों ने की 10 करोड़ रुपए की ठगी, पढ़ें पूरा मामला 
#CyberFraud #DelhiPolice",neutral
109,x.com,2024,"Attention, Focus & Cognitive Load",id,"Yg ngetwit ini kebijakan bikin brain drain kayaknya terlalu fokus ke orang Belanda sbg ""orang terdidik"" aja, alih-alih ""kelas masyarakat yg menganggap pribumi setara dgn anjing."" Mereka kalo gak diusir ya kita bakal jadi macam Afsel dan Suriname aja, gak untung2 amat.",neutral
110,reddit.com,2024,"Attention, Focus & Cognitive Load",en,"Have always felt discriminated for being general category, most of my friends have left the country due to this nonsense, India is a nation for reserved and the deserved seek what they want elsewhere, hence, brain drain",negative
111,reddit.com,2024,"Attention, Focus & Cognitive Load",en,"Have always felt discriminated for being general category, most of my friends have left the country due to this nonsense, India is a nation for reserved and the deserved seek what they want elsewhere, hence, brain drain",negative
112,x.com,2024,Screen Time & Device Dependency,ja,昨日デジタルデトックスできたのに今日1日で無駄にする愚かさ笑,negative
113,x.com,2024,Cultural Norms & Digital Etiquette,id,"let's normalize ""cancel culture"" mulai dari sekarang, berani pojokin pemerintah/sosmed/stasiun tv/media/brand kalo kerja sama pubfig 'ga mutu'",neutral
114,youtube.com,2024,Cultural Norms & Digital Etiquette,en,Comedian PROVES Cancel Culture LOST. I love Baby it’s Cold Outside. The vocals and the dance between the man and woman is so great. As a kid and now as an adult woman I can say it was one of my favorite if not my favorite Christmas songs,positive
115,x.com,2024,Social Media & Psychological Well-being,hi,"आज कल फ्रॉड का काम थमते नहीं थम रहा है ,आए दिन हम कुछ ना कुछ फ्रॉड के केस सुनते ही रहते है कभी किसी नाम से कभी किसी से कभी साइबर तो कभी ऑनलाइन ठगी ,अभी कुछ देर पहले मुझे भी दिल्ली पुलिस के नाम से डिजिटल अरेस्ट होना था पर मैं भी समझ गया और बच गया ,लेकिन सवाल यह है(2/1)",negative
116,x.com,2024,Cultural Norms & Digital Etiquette,tl,"Cancel culture is alive and well in the Philippines. Sana ina-apply din sa mga pulitikong harap harapan magnakaw sa kaban ng bayan, hindi sa mga artista lang",neutral
117,youtube.com,2024,Group Dynamics & Peer Pressure,en,American in the Philippines now feared authorities say. Clout chasing ends with typical outcome.,negative
118,x.com,2024,Group Dynamics & Peer Pressure,en,"Also I think this is a lesson about how important local promotion is: even massive Internet hype can't break through a country's echo chamber, especially if it's Japan we're talking about (it works in reverse too).",neutral
119,x.com,2024,Group Dynamics & Peer Pressure,en,"Elon is one of the few tech bros without an Asian partner so far. (
@elonmusk
, don’t be a grumpy slacktivist! Go and help Singapore in a more practical manner!)",neutral
120,x.com,2024,Cultural Norms & Digital Etiquette,id,"Kekuatan netizen mantap, mundur juga dia akhirnya, dan sekarang sudah saatnya cancel culture berlaku buat dia, biarin aja ini orang diturunkan, dijatuhkan, derajatnya karena tabiatnya ini orang yang sudah jelek",negative
121,reddit.com,2024,Screen Time & Device Dependency,en,"I still can't believe Faith got out her phone to record this.  It's hard to not see it as a play on her part to get screen time. 

Thanks for bringing it back! Jax is such a moron, and no self respecting woman would listen to that and decide that, ""YUP! Ima get mayd but he's gunna marry me and I ain't lettin him go!""",positive
122,aajtak.in,2024,Social Media & Psychological Well-being,hi,"Feedback  अमेरिका में चीनी हैकर ग्रुप Salt Typhoon ने बड़ी चोरी की है.  इस ग्रुप ने लोगों के फोन कॉल्स का मेटा डेटा चुराया है.  यानी किसने, किससे, कब और कहां बात की है, ये सारा डेटा उनके हाथ लग गया है.",neutral
123,aajtak.in,2024,Social Media & Psychological Well-being,hi,Feedback  लखनऊ में दो एनआरआई बहनों को मुंबई क्राइम ब्रांच का ऑफिसर बनकर साइबर ठगों ने ऑनलाइन गिरफ्तार कर लिया.  दो बहनों से 1 करोड़ 90 लाख रुपये अपने खाताें में ट्रांसफर करा लिए.,negative
124,x.com,2024,Screen Time & Device Dependency,ja,デジタルデトックスっていいかもと思って実際やってみたけれど片手間暇つぶしにやってるSNSならまだしもその日その時、思考や心のひだを記し、つまり自己と深く結びついていて格別真剣なSNSだとこれはデトックスというよりも緩やかな自死に近いなという感想。酒飲んでぼやけてた方がいい多分。,neutral
125,x.com,2024,Screen Time & Device Dependency,ja,1日 #撮影 に行くと、往復の車の運転、後片付け、溜まったメール等の処理、データや経費の整理、そして何より全力を尽くした疲労で、平常運転に戻すには丸2日以上かかってしまう。わざわざデジタルデトックスなんて要らない。全集中する為、自然と #デジタルデトックス になる。撮影はデジタルだけど,neutral
126,x.com,2024,Screen Time & Device Dependency,id,"Bu Lufi tercinta aja praised me. Kok tpi masih ada org lain yg masih ga nganggep aku exist. Dari video profile yg gak dikasi screen time (padahal yg lain dapet), smpe gak di rekom blass di podcast, padahal prestasi yg lain invited. -",neutral
127,x.com,2024,"Attention, Focus & Cognitive Load",en,...countries like China took advantage of the U.S. labor &amp; brain drain (the latter achieved through defunding &amp; dismantling public education) to build their own economies &amp; manufacturing systems.  You had no problem w/ this so long as U.S. corporations could benefit.,neutral
128,x.com,2024,Group Dynamics & Peer Pressure,en,"Again I repeat, Bangladesh is not China! I know your echo chambers keeps you hyped up, but reality is not that difficult to comprehend!",negative
129,x.com,2024,Cultural Norms & Digital Etiquette,fr,"Pourquoi les producteurs choisissent  pour des choix politiques un acteur noir plutôt qu'un asiatique, jamais d'asiatique ne sont choisis, c'est du racisme mais qui est toléré par les "" anti racistes"" 
Pour interpréter un blanc 
Un racisme anti blanc 
Au nom de la cancel culture",negative
130,x.com,2024,Screen Time & Device Dependency,ja,"デトックス日記

スマホ断ち｜２日目
お菓子断ち｜６日目
ジュース断ち｜６日目
コンビニ断ち｜６日目
自販機断ち｜５日目
禁欲 ｜１日目
※スマホ断ちはスクリーンタイム1.5h以下",neutral
131,x.com,2024,Screen Time & Device Dependency,ja,デジタルデトックス,neutral
132,x.com,2024,Cultural Norms & Digital Etiquette,id,"Yuk lanjut tenggelam kan,sepikan acara nya,g usah puja puji kerang ajaib lg.
Jd kan dia sperti miftah manusia biasa,no gus gus an
Cancel culture y?",neutral
133,x.com,2024,Screen Time & Device Dependency,ja,スマホ家に忘れて今日はデジタルデトックス,neutral
134,x.com,2024,Cultural Norms & Digital Etiquette,id,Cancel culture orang2 yang gabisa menempatkan diri mau setinggi apapun jabatan dan “gelar keluarga”nya,neutral
135,x.com,2024,Screen Time & Device Dependency,ja,"デジタルデトックス期間中だけど、これを逃すわけにはいかない
ヴィヴィたんのリアクション楽しみだぜ…(*´-`)

#ヴィヴィライブ

【ホロライブの伝統】コマンドー同時視聴！【完全初見】 #hololiveDEV_IS #FLOWGLOW https://youtube.com/live/gpz3aKt0D2Y?si=WDrpAKJQVS_MJmzf… 
@YouTube
より",positive
136,x.com,2024,Cultural Norms & Digital Etiquette,id,"Acara pengajian november, desember viral & akhirnya dia mengundurkan diri. Bayangin kalo ga viral bakal semakin jadi apa dia? Sudah saatnya negara kita terapin cancel culture karena kalo bukan dari power netizen ya kita gabisa andelin negara & para pejabatannya ini. Useless semua",negative
137,x.com,2024,Screen Time & Device Dependency,ja,退屈をスマホで埋める作業を辞めたい。いつでも繋がれるというのは不自由だ。だから、明後日はスマホを完全にシャットダウンしてみることを試みる。デジタルデトックスというやつだ。オンしちゃいそうだけどなー。,negative
138,x.com,2024,Screen Time & Device Dependency,ja,"デジタルデトックスを私がしてたのもあって全然でしたね
今絶賛降ってます！ざくざく降ってます、雪かきの季節です",neutral
139,x.com,2024,Screen Time & Device Dependency,ja,"たけるさん
本当にその通りですね！スマホ中毒は大切な資産を削ってしまいます意識してデジタルデトックスを取り入れたいです",positive
140,aajtak.in,2024,Social Media & Psychological Well-being,hi,"Feedback  मुंबई में 54 साल के पीड़ित के पास एक शख्स ने कॉल किया, जिसने खुद को दिल्ली का कस्टम अधिकारी बताया.  उसने पीड़ित को बताया कि उसका एक पार्सल जब्त कर लिया गया है और उसमें ड्रग्स मिले हैं.",negative
141,x.com,2024,Cultural Norms & Digital Etiquette,id,yuk bisa yuk kita usahakan cancel culture total untuk orang-orang seperti ini,neutral
142,x.com,2024,Screen Time & Device Dependency,ja,"祖父母の家たまに帰りたくなるけど本当にめちゃくちゃ自然豊かな田舎すぎて本当に何もすることなくて寝るだけになるから帰るの戸惑う
ただほんとうに自然豊かだからなぁ
デジタルデトックスとかしたい
色々メンタルキャパきてるから",neutral
143,hindi.webdunia.com,2024,Social Media & Psychological Well-being,hi,"कभी नहीं होंगे साइबर फ्रॉड के शिकार, बस करना होगा ये काम  Cyber Security Tips  Cyber Security Tips:",neutral
144,x.com,2024,Screen Time & Device Dependency,ja,"一昨日、月一クリニック廻り後、年一マンモグラフィ&超音波検査でOKが出てほっとしつつ孫のお迎えに

帰宅してから気分が悪くなり意識混濁発熱で、意図しないデジタルデトックス状態となりました…
コロナとインフルは陰性、マイコプラズマは検査反応が弱いとかでよくわからず",negative
145,x.com,2024,Screen Time & Device Dependency,ja,"#デジタルデトックス
おつかれさまです金曜日。
今週もがんばりました！

このあとスマホOFFして、２回目のデジタルデトックスします。今回は36時間。日曜日の朝７時まで。

柔術したり本読んだりおうち片付けたり散歩したりして、楽しく過ごそう
みなさんも良い週末を",positive
146,youtube.com,2024,Screen Time & Device Dependency,en,"BANNED Kids from Social. as an under 16 Australian i can see-through the facade that this is. This is not about ""saftey"" phub is exempt, this is about surveillance, this is about tracking the Australian people and forcing us to comply with things like digital id. This is dangerous and people need to realise that. This will lead to social credit systems like what China has and this also leads to wards a dictatorship. Many people don't realise this but Albanese is attempting to get through many bills that give the government more power than it should ever have. When the government has too much power, this sercures the current government's power which leads to dictators. Another thing, is that it is up to the parents to monitor their kids, not the government.",negative
147,x.com,2024,Cultural Norms & Digital Etiquette,id,"Walaupun gak patut kita kata-katain dan judge dia macem2 kayak yg dia lakukan, tp pls normalize cancel culture untuk org kayak gini dong... kenapa malah dihype sih kan masih banyak org lain yg lebih berilmu dan adabnya baik. Contoh gak baik untuk masyarakat.",positive
148,x.com,2024,Cultural Norms & Digital Etiquette,id,"Iya mundur aja udh paling bnr biar bs lbh "" bebas berkespresi "" tanpa hrs mempermalukan instansi² tertentu. Toh msh bs diundang sana sini dgn budget fantastis, msh bs lah kan di Indonesia Cancel Culture nya msh kalem",neutral
149,x.com,2024,Screen Time & Device Dependency,ja,"ストレス解消や睡眠改善に効果的
「ブックセラピー」を知っていますか？
デジタルデトックスにもおすすめ！
今日から10分だけ本を読む習慣を始めてみませんか？
心も体もリラックスできる時間を手に入れましょう
#HENPS #心と体の健康 #読書のすすめ",positive
150,x.com,2024,Screen Time & Device Dependency,ja,"スマホを忘れて強制的にデジタルデトックスされてました…
ミポリン嘘やろ…",negative
151,x.com,2024,Screen Time & Device Dependency,ja,自分もデジタルデトックス期間作らなきゃ……,neutral
152,x.com,2024,Screen Time & Device Dependency,ja,デジタルデトックスと言いつつ完全に絶ってたわけじゃないとはいえ、ここ数日の情報量の多いこと多いこと,neutral
153,x.com,2024,Screen Time & Device Dependency,ja,"日曜夜から本日16時頃まで強制デジタルデトックスでした。ひろゆきのライブアーカイブか、岡田斗司夫まとめを聴きながら寝る人間なので、期間中夜寝れねえ！と発狂しそうでした
シャバの空気うめえ",negative
154,x.com,2024,Screen Time & Device Dependency,ja,"ねむちゃん「ねむがデジタルデトックスしててさみしいって言ってくれて嬉しかったの〜」
は？！！！？！かわいいが？！？！さみしいだろツイ廃であれ",positive
155,x.com,2024,Screen Time & Device Dependency,ja,"大分ですね！！

たまにはデジタルデトックスしてください笑",positive
156,x.com,2024,Screen Time & Device Dependency,ja,デジタルデトックス(できない)の会,neutral
157,x.com,2024,Screen Time & Device Dependency,ja,"【お知らせ】
今夜0時から96時間の間、デジタルデトックスを兼ねてXとブルースカイの浮上を停止します。
連絡つきませんので悪しからず
ではまた水曜日にお会いしましょう",neutral
158,x.com,2024,Screen Time & Device Dependency,ja,デジタルデトックスしすぎてｴｪｰｯｸｽわかんなくなっちゃった、,positive
159,x.com,2024,Screen Time & Device Dependency,ja,ちょっと週末はデジタルデトックスしないとまずそうなので唐突に近隣ホテル探してみる,neutral
160,x.com,2024,"Attention, Focus & Cognitive Load",en,"The concept of ""brain drain"" in Pakistan is often oversimplified. While skilled professionals have sought opportunities abroad, the emigration rate here is lower compared to countries like India, where the outflow of talent is far more pronounced.",negative
161,x.com,2024,Social Media & Psychological Well-being,ja,テクノロジー犯罪はそもそも、サイバーストーカー犯罪とも言う,negative
162,hindi.asianetnews.com,2024,Social Media & Psychological Well-being,hi,मुंबई के ठाणे के एक व्यक्ति से साइबर ठगों ने कस्टम और सीबीआई अधिकारी बनकर 59 लाख रुपये ठग लिए।  जानिए कैसे यह घटना घटी और पुलिस ने इस पर क्या कार्रवाई की।,negative
163,navbharattimes.indiatimes.com,2024,Social Media & Psychological Well-being,hi,AI Scam के बारे में तो आपने सुना होगा।  अब इसको लेकर हर कोई चिंतित है।  यही वजह है कि अमेरिका की इंटेलिजेंस और इंवेस्टिगेशन एजेंसी FBI भी ऐसे स्कैम से चिंतित है।  FBI की तरफ से यूजर्स को हिदायत दी गई है।,neutral
164,hindi.latestly.com,2024,Social Media & Psychological Well-being,hi,देश की खबरें | महाराष्ट्र: सीमा शुल्क और सीबीआई के फर्जी अधिकारी बनकर साइबर ठगों ने व्यक्ति से 59 लाख रुपये ठगे,neutral
165,x.com,2024,Screen Time & Device Dependency,ja,5年以上ぶりくらいで、出勤の時にあいぽんをお留守番させてしまいましたが、デジタルデトックスってこんな感じか！！なかなかええやん！！って思いました！！！目に優しい,neutral
166,x.com,2024,Group Dynamics & Peer Pressure,en,You guys know when your panty is all positioned weird after a fast bathroom break right? and you have to adjust it so it's not that uncomfortable. RIGHT? You know we woman go through these things! Stop clout chasing!,negative
167,x.com,2024,Social Media & Psychological Well-being,ja,"高校受験面接の実践練習に　面接官役は元高校校長　12月15日に上毛新聞社
https://jomo-news.co.jp/articles/-/575552…
#gunma #群馬 #上毛新聞 #PR",neutral
168,krone.at,2024,Cultural Norms & Digital Etiquette,de,"Die Formel 1 hält längerfristig am Austragungsort Shanghai fest.  Der Vertrag mit dem Ausrichter des Grand Prix von China ist um weitere fünf Jahre bis 2030 verlängert worden.  Wegen der Corona-Pandemie fielen zuletzt mehrere Rennen in China aus, heuer war die Königsklasse aber auf den Kurs zurückgekehrt.  Willkommen in unserer Community!  Eingehende Beiträge werden geprüft und anschließend veröffentlicht.  Bitte achten Sie auf Einhaltung unserer Netiquette und AGB .  Für ausführliche Diskussionen steht Ihnen ebenso das krone.at-Forum zur Verfügung.  Hier können Sie das Community-Team via unserer Melde- und Abhilfestelle kontaktieren.",neutral
169,x.com,2024,"Attention, Focus & Cognitive Load",en,"#western nations have never given any thing in #equal to people of #MiddleEast or  #WEST-Asians or Even Indian sub continent - They are always there for Trade of #Crudeoil, brain drain or setting up #weapons factories.

Everything is a #Deal, business as usual.
just wars & profit",neutral
170,bsky.app,2024,Group Dynamics & Peer Pressure,en,Fr ! Leeches everywhere! I rather Yibo took photo with that Korean actress not the Thai actress. She just clout chasing and bet she be bragging to her friend Mai how she nailed selfie with Yibo and Mai with 🥔,neutral
171,x.com,2024,Screen Time & Device Dependency,ja,最近戦いまくりだったしデジタルデトックスで早寝しようかと思ったけどペルペル族....,neutral
172,x.com,2024,Screen Time & Device Dependency,ja,"今日はデジタルデトックスしてた

目と頭を休ませることも大事。

ホテルステイだいすき",neutral
173,x.com,2024,Social Media & Psychological Well-being,hi,"नर्स ने समझदारी से टाला डिजिटल फ्रॉड, तो आरोपी ने दे दिया साइबर ठग बनने का ऑफर

#Saharanpur #SaharanpurNews #UttarPradesh #Digitalarrest #CyberCrime #OnlineScam #BiggBoss18 #UPNews 

READ: https://chauthakhambha.com/news/the-thug-who-failed-in-digital-arrest-offered-to-teach-cyber-crime/…",negative
174,x.com,2024,Cultural Norms & Digital Etiquette,ko,"가비지타임 갑타 회지 판매 양도

전부 원가 이하로 양도합니다
!!!<붙어있는 회지는 성인인증 필수!!!

디엠보다 옾챗이 확인 더 빨라요
http://open.kakao.com/o/so1HtWyf

빵준 상뱅 종뱅",neutral
175,x.com,2024,Screen Time & Device Dependency,ja,"デジタルデトックスってさ…
ずっとかな…Xさみしいよね…
とか呟いてみた",negative
176,x.com,2024,Screen Time & Device Dependency,ja,デジタルデトックスだ！毒を流せ！！浄化された身体に濃縮した毒を流し込め！！！,negative
177,x.com,2024,"Attention, Focus & Cognitive Load",th,ชื่อตอน Split Personality and Brain Drain,neutral
178,x.com,2024,Screen Time & Device Dependency,ja,SNS運用、配信者というかタレント全般の重要なツールであることは間違いないけど、プライベートと仕事の切り分けができないのって馬鹿にならないストレスだと思うので機会損失を加味しても長い目で見たら強制デジタルデトックスさせられるならやったほうがいいとは思うが、突っ込みたくなるのもわかる,neutral
179,x.com,2024,Screen Time & Device Dependency,ja,ちょっとTwitterに来なかったらお友達がLINEくれました（照れ）そりゃ〜出会って5年の間にデジタルデトックス期・アカウント移行期以外で数日空けることなんてなかったツイ廃だもんな（照れ）（照れるな）,neutral
180,x.com,2024,Screen Time & Device Dependency,ja,しばらく強制デジタルデトックスするのでさようなら(ヾ(´・ω・｀),neutral
181,x.com,2024,Screen Time & Device Dependency,en,"Jimmy O. Yang Of ‘Silicon Valley’: Asians Who Aren''t Hunks Need Screen Time, Too!. What are you going to tell me? Don’t represent m",neutral
182,x.com,2024,Cultural Norms & Digital Etiquette,id,ngundurin diri dari jabatan mah cuman ngurangin uang jajannya doang. harus di cancel culture juga gaboleh ceramah,neutral
183,x.com,2024,Screen Time & Device Dependency,ja,"スマホを家に置いてくとそれなりにデジタルデトックスできるけどどうやら世間がスマホを手放させてくれないようです
いっぱい迷惑かけてしもて…",positive
184,x.com,2024,Screen Time & Device Dependency,ja,おとといの件が本当に恥で、不定期に思い出してデカい声出したくなってる  いい機会だしデジタルデトックスくんになろうかな,positive
185,x.com,2024,Screen Time & Device Dependency,ja,"デジタルデトックスの４日でしたね
中国・韓国では入院治療もあるようです",neutral
186,x.com,2024,Screen Time & Device Dependency,ja,デジタルデトックス終了,neutral
187,bsky.app,2024,Social Media & Psychological Well-being,ja,《鍋料理》 #群馬県産 食材で体と心、温か\u3000《生活情報ページJOMOtto（じょもっと）》 | 上毛新聞社のニュースサイト - www.jomo-news.co.jp/articles/-/5...,positive
188,bsky.app,2024,"Attention, Focus & Cognitive Load",en,"Brain drain meaning no one coming to the US to study (then stay) anymore, including scientific talent to China.",neutral
189,banten.tribunnews.com,2024,Social Media & Psychological Well-being,id,"Simak Kelas 12 Halaman 133 .  Kunci jawaban Kelas 12 Halaman 133 membahas bagian ""Ayo Berlatih, grafis simpulan bacaan tentang perundungan"".  Kunci Jawaban Bahasa Indonesia Kelas 12 Halaman 133  Kurikulum Merdeka terdapat pada Buku Cerdas Cergas Berbahasa dan Bersastra Indonesia Kelas 12 Kurikulum Merdeka Semester 1 untuk SMA/SMK/MA,  Bab 4 Menyampaikan Opini tentang Perundungan.  Artikel berikut akan menjelaskan Kelas 12 Halaman 133 , soal Ayo Berlatih, grafis simpulan bacaan tentang perundungan.  Kunci jawaban Kelas 12 Halaman 133  Semester 1 ini dapat ditujukan kepada orang tua atau wali untuk mengoreksi hasil belajar.  Carilah beberapa bahan bacaan tentang perundungan.  Buatlah simpulan dari bahan bacaan tersebut dan sajikan dalam bentuk grafis.",neutral
190,bhaskar.com,2024,Social Media & Psychological Well-being,hi,अलवर से करीब 1 हजार किलोमीटर दूर  छत्तीसगढ़ के बिलासपुर में 71 साल के रिटायर अधिकारी को डिजिटल अरेस्ट कर 54 लाख रुपए की ठगी की है।,neutral
191,x.com,2024,Cultural Norms & Digital Etiquette,id,cancel culture dan sanksi sosialnya kuat banget,neutral
192,variety.com,2024,Social Media & Psychological Well-being,en,"Off the heels of the major global success of Jon M. Chu’s “ Wicked ,” Cynthia Erivo is already thinking of what comes next, including perhaps stepping behind the camera. Speaking at the Red Sea Film Festival , the Oscar-nominated actor brought up Barbra Streisand as one of her great inspirations both as a singer and actor, adding that she “loved that Barbra was able to transform her career by not just being an actress but a director, which I am leaning towards.” Asked about the constant attacks co-lead Ariana Grande receives online, the actor said “cyberbullying is quite dangerous” and that it is “easy to be behind the computer typing words about a person you don’t know anything about.” Her course of action is to “be the counterpoint” to harmful narratives: “Be the person who tells the positive. What a person who has never met you thinks is never more important than what you think of yourself.” Erivo gushed about her experience of making “Wicked,” highlighting that to have “a dream come true is very special, but to know you had a dream come true with people you love is extra special.” When asked about portraying Elphaba as a Black woman, the actor mentioned she “asked for the braids and the nails” of her character and that she “wanted to imbue this character with the person underneath and the proudness I feel about being a Black woman.” “The green stands for every person who feels othered,” she continued. “There is a layer of who I am underneath and Black women walk into...",positive
193,x.com,2024,Screen Time & Device Dependency,ja,デジタルデトックスなぁー,neutral
194,reddit.com,2024,Screen Time & Device Dependency,en,"Hudson vs top left. (idk why but I get the feeling that guy hates ansan so they have to fight) 

Zack vs bottom left. (the silluete reminds me of the monk when he was young lol, maybe an former deciple or something) 

Vin and Vasco vs Top right. (Praying the kwak brother come back and fight them tho😔) (also, Vin and Vasco have gotten more screen time together so I feel like they'll have some duo action) 

Jay vs bottom right. (idk) 

Daniel vs Jirang / everyone else joins in against jinrang.",negative
195,x.com,2024,Cultural Norms & Digital Etiquette,id,"Indonesia harus punya cancel culture kayak gini,Disini org problematika malah cuannya makin ngalir,hidup enak",neutral
196,x.com,2024,Social Media & Psychological Well-being,en,"Cynthia Erivo on ‘Wicked’ Success, Special Bond With Ariana
Grande, and Why Green Stands for “Every Person Who Feels
Othered” 
The star told the Red Sea Film Fest she wanted to ""imbue"" Elphaba with her experience as a Black woman, decried cyberbullying and mentioned directing a…",neutral
197,x.com,2024,Screen Time & Device Dependency,ja,"明日､明後日は浮上しないようにするわ
理由はちょっとTwitterに依存しすぎてるから
まぁ昔は2〜3日浮上しなかったこともあるし
擬似的なデジタルデトックスかな？多分？
そんじゃ理解よろ",neutral
198,youtube.com,2024,Screen Time & Device Dependency,en,"really iPhone Challenge. Yep, pretty sure I'll stick to iOS and my e-transit pass being iOS only in Japan. I don't really need or care about the customization Android offers. I'm a simple person, my screen time is barely 15 minutes a week and I use my phone primarily to make phone calls/answer email/slack messages. To each their own I guess.",neutral
199,x.com,2024,Screen Time & Device Dependency,ja,"定期的にパソコンを使わない時間を作るようにしています。

デジタルデトックスするとリラックスできますね。",neutral
200,x.com,2024,Cultural Norms & Digital Etiquette,id,Mari normalisasikan cancel culture untuk pejabat tidak bertanggung jawab.,neutral
201,x.com,2024,Screen Time & Device Dependency,ja,"私、この仕事が終わったらちみちゃんと遊ぶんだ…ってやつ
現代人に必要な時間だね…デジタルデトックスもきっと必要なんだ……(できるとは思えない)",neutral
202,x.com,2024,Screen Time & Device Dependency,ja,デジタルデトックスする,neutral
203,x.com,2024,Screen Time & Device Dependency,ja,"相方を説得できたのでiPhone買い替えました
16になったのでREALITYする時だいぶ処理が軽くなるはず…

ちなみにデータ移行のために強制デジタルデトックスを1時間くらいました",neutral
204,x.com,2024,Screen Time & Device Dependency,ja,体調不良で2、3日まともにSNSをチェックできずにいたことを、「良い感じにデジタルデトックスできたわ〜」ってプラスに捉えてたけど、話題には乗り遅れるし、最新のエンタメには疎くなるしでやっぱり良いことないや…って思い直し、取り戻すかのようにずっとインスタとXを交互に開いている。,neutral
205,reddit.com,2024,Cultural Norms & Digital Etiquette,en,Philippines is the capital of hypocrisy so cancel culture here is fucking shit,negative
206,x.com,2024,Screen Time & Device Dependency,ja,自販機で飲み物を買うにも現金が使えないような時代に真の意味でのデジタルデトックスは可能なのか,positive
207,x.com,2024,Screen Time & Device Dependency,ja,ツイッターを触らない程度でデジタルデトックスとか言う人、浅すぎる,neutral
208,reddit.com,2024,Cultural Norms & Digital Etiquette,en,"Yea its because of the stupid cancel culture.  Maybe this is what was always going to happen when we give everyone a platform.

Also those that are saying shit about kroos because of what he said about Saudi and doing ads for uae... lol they are different countries yall racist for thinking they are the same lol",negative
209,x.com,2024,Cultural Norms & Digital Etiquette,id,"ini lebih ke tau diri sih dianya, ga sehebat itu kok cancel culture di negara ini. tinggal tebelin muka aja bakal cape kok yg cancel",negative
210,x.com,2024,Screen Time & Device Dependency,ja,"土日祝はデジタルデトックス
明日は大阪開催の神木隆之介さんのトークイベント！
特賞は2ショットチェキ…当たると緊張でトークの内容が入ってこないから当たりたくない…でもやっぱりチェキ撮りたいという複雑な心境
前回みたいに帰りに見送ってくれたらそれだけで満たされます…
#神木隆之介",neutral
211,x.com,2024,Screen Time & Device Dependency,ja,"デジタルデトックスと自然に触れること
⇒ https://ameblo.jp/hs-porepore/entry-12877702332.html… #ヒーリングセンターぽれぽれ",neutral
212,x.com,2024,Social Media & Psychological Well-being,hi,"## साइबर अपराध से सुरक्षित रहें: साइबर अवेयरनेस वेलफेयर सोसाइटी

आज के डिजिटल युग में, इंटरनेट और तकनीक हमारे जीवन का अभिन्न अंग बन गए हैं।  लेकिन इसी तकनीक के साथ साइबर अपराध का खतरा भी बढ़ गया है।  साइबर अवेयरनेस वेलफेयर सोसाइटी की तरफ से, हम आपको साइबर अपराध से सुरक्षित रहने",neutral
213,bsky.app,2024,Screen Time & Device Dependency,ja,ﾁｭｲｯﾀｰ離れただけでこれがデジタルデトックスか...と思ったくらいにはあそこ情報が滝,neutral
214,x.com,2024,Cultural Norms & Digital Etiquette,id,"Iyaa iih, sebel bangeet sama yang ngaku habib iniii  Di instagram si zaidan yahya nih masih kek superior bangeet, mana kesannya ngeremehin netizen. Ayoo netizen cancel culture jugaa dia!",neutral
215,x.com,2024,Social Media & Psychological Well-being,hi,"डिजिटल अरेस्ट में नाकाम रहा तो पीड़िता को दिया साइबर ठग बनने का ऑफर, बोला-मैं सब सिखा दूंगा",neutral
216,x.com,2024,Cultural Norms & Digital Etiquette,tr,şu şekil cancel culture sahibi olacaksın,neutral
217,x.com,2024,Persuasive Design & Algorithm Ethics,en,"At India Blockchain Week, Hashed co-founder Ryan Sungho Kim discussed how the attention economy drives memecoin popularity.  Are memes the new crypto gold? #Crypto #Memecoins #Blockchain #AttentionEconomy",neutral
218,bhaskar.com,2024,Social Media & Psychological Well-being,hi,बक्सर के पुराना भोजपुर के एक कपड़ा  दुकान में फोन-पे के क्लोन ऐप से 2500 रुपए का फर्जी ट्रांजैक्शन कर ठगी का मामला सामने आया है।,neutral
219,x.com,2024,Screen Time & Device Dependency,ja,"デジタルデトックスしよ笑
 #あいみょんANNG",neutral
220,x.com,2024,Digital Presence & Identity Management,id,"berusaha lanjutin hidupnya dengan baik. tetep lanjutin aktivitasnya kayak biasa, masih bisa ketawa dan bercanda sama temen2nya, mandi, makan dengan baik, tapi orang di sekitarnya tau kalo semua yang dia lakuin sekarang itu lebih ke toxic positivity",neutral
221,x.com,2024,Screen Time & Device Dependency,ja,"やっぱり自分は、デジタルに依存しちゃってるなー

紙の本を読んでると、すごく清々しい気分

なんだかんだ、スマホを手に取っちゃうんですけどね

#IT #エンジニア 
#デジタルデトックス",neutral
222,newsbytesapp.com,2024,Social Media & Psychological Well-being,en,"Cynthia Erivo, the acclaimed actor of Universal's Wicked: Part One , has come out in defense of her co-star Ariana Grande against online harassment. At the Red Sea Film Festival in Saudi Arabia, Erivo spoke about the dangers of cyberbullying and the importance of countering negative narratives with positivity. ""I think cyberbullying is quite dangerous to be honest because it's easy to be behind the computer and type words about a person you don't know anything about,"" she said. Erivo's advice on dealing with online harassment Erivo also offered advice on how to deal with online harassment, saying that the best way to support someone going through it is to be a counterpoint to whatever negativity they're facing. ""Be the voice that is positive,"" she advised. Her comments came in response to a question about Grande's past experiences with online bullying. 'Wicked: Part One' success and Erivo's future ambitions Erivo also spoke about the surprise success of Wicked: Part One , which has grossed over $400 million since its November 22 release. She credited the film's success to the bond she and Grande forged before filming. ""We decided that we were going to make sure we protected each other, that we were kind to one another,"" she said. The actor also hopes to go behind the camera someday, inspired by Barbra Streisand's journey from actor to director. Erivo's portrayal of Elphaba and challenges faced When asked about her portrayal of Elphaba as a Black woman, Erivo revealed that...",neutral
223,x.com,2024,Social Media & Psychological Well-being,hi,"पुलिस अधीक्षक के निर्देशन में दिनांक 05/12/24 थाना क्षेत्र मेंनशा मुक्ति व साइबर सुरक्षा जागरूकता हेतु किए कार्यक्रम 
युवाओं को नशे के दुष्प्रभावों से कराया अवगत
आमजन को साइबर अपराध व बचने के उपाय बताए 
कार्यक्रमों में डिजिटल अरेस्ट एक धोखा है के संबंध में जानकारी दी गई।",negative
224,reddit.com,2024,Group Dynamics & Peer Pressure,en,"Today, I decided to✍️ start writing—not just for others but for myself. I’m a woman nearing 30, married, working, and caught somewhere between dreams and distractions. Procrastination has been my unwanted companion lately, but maybe this space will help me find clarity in the chaos.

I’ll write about my thoughts, daily activities, and the randomness of life—both mundane and meaningful. If you’re reading this, welcome to my little echo chamber. Let’s see where this journey takes me.😊",positive
225,x.com,2024,Screen Time & Device Dependency,ja,"明日は7-21時業務なので0時までデジタルデトックスします！
リアルタイム応援はみんなに託します
#ベガルタ仙台",neutral
226,x.com,2024,Screen Time & Device Dependency,ja,"遠征期間はフルに予定を詰め込む

株価を見る余裕もなくなり、結果的にデジタルデトックスにもなる

今晩の基準価格更新前にマネーフォワードを回したら1.1を超えてた

雇用統計後は円高と投信の基準価格更新であっけなく転落。週明けはクレカの支払いでさらに下落",neutral
227,x.com,2024,Screen Time & Device Dependency,ja,"将也くんこんばんはー！
デジタルデトックス！！笑
私もこの間スマホ急遽変えないといけなくなって変えたばっかり
ないと無理３日もなしで生活してた将也くんすごい！！
ママにお手紙送ってあげて",positive
228,x.com,2024,Cultural Norms & Digital Etiquette,en,"Someone needs to be accountable for the lies. Cancel Culture is alive and well in Chinada. Best alternative/reality/common sense right now is 
@PierrePoilievre
Vote accordingly.",positive
229,x.com,2024,Screen Time & Device Dependency,ja,寺西くんデジタルデトックスしてたぐらいかなたぶん,neutral
230,reddit.com,2024,Group Dynamics & Peer Pressure,en,"Why the fuck aren't Russian, and Iranian ISPs globally blocked? 

Seriously. We all know they do it. Silence the fucking echo chambers 4 years ago after the election and there wouldn't be a Trump presidency looming.",negative
231,x.com,2024,Cultural Norms & Digital Etiquette,id,Tapi ada satu lagi di goblok anaknya si m yang masih hidup di sana gue harap secepatnya juga kena cancel culture  mudah mudahan dia secepatnya juga buat masalah atau kontroversi biar di bully satu negara? eits..... tapi sebenarnya sudah sih kemaren itu tapi nggak mempan,negative
232,x.com,2024,Screen Time & Device Dependency,ja,"それはわかる
玉木さんには大歩危渓谷でデジタルデトックスと修行をしてもらいましょう",neutral
233,x.com,2024,Screen Time & Device Dependency,ja,前よりはマシやけどまだまだ咳出るし夜中も飛び起きる日々でデジタルデトックスしつつそれ以外はひたすら仕事してたけどメタル聞いて目に光が宿ったのを感じるやはりメタルは病に効く双方リスペクト感じて熱い,neutral
234,reddit.com,2024,Screen Time & Device Dependency,en,"Need more old anime recommendation where the environment gets enough screen time. For example: 

* City hunter
* Trigun
* Samurai Champloo
* Akira
* Golden boy

Genre: Action, Adventure, Funny and Slice of life. No Romance though",neutral
235,x.com,2024,Cultural Norms & Digital Etiquette,id,"Cancel culture yg berhasil itu kalo pengajian yg ngundang dia sepi dan dia udah gak dianggap jadi dai lagi. Kalo cuma dihujat netizen lalu dia keluar dari jabatan yang gak penting2 amat ini ya ngapain, toh orang2 kabupaten masih pada dateng ke acaranya dia.",neutral
236,x.com,2024,Screen Time & Device Dependency,en,"NO!  Cuban is exactly the type of self-serving, arrogant twit who would sell his own children for screen-time and recognition.  We have way too many of his type in D.C. already.  He, and they, would sell the entire country to North Korea for a Clark Bar and a chance to be on TV.",negative
237,hi.investing.com,2024,Social Media & Psychological Well-being,hi,"ग्वालियर में साइबर ठगी से बचे मलेरिया अफसर, आप भी रहें सतर्क",neutral
238,reddit.com,2024,Screen Time & Device Dependency,en,"Natsu spends all his time with Lucy. Even when he was still sick from the etherion he ate he said he was going home and him and happy went to Lucy’s. Mashima has always said they have a sibling like relationship and as an older sister I think he reflects it well. I would do anything for my brothers as they would for me. I mean I understand that you like them together but that’s what fanfiction is for. If you are holding out for canon when Erza loves only Jellal romantically then I fear you will be greatly disappointed.

Also Alzack and Bisca aren’t forced. Mashima showed they liked each other. They just don’t have the screen time as others have that’s all.",neutral
239,reddit.com,2024,Cultural Norms & Digital Etiquette,en,"Whatever ""privilege"" we supposedly have is breadcrumbs. Asians will always be treated as the perpetual foreigner and we're not even regarded as minorities in the US. We can get victimized in crime and it's ignored. 

I've dealt with this bile for years and this is why I'm very wary of people today. This includes Asians who think they can earn brownie points by spouting this.",negative
240,x.com,2024,Group Dynamics & Peer Pressure,ja,"戒厳令、韓国政治、意思決定のあり方、エコーチェンバー、歴史認識・叙述、他者の視点取得、良設定問題、学びほぐし（unlearn）／学び直し（learn）などについて
@ReHacQ
で話したフル動画（2時間）です。",neutral
241,bsky.app,2024,Screen Time & Device Dependency,ja,デジタルデトックス,neutral
242,x.com,2024,Screen Time & Device Dependency,ja,"1ヶ月3G⇒1Gに変わってデジタルデトックスがめっちゃ進んでる。
1時間切りたい。",neutral
243,x.com,2024,Cultural Norms & Digital Etiquette,en,I just heard the presidential election was canceled in Romania - it's time to show the cancel culture limits of our patience! ...,negative
244,reddit.com,2024,Screen Time & Device Dependency,en,"1st drop but padhne ka man hi nahi karta. Abhi bhi bohot syllabus baki hain (NEET). I know ki mujhe padhna hain par mera brain fry ho gya hain dopamine overdose se. Anime, insta, reddit sab kuch kar rha ru. Ruka nahi ja rha. Digital detox app liya, woh bhi bypass kard diya. Laptop me cold turkey blocker liya, toh woh bhi bypass kar diya for the sake of not padhai. Procrastination vayankar kar rh hu.Padhai chorkar sab kuch kar rha hu, even padhai ke wakt lecture na dekh kar sirf sochta hu imaginary stories (story writter frr). Uska conclusion dene mein 2-3 ghante lag jate hain. Man wtf. Rahi baat question practice and test ki, I'm always thinking ki pehele lectures khatam karenge phir test self study karenge. Par aisa hone ke karan, 3 lectures bhi nahi ho rha ek din mein, self study toh dur ki baat. Koi test series bhi nahi liya, as mein jaha rehta hu waha se closest coaching centre minimum 2 ghante ke rasta hain. Anddd, upar se mera IBS hain. Wowie!!! This mobile is fucking killing me, yet I can't like do something maaaan. ( I think ypt ke karan bhi mera padhai nahi ho rha, cuz, ypt jab bhi chalane jata hu, tabhi another app me ghus jata hu). Game bhi nahi khel rha hu jaise age khelta 5 hour baad toh ek achievement jaisa lag ta. Par ab game 10 min ke zyada tog khelna hi nahi achha lagat😭😭 wtf attention problem bohot bada ho gya. (I am also a professional yapper as u can see)",negative
245,x.com,2024,Screen Time & Device Dependency,ja,"疲れたからデジタルデトックスをと思い、今週スマホをあまり見ない生活をしてだいぶ回復したので今日こそはブログ書こと思ったんやけど、衝撃的すぎて何も手につかなかった…
ツイてるね！ノッてるね！が今も昔もこれからも大好きです
　
ご冥福をお祈りします",positive
246,x.com,2024,Screen Time & Device Dependency,ja,デジタルデトックス,neutral
247,x.com,2024,Group Dynamics & Peer Pressure,en,"The SDF and AANES are far more complex and not your simple PKK-run show. Stop pretending the YPG represents all Kurds. Turkey is right to act against these terrorist organizations, and it's time you face the facts, not just your echo chamber.",negative
248,x.com,2024,Screen Time & Device Dependency,ja,ほんとに自衛やスルー能力のない人多いよなぁ…一回SNS離れた方がいいよ。疲れるから。デジタルデトックスしな。,neutral
249,x.com,2024,Screen Time & Device Dependency,ja,"今日こそッ…デジタルデトックスをするって決めたんや…
(ビジネス書と添い寝しながらTwitterに張り付いて3時間経過)(ゆるい決意)",neutral
250,x.com,2024,Screen Time & Device Dependency,ja,運営、デジタルデトックスしてきます,neutral
251,bsky.app,2024,Group Dynamics & Peer Pressure,ja,インスタはエコーチェンバーに、twitterは政治の闘争とヘイトの場になってしまったので、きょりをとりつつ、ここでつながりを再考できたらと思っています..,negative
252,x.com,2024,Screen Time & Device Dependency,ja,本当にしてきますデジタルデトックス,neutral
253,x.com,2024,Group Dynamics & Peer Pressure,en,"That’s what Insta is at the end of the day. Big accounts copy reels from small accounts making it a trend and nobody knows who started it first. Indian account copying reels from international accounts is another thing.
Insta is just an echo chamber for average IQ people",neutral
254,x.com,2024,Screen Time & Device Dependency,ja,デジタルデトックス兼ねてフォロー欄整理したんですけど、フォロー返してくださってる方は外してないのでもし誤って外れてたら教えてください…,neutral
255,reddit.com,2024,Group Dynamics & Peer Pressure,en,"Is it though? Autobanning people for being active on certain subs is a brainrot, mod-powertripping thing. We don’t even know the context or what the user specifically said. Hell, he could very well have argued against MensRights as a sub

This practive is against free speech and make debates eith different opinion extremely difficult, transforming both sides in echo-chambers

Especially when it’s a comment about how women can be violent under a post of a violent woman

The actual Reddit Moment is the rules gatekeeping ban post because it ""instigate harassent"", because Reddit allow auto ban bots even though it directly conflict with the rule 1 of the Moderator’s Code of conduct, but anyone dare to complain about it and they put the entire subreddit at risk of getting banned",negative
256,x.com,2024,Screen Time & Device Dependency,ja,"【あつまれどうぶつの森】最初からはじめる！デジタルデトックスの島【北小路ヒスイ/にじさんじ】 https://youtube.com/live/4nJs6vVJhLc?si=Kb9SGTtXORKhpcrd… 
@YouTube
より",neutral
257,x.com,2024,Screen Time & Device Dependency,ja,デジタルデトックスしに来たのにスマホ渡されたところで草,neutral
258,x.com,2024,Cultural Norms & Digital Etiquette,es,no se como explicarlo pero la cancel culture le ha hecho tanto daño a la gente en el internet que ahora dicen cualquier cosa de x tema y me da demasiado igual mucha mrda que uno lee aqui,negative
259,x.com,2024,Screen Time & Device Dependency,ja,"再販チェックしたり当日券取ったりする日々も終わったのでそろそろ一旦デジタルデトックスしたいところ
でもWEST.のインスタのストーリー見逃すのは嫌",neutral
260,bsky.app,2024,Group Dynamics & Peer Pressure,en,The vast majority of my followers on XWitter are of Indian origin. You could say it's like an echo chamber. Perhaps!\n\nIs it about affordability? \n\n$5 is the kind of money they spend on ordering from Zomato! $25 is the kind of money they spend on booze every weekend!\n\nThese are not large sums!,neutral
261,bsky.app,2024,Screen Time & Device Dependency,ja,"真凛さんってiPhoneでしたっけ…？\n以下の設定でもかなり防げるみたいですよ～\n\n設定\n→スクリーンタイム\n→コンテンツとプライバシーの制限をON\n→App Atore,メディア、Web、およびゲーム\n→Webコンテンツを制限\n→成人向けWebサイトを制限に✅\n\n常に許可しないアドレスに下記を追加\ngoogleads.g.doubleclick.net\n※Fanza・Pixiv等も一時的に制限されるが許可すれば見られる",negative
262,boards.4channel.org,2024,Screen Time & Device Dependency,en,">watching money heist, a show about BANK ROBBERIES>there's ****, but also usual Hispanic homophobia>suddenly in the slop seasons, there's a tranny who's played by a real woman (see bigots, trannies don't look like freaks!!!!!) >everyone loves the ******* tranny and accepts xer>there's precious screen time wasted on tranny preaching about heckin discrimination heckin self identity!!!!1>the tranny makes out with the heartthrob characterUnironically what the **** is wrong with Netflix",neutral
263,navbharattimes.indiatimes.com,2024,Social Media & Psychological Well-being,hi,ग्वालियर:  जिले के एक मलेरिया अधिकारी  डॉ. विनोद दोनेरिया गुरुवार को साइबर ठगी का शिकार होने से बाल-बाल बच गए।  उन्हें साढ़े तीन घंटे तक वीडियो कॉल पर डिजिटल अरेस्ट में रखा गया।,neutral
264,x.com,2024,Cultural Norms & Digital Etiquette,id,Cancel culture cocok untuk dijalankan.,neutral
265,x.com,2024,Cultural Norms & Digital Etiquette,id,"Walau saya kontra terhadap Cancel Culture di era internet ini (karena seolah public figure ga boleh melakukan kesalahan)

Tapi Miftah dan gerbong tokoh agama laennya yang munafik dan koyok taek itu sangat layak dapet Cancel Culture cok bajingan!

Ojo ketok meneh neng internet su!",negative
266,x.com,2024,Screen Time & Device Dependency,ja,本当にデジタルデトックスするか検討,neutral
267,x.com,2024,Screen Time & Device Dependency,ja,"もしかしていーろん、世界規模でデジタルデトックスさせようとしてる？？？
俺らを健康にしようとしちゃってる？？？？？

正義の反対は、もう一つの正義。",positive
268,reddit.com,2024,Social Media & Psychological Well-being,en,"I'm 30f now. 

For me it started in high school. I was top in my class academically and started somewhat of a debate club. A few guys in school found me to be too opinionated and starters cyberbullying me (wiring nasty posts about me online and calling me misogynistic names in my DMs). I considered one of them my friend before it started. My other friends stayed very quiet during it all but I also became way to anxious to seek support. 

In my first office job, I got harassed by young women barely older than me. Gossip, rumors, bathroom side eye glares...the works. After I left, one woman wanted to befriend me and told me that she only hated me because I was ""too confident"" but she realized I'm actually really nice... That friendship was short lived. 

In grad school I disagreed with one of my male classmates in class and again the harassment started soon after. The faculty brushed it off saying I should take it as a sign of my academic sucess but it got so bad that I had to switch programs the next year. Again, a couple of women tried befriending me after I left. One even apologized for not standing up for me when she heard this classmate and his friends spread lies about me. In the end, I just couldn't trust anyone. 

I'm very much an ENFJ, I love being social and friendly, but over time I've become much more guarded because I fear that I'll be targeted and that will get in the way of the important work I want to do. I make friends easily, but they're usually short lived because I eventually sense envy over my perceived confidence or I observe their poor ethical choices towards others and get scared that's how they'll act towards me.

Just seeing if this is relatable for other ENFJs..",neutral
269,x.com,2024,Group Dynamics & Peer Pressure,ja,"→ 返金の為に使った時間と労力は、
自分の為に消化します。

本当に残念でした。

あちらのエコーチェンバー外れても、
違う方のエコーチェンバーになっている人がいます。

自分で考える力を持って、
希望を見出して下さい。

さようなら。",neutral
270,x.com,2024,Social Media & Psychological Well-being,hi,"*यूपी: डिजिटल अरेस्ट कर ठगे 1 करोड़ 90 लाख*

लखनऊ: मुंबई क्राइम ब्रांच का ऑफिसर
बनकर साइबर ठगों ने ऑनलाइन गिरफ्तारी कर दो एनआरआई बहनों से लगभग 1 करोड़ 90 लाख रुपये डिजिटल ठगों ने अपने खाते में ट्रांसफर करा लिए. दरअसल, पहले ठगों ने दोनों बहनों को डिजिटल अरेस्ट किया, उन्होंने बहनों",negative
271,x.com,2024,Group Dynamics & Peer Pressure,en,"Plenty of other ""echo chambers"" for one and all, sport.

Some of prefer to dump our media money in the laps of independents, not megalomaniacal billionaires.",neutral
272,x.com,2024,Group Dynamics & Peer Pressure,ja,なんかここ数年で世界中がハチャメチャになった気がするけど、実際は昔から世界の各地で紛争や戦争が起こっていたのがTwitterXでとみに集中して取り上げられるから最近増えたように感じられるエコーチェンバーでしかないのか、本当に増えたのか…,negative
273,rollingstone.com,2024,Social Media & Psychological Well-being,en,"When Cynthia Erivo and Ariana Grande began their Wicked journey together, the pair vowed to support and protect one another. For a while, they existed within a bubble of rehearsals and film production. Now that the film has been released, Erivo and Grande are no longer just Elphaba and Glinda — they’re the celebrity figures on the receiving end of comments from countless strangers online with easy access to share criticism and few consequences for their speculation. But Erivo is holding up her commitment to protecting Grande. “I think cyberbullying is quite dangerous, to be honest,” Erivo said during a recent appearance at the Red Sea Film Festival in Saudi Arabia. She was asked specifically about the criticism that has been aimed at Grande over the course of their press run for Wicked . “It’s easy to be behind the computer and type words about a person you don’t know anything about,” she continued. “I think that the more we can protect ourselves from that the better.” Erivo added: “We decided that we were going to make sure we protected each other, that we were kind to one another, that we were going to work with each other and build a relationship, which meant that when we were on set, we both felt really safe to play and to do the roles as we needed.” Grande has candidly spoken about her experience being prodded and dissected online. “Yes, And,” the lead single from her latest album, Eternal Sunshine , essentially told those weighing in on her personal life and physical...",neutral
274,x.com,2024,Cultural Norms & Digital Etiquette,id,"📖 Salvation of a Saint (Dosa Malaikat) - Keigo Higashino (2008)

Waktu membaca buku, dari awal aku sudah penasaran dengan motif dan trik yang digunakan oleh pelaku. Sama seperti di Kesetiaan Mr. X, Higashino sensei sudah memberikan banyak breadcrumbs soal siapa pelakunya.",positive
275,chinanews.com,2024,Social Media & Psychological Well-being,zh,"中新社 北京12月6日电 国务院台办发言人朱凤莲6日应询表示,民进党当局伙同岛内特定媒体、网军对大陆高校师生赴台访问团成员祝贺“中国台北队”进行网络霸凌,岛内民众普遍表达愤怒和不齿,我们予以强烈谴责。 有记者提问,台陆委会日前称,大陆高校师生访问团成员受访时使用“中国台北队”是不妥当的发言,后续将“行政调查”,可能会要求主办单位一段时间内不得再邀请相关团体抵台交流,禁止期限从6个月至5年都有可能。",neutral
276,reddit.com,2024,"Attention, Focus & Cognitive Load",en,"I hope those students go to top universities in Canada, Europe, the Antipodes, Asia, Africa, Latin America, and the Caribbean.

Brain drain America to punish it for voting for fascism.",positive
277,x.com,2024,Screen Time & Device Dependency,tr,twitter ekran süresi 12 saat bi tanemin aynı ben,neutral
278,reddit.com,2024,Group Dynamics & Peer Pressure,en,"I find people who still peddle the ""Well ackshually, Son is a huge cunt because he dared to snapped back after being stomped on by some players infamous for being dirty and suffering years of racism"" argument are just hilarious caricatures of the bottom of the barrel, absolute scum footballs fans. And there's no point in trying to convince them otherwise because they would rather shout at the walls of their echo chambers so might as well laugh at them for entertainment.

It's even funnier when they always circle back to that one reddit comment, made by a Japanese nationalist and Shinji Kagawa fan. Surely no bias or inferiority complex there! considering Son's record against Dortmund and Kagawa's unfortunate stint in the PL. And then they have the audacity to claim that everyone else is brainwashed by the Kpop fans, which is a crazy racist thing to say but they severely lack self-awareness so no surprise. Just insane the mental gymnastics they need to go through just to deny that Son is actually a nice human being.",negative
279,x.com,2024,Screen Time & Device Dependency,ja,デジタルデトックスしよ,neutral
280,reddit.com,2024,Screen Time & Device Dependency,en,"Maybe, because the original plan was to make L their father (I think? I mean, I saw it on a YouTube channel and I wouldn't be surprised if it was fake, but it doesn't matter that much)



But they are not blood siblings nor adoptive siblings in Canon, so seeing them as siblings or potential romantic partners is up to the person's interpretation. 



Matt is a case of not having a lot of screen time, so a lot of people fill in his personality from that.",neutral
281,x.com,2024,Cultural Norms & Digital Etiquette,en,"We all no that , I watched an interview the other day regarding MTN and who has stakes in MTN. What was said is that MTN is in Nigeria which we all no and that Iran government has shares in MTN or it is run by the state. So the little breadcrumbs kinda make sense",neutral
282,x.com,2024,Group Dynamics & Peer Pressure,ja,実際前者に入るよりも此処で話をしている方が楽だし揉め事も少ない、ならば認知が歪んでるやつでもエコーチェンバーでもいいから何でも摂取して少ない労力で孤立を維持した方がマシなんじゃないの？って気もする。オタク友達とかっての、よくわからないけど。私はそう考える。,neutral
283,reddit.com,2024,Group Dynamics & Peer Pressure,en,"I feel like anyone whose used the internet for more than a minute lately has most likely witnessed a so-called “Russian bot” in action. There posting at breakneck speed on every website, in every forum and in every comment section. Now for a while, the strategy for Russian bots was to impersonate alt-right thinkers, attempting to establish alt-right, anti-Ukraine echo chambers online. This is why there are hordes of Russian bots trying to imitate American patriots, with phrases like “Texit Now, Anti-woke, Trump 2024, Maga, Patriot” and the like, plastered in their bio. The worst part is that since anyone can pay to become verified on X (and subsequently have their comments at the top), practically all posts somewhat related to politics have Russian bots spewing there AI generated propaganda throughout the comment section. Making it hard for real humans to differentiate between actual opinions and bots. 

Now what does this have to do with Palestine supporters? First you must understand that Russia has no particular political stance or leaning. They simply support the polar opposite of whatever the west currently supports. Hence why they are devoted in their support to nations such as Palestine, Iran, Venezuela, North Korea and China; simply to spite western leaders. Now I also feel that Russia has great incentive to use the conflict in Palestine as a vehicle of division throughout western society. Diverting attention and resources away from their war in Ukraine, and onto the war between Israel/Palestine. Lastly, I have a gut feeling that no functioning humans support either Vladamir Putin or Hamas. Excluding trolls and fringe ideologies, I highly doubt that millions of people just so happen to support any of the aforementioned groups, and conveniently write just like an AI language model. ",neutral
284,youtube.com,2024,"Attention, Focus & Cognitive Load",en,"Heated exchange Rajya Sabha currency notes found seat belonging Abhishek Manu Singhvi. ""No one talks about education, illegal immigration, border security, or infrastructure development. Even parliament members from both the NDA and the India Alliance haven't discussed how to improve the administration field. This is the outcome of years of rule by the Congress and other parties, both at the state and central levels. During the recent legislative elections in Jharkhand and Maharashtra, the manifestos of political parties focused solely on reservation, freebies, and caste. No one has written about education, the most basic human need. Ration shops have been selling government goods on the black market to merchants and shopkeepers, and no one questions this. Eighty percent of highly educated administrative officers have read NCERT books 10 or 20 times, but none have truly implemented the ideas they contain.
The hardworking and sharp minds are leaving the country. 
 A concerning trend in Indian politics where fundamental issues like education, infrastructure, and border security are neglected in favor of populist measures. This has led to a decline in governance standards, corruption, and brain drain. The lack of focus on education and administrative reforms is particularly alarming as it hampers the country's long-term development. To rectify this situation, a fundamental shift in political priorities is necessary, emphasizing sustainable development, good governance, and the well-being of the nation.",negative
285,youtube.com,2024,Screen Time & Device Dependency,en,The END Hawk Tuah Girl. Also its been exposed that she wanted to be interviewed and wanted to ask those phub questions by the guy she decided to lie and say she got approached and was talking all kinds of crap about the interviewer and all he wanted was a small appreciation this woman is a liar and a opportunist,negative
286,x.com,2024,Screen Time & Device Dependency,ja,デジタルデトックスしたい,neutral
287,x.com,2024,Screen Time & Device Dependency,ja,"0-5時の間、Chrome以外のアプリ1分しか開けないのどうにかして欲しい。
小学生じゃないんだからスクリーンタイムって感じ笑",neutral
288,navbharattimes.indiatimes.com,2024,Social Media & Psychological Well-being,hi,बिहार के गया शहर के रामपुर थाना क्षेत्र में मिर्जा गालिब कॉलेज के पास एक मकान था।  इस मकान को किराये पर कुछ लोगों ने लिया था।  यहां काम करने के लिए हर दिन की तरह युवक-युवतियां आते हैं।,neutral
289,hindustantimes.com,2024,Cultural Norms & Digital Etiquette,en,"If you are a fan of old-school modern love, beware of the newest dating trends that are far from letting you realise your fairy tale romances. After breadcrumbing, ghosting, situationships, love bombing and zombieing, sledging is the newest dating trend and it's gaining attention, especially among Gen Z, this winter season. What is sledging? Sledging refers to the newest dating trend in which one might intentionally drag you along through the winter season by delaying a breakup to avoid being single during the coldest months of the year. The new trend is being observed among Gen Z wherein those between 18 to 25 years of age are reportedly drawing out dates with people they’re not really interested in or postponing their breakup for months just so they don't have to be alone during the winter months. New research by dating app Happn says that over one in ten (15%) of single 18-25-year-olds have continued to date a person over the Christmas period, even though they didn’t really like them and planned to break up after the season. (Also read: What is cuffing season? The winter relationship trend couples are seeking ) Another 15% of Gen Z said that while they have wanted to break up with their partner for a while, they waited to do it until after Christmas and New Year. As many as 75% of them said they made the decision to split in November, but delayed it until after the New Year to avoid being alone. Shockingly, 25% had decided to break up as early as August but then ‘sledged’...",negative
290,reddit.com,2024,Screen Time & Device Dependency,en,"I'm sorry; everyone is asking her if she _allowed it?_

What, does she think she's your fucking boss or something? Jesus man, fuck that attitude, I'm pleased that she _allowed_ you the screen time so that you can write this post, if this kind of behaviour continues then it won't be long before she questions why you didn't ask permission to see your friends, or your family, or to take a shit.

Not over-reacting, this level of control and the megalomania that enables it is completely unreasonable, and you may find further escalating problems down the line.",negative
291,x.com,2024,Screen Time & Device Dependency,ja,"デジタルデトックス https://plaza.rakuten.co.jp/yukkuriaruku/diary/202412010002/?scid=we_blg_after_tw01… #r_blog 
とにかくスマホ我慢します",neutral
292,x.com,2024,Screen Time & Device Dependency,id,November ini screen time gue glow up anjay ini adalah bukti nyata w bnrn ngerjain skripsi cokk 😏😏😏😏,neutral
293,x.com,2024,Screen Time & Device Dependency,ja,私より若い子らがデジタルデトックスで編み物とか始めててエラい。,neutral
294,x.com,2024,Screen Time & Device Dependency,ja,"そろそろWiFi欲しくなってきたな
でも軽めのデジタルデトックスは出来てるからOK",neutral
295,reddit.com,2024,Cultural Norms & Digital Etiquette,en,"I’m on the sub trying to tell everybody how to heal blah blah blah. Blind leading the blind really. Naw, I say that I really am doing better. My ex breadcrumb me again last week. Fucked me up all week. I actually haven’t even been on this goddamn sub and now I’m back. 

I take so long to heal. Just so long. To really become content with yourself in every moment. I was there once. And it’s in my grasp again. I have it most days. 

But really given that it does hurt for so goddamn long I really am just kind of over it. The karaoke lady is super cute and she was like all over me on Friday. But that woman is like a Tesla coil right? You’ve ever just seen somebody with that warm, overflowing, vibrant, personality, and love. But she’s also that kind of person that gives and receives love in different ways from a lot of people. I don’t know for sure, but she strikes me as a true poly. 

I can’t bring myself to have that fun. And I’m wondering if I’m not healed or is it the opposite is that I am healed and I’m done with this sort of red flag thing? Or should I try to open myself up and explore this broader concept of more free and shared love? It might be good for me. 

The problem is I am not hyper social like that. And I already know that if I bend myself into that space and become addicted to that love, I will eventually snap and break. And I have 95% peace in my life right now. 

There’s some gals and I’m not saying any of them on this sub or anything like that, that have this weird weaponization of like healing concepts. But sometimes I laugh when women are like you know, men are emotionally unavailable. Maybe we just see the red flags. Maybe we’re just not up for a game of capture the red flag. I’m trying to figure out if I’m unavailable or if I’m actually healed and healthy and I just don’t wanna deal with any more bullshit.",neutral
296,x.com,2024,Screen Time & Device Dependency,en,"And my God — ADA WONG! Probably one of the most remarkable female characters in video game history. So little screen time, yet she steals EVERY scene. A phenomenal woman. I'll definitely try the DLC with her. Honestly, though, I'd love a whole standalone game just with Ada.",positive
297,x.com,2024,Social Media & Psychological Well-being,id,"Klewatan FOMO gak baik.

Klewatan JOMO baik gak sih?

Start to wondering.

Apa2 yang berlebihan kan katanya gak baik...",positive
298,x.com,2024,Social Media & Psychological Well-being,hi,"गया पुलिस का डिजिटल अपराध पर कड़ा प्रहार, लोन दिलाने के नाम पर साइबर ठगी करने वाले गिरोह पर ऐतिहासिक कार्रवाई करते हुए गया पुलिस द्वारा 36 साइबर अपराधकर्मियों को किया गया एक साथ गिरफ्तार, 03 लैपटॉप एवं 33 मोबाइल भी बरामद ।",negative
299,x.com,2024,Screen Time & Device Dependency,ja,"スマートフォンやパソコンから離れる「デジタルデトックス」で正気に戻れるか
谷島 宣之 日経BP総研
2024.11.21",positive
300,x.com,2024,Screen Time & Device Dependency,ja,デジタルデトックスしたい,neutral
301,x.com,2024,Screen Time & Device Dependency,ja,デジタルデトックスを称して明日PC組んでしまってもいいな,neutral
302,x.com,2024,Screen Time & Device Dependency,ja,"とりあえず今は気持ち落ち着くまでゆっくり休もう！
デジタルデトックス大事！！
2025も仲良くしてね",negative
303,x.com,2024,Screen Time & Device Dependency,ja,ええやんデジタルデトックス大事や,positive
304,x.com,2024,Screen Time & Device Dependency,ja,やりたい、、、、、デジタルデトックス,neutral
305,x.com,2024,Screen Time & Device Dependency,id,"wonyoung 5 jam screen time, berarti aku offline cuma pas sesekali ((soalnya buka dari laptop/tab))",neutral
306,bsky.app,2024,Screen Time & Device Dependency,ja,デジタルデトックス、私もできるかな…\nXくんの反応はとりあえず数日おいて返すことからはじめました☺️💦\nただの返事遅い人みたいになってしまった。,neutral
307,x.com,2024,Cultural Norms & Digital Etiquette,en,"Not sure what to think about this, because I'm not a fan of cancel culture and some people have different boundaries for work based speech than others. But I do know Suzanne Moore was fired from the Guardian for being a woman, and that's a heap worse than what happened here.",negative
308,x.com,2024,Screen Time & Device Dependency,ja,"- 禁煙【Clear】
- ポルノ禁【Clear】
- スクリーンタイム【454min】

- 腕立て【30/30】
- 腹筋【30/30】
- 背筋【30/30】
- スクワット【30/30】
- ランニング【1.0/1.0Km】
- 高速音読【35/20min】

Daily Quest : Strength Training has arrived",positive
309,latestly.com,2024,"Attention, Focus & Cognitive Load",en,"Patna, Dec 6 (PTI) The Bihar government on Friday claimed to have received an investment intent of Rs 460 crore from seven IT companies. According to the department of information technology, the intent was expressed at an IT conclave here, where the largest proposal, for Rs 300 crore, came from Holoware, a company specialising in hardware manufacture. Also Read | Vladimit Putin India Visit: Dates for Russia President's Tour Will Be Worked Out, Says MEA. With this, a total of 36 companies have so far shown interest in investing a combined amount of Rs 1,576 crore in the state's IT sector, the department said. Addressing the conclave, Arvind Kumar Chaudhary, special secretary of the IT department, underscored that the business community had requested the introduction of a ""Purchase Preference Policy,"" a demand that has been fulfilled by the government. Also Read | Cyclone Fengal Update: MHA Approves Release of INR 944.80 Crore As Aid for People Affected by Cyclonic Storm in Tamil Nadu. Chaudhary emphasised that with ""progressive policies"" such as the Bihar Industrial Policy, Textile and Leather Policy, and Bihar Startup Policy, ""the onus is now on the business community to invest more"" in the state. Choudhary urged industry leaders to invest up to Rs 4,000 crore in Bihar's IT sector by March 2025 and claim that ""brain drain"" was a thing of the past and policies were now being formulated with a focus on ""brain regain"". Speaking on the occasion, Prabhat Kumar Sinha, chairman of...",positive
310,hindi.news18.com,2024,Social Media & Psychological Well-being,hi,अनूपगढ़.  राजस्थान के अनूपगढ़ की साइबर सेल ने सोशल मीडिया पर फर्जी अकाउंट बनाकर लोगों को एस्कॉर्ट सर्विस के जाल में फंसा कर लाखों रुपए की धोखाधड़ी करने वाले दो साइबर ठगों को गिरफ्तार किया है.,negative
311,x.com,2024,Cultural Norms & Digital Etiquette,en,seriously we indonesians should start the cancel culture,neutral
312,x.com,2024,Screen Time & Device Dependency,tr,Twitter ekran süreni azalt,neutral
313,x.com,2024,Social Media & Psychological Well-being,es,"Coincido. No al ciberbullying! La afición azul una vez más mostrando ética, y tomando distancia del acerrimo rival que tiene otras prácticas culturales las cuales buscamos erradicar del futbol desde nuestra trinchera como aficionados.",neutral
314,x.com,2024,"Attention, Focus & Cognitive Load",en,"tiktok wins because of better algo for getting content in front of people who want to see it. because they have genius devs in china. banning would have those geniuses move to some other industry, maybe even more tangential to military.
usa should attract & brain drain instead.",positive
315,x.com,2024,Screen Time & Device Dependency,en,"It doesn’t get anywhere near as much screen time as Barbra’s other seeming favorites in this, like It Happened One Night or Brief Encounter. But there’s a lot of connective tissue here (romance, a very cruel mother, the spinster becoming a beautiful butterfly) with Now, Voyager.",neutral
316,bhaskar.com,2024,Social Media & Psychological Well-being,hi,पार्ट टाइम नौकरी कर घर बैठे लाखों रुपए कमाने का झांसा देकर साइबर ठगों ने गेल से रिटायर्ड चीफ जनरल मैनेजर से 1.49 करोड़ रुपए ठग लिए।  कई बार में ठगों ने मैनेजर से रकम ट्रांसफर करवाई।,neutral
317,x.com,2024,Screen Time & Device Dependency,en,"It doesn’t get anywhere near as much screen time as her other seeming favorites in this (It Happened One Night, Brief Encounter), but there’s a lot of connective tissue here (romance, a very cruel mother, the spinster becoming a beautiful butterfly) with Now, Voyager. :)",neutral
318,x.com,2024,Screen Time & Device Dependency,ja,FART MOUNT RUSHMORE SPLEEN A PROPER ELON MUSK FAKE DIARRHEA ROGER CLEMENS BILL & TED GAMEDEV BUY NOW PAY LATER GREY'S ANATOMY CURMET THE FROG ARTIFICIAL INTELLIGENCE MALWARE RAP MUSIC CONSTIPATION BRUH YOU FARTED BEEP. DONUT. PHUBBING SYLVESTER FART STOLEN DOGECOIN FAKE LUNCHTIME,neutral
319,x.com,2024,Cultural Norms & Digital Etiquette,id,"semoga ni orang downfall se downfall downfall nya, dan cancel culture berlaku ke ni orang Aamiin",positive
320,x.com,2024,"Attention, Focus & Cognitive Load",en,You want to compare the salary to India? You think Europe has a brain drain? Wait till you see figures from India...,neutral
321,x.com,2024,Cultural Norms & Digital Etiquette,ja,"NOËL OU PLUTÔT ""BEL HIVER"" LA CANCEL CULTURE BAT SON PLEIN @Charbofficiel2 https://youtu.be/U2yrr4SoWhA?si=KLpjr-b_ox6249_i… via 
@YouTube",neutral
322,x.com,2024,Social Media & Psychological Well-being,en,"Cynthia Erivo Defends Ariana Grande Against 'Dangerous'
Cyberbullying 
Cynthia Erivo will always support her Wicked costar Ariana Grande — no matter what. During an appearance at Saudi Arabia’s Red Sea Film Festival, Erivo, 37, was asked about Grande’s recent comments about bei…",negative
323,x.com,2024,Screen Time & Device Dependency,ja,"デジタルデトックス完了

ってか、、解放",neutral
324,reddit.com,2024,Group Dynamics & Peer Pressure,ja,YOU ARE THE ONE WHO IS THE CLOUT CHASER!,neutral
325,x.com,2024,Screen Time & Device Dependency,ja,スマホが視野に入るだけで40％の生産性が下がるらしい。集中力を高めるためのシンプルな方法はデジタルデトックス。30分でも60分でもiPhoneの「集中モード」や「機内モード」をOnにする。便利すぎるスマホだからこそ、仕事を邪魔されないようにスマホからあえて距離を取るのが重要。ぜひ試してみて！,neutral
326,x.com,2024,Screen Time & Device Dependency,ja,"片想いの人
→デジタルデトックスの時間を作る
　自分と対面する時間ができ、
　大事にすべき事が見えてきます
　
両想いの人
→懐かしい音楽を聴く
　二人の結びつきが強まります

今日も素敵なご縁がありますように",positive
327,x.com,2024,Cultural Norms & Digital Etiquette,id,"ini yang butuh translate voice notenya bu yati pesek, emang gaada otak tuh si miftah, udah saatnya cancel culture diterapin sih, setan aja insecure...",negative
328,bsky.app,2024,Cultural Norms & Digital Etiquette,en,Does anyone even realize why that woman knocked on his door? He posted something that the woke cancel culture brigade didn't like so someone doxxed him and put his address on the internet.  Next thing you know people are protesting in his front yard and one idiot decided to pound on his door.,negative
329,x.com,2024,Group Dynamics & Peer Pressure,ja,"ネット アルゴリズム

検索した情報をもとに、それ関連ばかり出て来る
なので、反対のも検索し、両方みる事が大事

#エコーチェンバー #ワクチン #政治 #薬 #医療",neutral
330,x.com,2024,Group Dynamics & Peer Pressure,th,ได้ดูที่ศิริกัญญาสัมบ้างมั้ย หรืออยู่แต่ใน echo chamber นางแบกแล้วก็พูดตามๆกันเอา,positive
331,nypost.com,2024,Social Media & Psychological Well-being,en,"Cynthia Erivo is standing up for her co-star. The “Wicked” actress , 37, was asked about Ariana Grande’s comments on being bullied online while at Saudi Arabia’s Red Sea Film Festival and didn’t hold back with her response. “I think cyberbullying is quite dangerous, to be honest, because it’s easy to be behind the computer and type words about a person you don’t know anything about,” Erivo said, per Deadline on Friday. “I think that the more we can protect ourselves from that the better.” “The best way to support someone who is going through that is really to be a counterpoint to whatever is coming at that person,” the “Harriet” star continued. “Be the person who tells the positive. What a person who has never met you [thinks] is never more important than what you think of yourself.” On Thursday, Grande, 31, spoke candidly about how she has tuned out the online criticism over the years to prioritize her own well-being. “I’ve been doing this in front of the public and kind of been a specimen in a petri dish since I was 16 or 17,” the singer said on Thursday’s episode of the “Oui Oui Baguette” web series. “So, I have heard it all. I’ve heard every version of it of what’s wrong with me. And then you fix it, and then, it’s wrong for different reasons.” Grande added, “It’s something that is uncomfortable no matter what scale you’re experiencing it on. Even if you go to Thanksgiving dinner and someone’s granny says, ‘Oh, my God, you look skinnier , what happened?’ or ‘You look...",neutral
332,udn.com,2024,"Attention, Focus & Cognitive Load",zh,"好友老郭是資深企業家,年輕時就經營過不小的公司。 前些日子他跟老張分享其多年管理心法,真是令人大開眼界。 老郭說,作為一個高層,只要能通曉色彩領導學,管理公司就能得心應手。 老張不解, 老郭解釋:古人不開化,有人愛吃狗肉, 根據這些人的歸納,美味的順序為一黑、二黃、三花、四白。",neutral
333,x.com,2024,Cultural Norms & Digital Etiquette,en,"cancel culture in korea is ac so intense, they’ve gotten an idol to fkn svicide...",neutral
334,x.com,2024,Screen Time & Device Dependency,ja,のりちゃん、携帯無しで1週間はすごいですね！強制デジタルデトックスですね！柔軟思考で行きます！,positive
335,x.com,2024,Cultural Norms & Digital Etiquette,id,itulah salah satu penyebab mengapa cancel culture sulit diterapkan di masyarakat,negative
336,x.com,2024,Screen Time & Device Dependency,id,"Detox medsos dulu kali ya, screen time tiap medsos udah 1 jam lebih",neutral
337,x.com,2024,"Attention, Focus & Cognitive Load",en,Iitians and IIM grads at the top level get better recognition in India. I am not surprised that they return back. Hubris that only Iitians constitute brain drain.,positive
338,boards.4channel.org,2024,Cultural Norms & Digital Etiquette,en,"Your example is so hyperbolic that it's meaningless though. Cory Barlog and his writers aren't hurting me or anyone I know in any capacity, not in the faintest stretch of the human imagination. If Saudi Arabia suddenly decided to enter the game industry and made a game with good gameplay directed by a director who explicitly wants to rape women and murder gays, I wouldn't care. I'd still enjoy it. I'd pirate it, sure, but please explain to me how you're any less of an intersectionist snowflake than the cancel culture people you probably hate so much?",positive
339,x.com,2024,Screen Time & Device Dependency,ja,"大人でもついやりすぎてしまうので子供はほんとの気をつけたいですね
先日シャドバンになってSNSを休んでいたのですが、なくてもなにも困りませんでした
デジタルデトックスをとりいれながら依存しすぎないようにしたいものです",neutral
340,x.com,2024,Screen Time & Device Dependency,ja,"おはようございます！！
今日は久しぶりにパチに行こうかと！

ワクワクして7時間たっぷり寝ました
土曜なんでデジタルデトックスもかねて
夜までX等に出現しないから
リプくれた人には夜挨拶回ります

今日もお互い生き抜こう",positive
341,x.com,2024,"Attention, Focus & Cognitive Load",en,"Brain drain has already occurred. My cousins and uncle in Damascus, not rural, fled the country years ago. 2 doctors, 1 producer, and 3 engineers. They went to Germany, UAE, US and one still jumps from one country to another.",neutral
342,x.com,2024,Social Media & Psychological Well-being,hi,"तीसरी पास व्यक्ति ने की 88 लाख की ठगी, कपड़े की दुकान से साइबर ठगी तक का सफर",neutral
343,bsky.app,2024,Group Dynamics & Peer Pressure,en,"I have met people on this app from all over:\nNorway\nCanada\nIndia\nSouth Korea\nGeorgia\nUkraine\nRussia\nGermany\nFrance\nAnd Belgium, to name a few. \n\nSo if Bluesky *IS* an echo chamber, it’s a really damn big one.\n#bsky #opinion #bluesky #echochamber #media",negative
344,x.com,2024,Cultural Norms & Digital Etiquette,id,"Udh dibilang mending cancel culture aja gengnya si miftah. Kasihan org2 kecil yg ngidolain mreka bukannya nambah ilmu malah nambah kebodohan.

Mreka pake hadroh solawat seolah minta syafaat nabi tp perilaku ga ada yg ngikutin akhlak nabi.",neutral
345,reddit.com,2024,Screen Time & Device Dependency,en,I feel for her but I think the show has turned into a therapy session for each woman. I want to see them having fun not trying to one up each other with who has the most traumatic childhood. We saw Bethany and Ramona clearly struggle w things bc of how they grew up and they never centered it as their whole entire storyline on the show. I want woman who mesh and have fun together and who can give me a good fight not them just spilling their guts over and over to get screen time,neutral
346,x.com,2024,Group Dynamics & Peer Pressure,en,I hadn’t yet seen the actual merch. Now that I have? I’m SUPER turned off. It’s egomaniacal clout chasing and cheap. It’s hard to believe that she’s a grownup mom and wife and spends so much of her time clout chasing this hard.,negative
347,news.yahoo.co.jp,2024,Cultural Norms & Digital Etiquette,ja,現在JavaScriptが無効になっています Yahoo! ニュースのすべての機能を利用するためには、JavaScriptの設定を有効にしてください。 JavaScriptの設定を変更する方法はこちら 12/7(土) 6:50 配信 ※ 写真はイメージです ジャーナリストで Z世代専門家のシェリーめぐみが パーソナリティを務める interfmのラジオ番組「NY Future Lab」 (毎週水曜日18:40~18:55)。,neutral
348,x.com,2024,"Attention, Focus & Cognitive Load",en,"Shri, add data of record number of Indian leaving for good in recent times with record number of illegal migration happening in USA and you will find tour reverse brain drain theory is going down the drain.",neutral
349,x.com,2024,Screen Time & Device Dependency,ja,デジタルデトックスも大切。,neutral
350,x.com,2024,Screen Time & Device Dependency,ja,"10月頭から10/12頃まで鹿児島で、ゼロ時間が10/14だから、その後よね
10/16デジタルデトックスのときか

10/19,10/22ムロハラがほぼこの髪色だしな
そして事務所にいるのが11/14ぽく、11/16のインスタ柄シャツが本番やな",neutral
351,x.com,2024,Screen Time & Device Dependency,en,"China has become one-dimensional in recent years. Almost all remnants of its interesting past have been erased and replaced with endless identical apartment towers, widespread phone addiction, and worsening censorship. Civil society has withered, and history has been erased.",negative
352,x.com,2024,Social Media & Psychological Well-being,hi,"पूर्व सैन्य अधिकारी को 23 दिनों तक डिजिटल अरेस्ट कर 98 लाख रुपए की साइबर ठगी
बड़ी बड़ी हस्तियां जब डिजिटल अरेस्ट हो जा रहीं तो मास्टरों की क्या बिसात..",positive
353,x.com,2024,Screen Time & Device Dependency,ja,"@nohin1818
 
8時16分
デジタルデトックス
メール採用おめでとうございました",positive
354,reddit.com,2024,Cultural Norms & Digital Etiquette,en,Their letter quite literally complains about cancel culture and then demands that something be done about that pesky woman whomst has said something that offends them.,negative
355,x.com,2024,Screen Time & Device Dependency,ja,"10/14 大阪楽 （1日目欠席）
10/15 2日目 ←はやおき
10/16 3日目 ←夕方に挨拶だしデジタルデトックス
 な気がするよね",neutral
356,x.com,2024,Screen Time & Device Dependency,ja,"@nohin1818
 
のひんさん
採用おめでとうございます
デジタルデトックス〜
大切ですよね",positive
357,x.com,2024,Screen Time & Device Dependency,ja,お部屋、だいぶすっきりしてきたので次なる課題は仕事と生活とプライベートの両立、デジタルデトックスや！,neutral
358,x.com,2024,Screen Time & Device Dependency,ja,キャンプなのでデジタルデトックスしてきます,neutral
359,x.com,2024,Screen Time & Device Dependency,ja,"これが大事なデジタルデトックスですなぁ~
うっしーもいつも、X見ててくれてありがとう",positive
360,x.com,2024,Screen Time & Device Dependency,ja,"朝からBlueyの""Verandah Santa""のエピソードを観てうるうるしてしまったBluey好きだな〜

続けて子どもたちはライオン・ガードの""Timon and Pumbaa's Christmas"" を観て、朝からクリスマスづいている

はい、スクリーンタイム多めなのんびりした朝です",positive
361,x.com,2024,Screen Time & Device Dependency,ja,"おはようございます！
今日から少しずつデジタルデトックスを再開していこうかなって思ってます。　それに伴い、日頃絡んでないフォロワーさんも整理させて頂くことにしました。しばらくは低浮上になると思いますがご理解いただけると幸いです。",positive
362,boards.4channel.org,2024,Screen Time & Device Dependency,ja,>doomscroll tiktok>see fat ******>so fat he's one french fry away from death>I CAN'T PUT DOWN THE CUP>I CAN'T PUT DOWN THE CUP>I CAN'T PUT DOWN THE CUP I CAN'T PUT DOWN THE CUP I CAN'T PUT DOWN THE CUP I CAN'T PUT DOWN THE CUP I CAN'T PUT DOWN THE CUP I CAN'T PUT DOWN THE CUP,negative
363,x.com,2024,Screen Time & Device Dependency,ja,「自然の中でデジタルデトックス」することについて考えてたんだけど、そもそも自分にとっての毒素とは何か？例えばこの推し活やSNSでの繋がりを毒とするなら私は毒にまみれていたい、必要なのは毒を手懐けて共に生きていく覚悟なのではないか、と謎の強い意志を固めるに至った(ほんと何),neutral
364,x.com,2024,"Attention, Focus & Cognitive Load",en,"big loss for indonesian. ga hanya brain drain warganya beralih ke WN singapore, industri intensive skill jarang kesini",negative
365,x.com,2024,Screen Time & Device Dependency,ja,永遠にツイッターみちゃうから、あえて今日はゆるデジタルデトックスしようかな。,neutral
366,x.com,2024,Screen Time & Device Dependency,ja,"親の前でスマホのスクリーンタイムのパス解除しようとしてるのアホかな
いじってるの分かったらもっと制限かけると言ってるのに…",neutral
367,x.com,2024,Screen Time & Device Dependency,ja,"るんたんさん
今週もお疲れ様でした
デジタルデトックス
良い週末をお過ごしください♪",neutral
368,bhaskar.com,2024,Social Media & Psychological Well-being,hi,भास्कर न्यूज |  भीलवाड़ा संगम यूनिवर्सिटी  भीलवाड़ा के विधि विद्यार्थियों ने साइबर थाने का भ्रमण किया।,neutral
369,geo.tv,2024,Social Media & Psychological Well-being,en,"Cynthia Erivo took a stand for Ariana Grande against online criticisms. The 37-year-old actress, who shares the screen with Grande in the musical hit Wicked , starring a wicked witch Elphaba to Grande's character Glinda, called out the critics who make comments about the pop star's appearance. She was asked about the recent online criticism pointed at Grande at the Red Sea International Film Festival. “Cyberbullying is quite dangerous,” Erivo responded at the event held in Jeddah, Saudi Arabia on December 6. “It’s easy to be behind a computer and type words about a person you don’t know,” she continued. The Broadway star called on fans to stand strong against online negativity “Be the person who tells the positive,” she noted. “What a person who has never met you thinks is never more important than what you think of yourself,” Erivo added.",negative
370,the-express.com,2024,Social Media & Psychological Well-being,en,"Cynthia Erivo has spoken out against cyber-bullying , defending her Wicked co-star Ariana Grande during a recent film festival appearance. At the Red Sea Film Festival in Saudi Arabia, Erivo addressed online negativity surrounding Grande, calling cyber-bullying ""quite dangerous."" ""I think cyber bullying is quite dangerous to be honest because it's easy to be behind the computer and type words about a person you don't know anything about,"" Erivo stated. Gwyneth Paltrow eating $35 Wagyu French dip after being blasted for strict diet Gwyneth Paltrow poses in white bikini as she looks identical to daughter Apple The 37-year-old actress, who plays Elphaba in the musical adaptation, emphasized the importance of support and kindness. ""The best way to support someone who is going through that is really to be a counterpoint to whatever is coming at that person – be the voice that is positive."" Grande recently spoke about societal pressures and appearance-based criticism during a promotional interview. ""I've been kind of doing this in front of the public... a specimen in a petri dish really since I was 16 or 17. So I have heard it all,"" she said. ""Even if you go to Thanksgiving dinner and someone's granny says, 'Oh my God you look skinnier! What happened?' or 'You look heavier! What happened?' That is something that is uncomfortable and horrible no matter where it's happening, no matter the scale it's happening on."" DON'T MISS... Inside Gwyneth Paltrow’s $30 million LA mansion listed...",negative
371,reddit.com,2024,Screen Time & Device Dependency,en,"> but held off, mostly because the format wasn't something I was sure I'd enjoy

As someone who started watching kdramas fairly recently, and watched a lot of them one after another in quick succession, I found the format really refreshing.

I also found the normalcy and bluntness about the topic of sex in this show really refreshing (compared to other kdramas)

>I absolutely love the first half. The way the leads fall for each other is beautiful.

>Jae Won and Eun Ho took way too long to resolve their misunderstandings

Same feelings. Reminds me of ""Something in the rain"" which has imo like 9/10 first half full of romance and that magical start of relationship fluffiness and 6-7/10 second half full of forced and frustrating drama and misunderstandings.

Makes the show really hard to rewatch.

> I also loved that they truly had different love stories with people in different stages of life. 

Same, although I would like to see more about the third pair, which didn't have as much screen time. Would prefer seeing more of them rather than that last ""backroom pilot"" episode.",positive
372,bhaskar.com,2024,Social Media & Psychological Well-being,hi,मनी लॉन्ड्रिंग और मानव अंगों की तस्करी मामले में फंसाने की धमकी देकर साइबर ठगों ने मां-बेटी को डिजिटल अरेस्ट कर 36 लाख 58 हजार रुपए ठग लिए।,neutral
373,x.com,2024,Group Dynamics & Peer Pressure,ja,"こういうエコーチェンバーもあっただろうけど、在韓米軍基地もある韓国でクーデター後の米国との関係を考えないわけにはいかなかったろうし、米国とはある程度クーデターについて事前に話が通っていたと考えるべきか
米国は未遂に終わったこの韓国大統領クーデターにどう動いたのだろうか",neutral
374,bhaskar.com,2024,Social Media & Psychological Well-being,hi,बुजुर्ग दंपती काे डिजिटल अरेस्ट कर एक करोड़ 5 लाख 70 हजार रुपए की साइबर ठगी मामले में तीन युवकाें काे गिरफ्तार किया गया है।  यह रकम मध्यप्रदेश के एक ही खाते में ट्रांसफर हुई थी।,neutral
375,x.com,2024,Screen Time & Device Dependency,ja,"定期的にスマホを使わない時間を作るようにしています。

デジタルデトックスすると心がすっきりしますね。",neutral
376,x.com,2024,Group Dynamics & Peer Pressure,en,"This stance works in an echo chamber.  There are plenty of Christian church's that stand firm on LGBTQ+ issues and when they hear or know that the LDS Church has openly queer missionaries who have same-sex romantic relationships.  

They don't want to have anything to do with it.",neutral
377,baltimoresun.com,2024,Cultural Norms & Digital Etiquette,en,"Democratic New York City Mayor Eric Adams said he will meet with President-elect Donald Trump’s incoming border czar, Tom Homan, next week. The mayor, during an appearance Thursday on MSNBC, was asked about Trump’s proposed mass deportations plan and what stance New York City will take on it. Adams expressed interest in learning the details of such a plan. “I am looking forward to sitting down and speaking with the border czar next week,” Adams said. “I want to hear the actual plan and how are we going to operationalize the plan.” Earlier in the week Adams said he would “love to” meet with Homan about resolving the city’s illegal immigration problems. He had repeatedly voiced concern over the city’s ability to accommodate migrants, saying last year the additional expenses presented by these arrivals would “destroy” the city. “Those who are here, committing crimes, robberies, shooting up police officers, raping innocent people, have been a harm to our country, I want to sit down and hear their plan on how we are going to address them,” Adams said during a Tuesday press conference. “Those are the people I am talking about and I would love to sit down with the border czar and hear his thoughts on how we are going to address those who are harming our citizens.” Invoking the effects of “cancel culture” on politics, he dared his supporters to retaliate against him for such a meeting. “Well, cancel me because I’m going to protect the people of this city,” Adams said. Homan...",negative
378,x.com,2024,Cultural Norms & Digital Etiquette,ko,"빵주야 크리스마스 선물 기대할게
보고싶다• ᴗ •̥ ˳ ˳",positive
379,x.com,2024,Cultural Norms & Digital Etiquette,id,"Hentikanlah normalisasi tabiat dan watak buruk. Dia itu lakukan bukan cuman sekali dua kali. Kita mesti kompak, lakukan cancel culture, blok dia dimana2. Gk usah dibela.",negative
380,x.com,2024,Screen Time & Device Dependency,ja,デジタルデトックス旅してました,neutral
381,x.com,2024,Screen Time & Device Dependency,ja,最近寝られなさすぎるので†デジタルデトックス日光浴散歩†してきたんだけど、寒くて頭痛くなった,negative
382,x.com,2024,Cultural Norms & Digital Etiquette,it,"Finché non si capisce che siamo noi che viviamo sotto il dominio di aspiranti dittatori di un governo totalitarista di tipo Cambogiano. Al posto dei Khmer Rossi ci sono i fanatici del Green e della Cancel Culture, al posto dell'Angkar il dominio economico del #WEF e dei fondi",negative
383,x.com,2024,Cultural Norms & Digital Etiquette,ms,saran gue sih rakyat indo hrs lebih tegas buat cancel culture,neutral
384,x.com,2024,Screen Time & Device Dependency,ja,"ケイテンさんおはよ(*ˊᗜˋ*)/♡
デジタルデトックスしてたの",neutral
385,x.com,2024,Screen Time & Device Dependency,ja,彼氏、デジタルデトックスと言ってTwitter消してた。わろた。,neutral
386,x.com,2024,Group Dynamics & Peer Pressure,en,"And tell me, why are you writing in the Persian script if you don’t know yourself, either you’re some cosplayer from outside Iran. Or you’re someone inside Iran who doesn’t talk to people, or lives in an echo chamber",positive
387,x.com,2024,Screen Time & Device Dependency,ja,丸2日間強制デジタルデトックスするとそれなりに通知溜まるのね。草。,neutral
388,x.com,2024,Screen Time & Device Dependency,ja,デジタルデトックスしすぎてみぽりんの訃報今知った(T_T),neutral
389,x.com,2024,Screen Time & Device Dependency,ja,デジタルデトックス₍ᐢ⓿ᴥ⓿ᐢ₎,neutral
390,x.com,2024,Cultural Norms & Digital Etiquette,en,"This is social media. What do you expect? Di na uso yung forgiveness ngayong panahon. We are already living in an unapologetic society. Yes, cancel culture is harsh mala Korean style na bash, pero ganyan talaga.",neutral
391,naidunia.com,2024,Social Media & Psychological Well-being,hi,"HighLights  अमित मिश्रा,  ग्वालियर।  देश भर में साइबर ठगी, खासकर डिजिटल अरेस्ट के जरिये लाखों-करोड़ों रुपये शातिर लोग ठग रहे हैं।",negative
392,x.com,2024,Screen Time & Device Dependency,ja,"Zakuさん٩(*´︶`*)۶おはよ〜♬
たまにはデジタルデトックスって事で
\( ´ω` )/

今日明日明後日で書類書き片付けなければ_(　_´ω`)_",neutral
393,x.com,2024,Screen Time & Device Dependency,ja,"おはようございまーす╰(*´︶`*)╯♡
定期的なデジタルデトックスいいね！
のんびり現実楽しんで",positive
394,x.com,2024,Group Dynamics & Peer Pressure,en,"Their adult relationship, keep insulting everyone to fix your life, u havent typed this much about any other ""groomer"" in your life btw, slacktivism from an envious woman",negative
395,x.com,2024,Screen Time & Device Dependency,ja,スクリーンタイムのウィジェット、いつからApple accountに基づいた端末の合計時間を表示するようになった？iPhoneだけウィジェットに表示したいのに、選択できないっぽくて困ってる。,neutral
396,reddit.com,2024,Screen Time & Device Dependency,en,I am a 2026 aspirant aur bhai pure saal jyada kuch nhi kr paya main local aakash mein pdhta hun humare teachers acche hain with good experience chem ke new sir bhi badhiya padhate hain pehle bhut bekaar the but now I want to finish syllabus atleast at mains level bro humare teachers class mein advance level ko jyada nhi chute aur main bhi pure saal esa nhi kr paya. Bro I want to know ki ab 2.5 months mein syllabus kaise cover krun apne liye . Pure saal mera phone addiction ka issue rha kuch din kuch bhi nhi padha . Still I have issue for hours I just scroll yt shorts pls koi tips and pls   suggest methods to complete organic I struggle a lot in goc . Physics ke conceptual question solve nhi hote where should I develop concepts from . I score decent marks in test not very good lower than expectations . Mujhe formulae jaldi yaad nhi hote pls tips for that . Pls help .,neutral
397,x.com,2024,Cultural Norms & Digital Etiquette,id,"lucu emg warga konoha. klo di luar negri mah org2 problematik kaya sih FA udah kena cancel culture. cuma di negara kita doang di undang ke tv, podcast dll. udah dia klo ngebela di kubu orang yg salah! orang toxic ketemu orang toxic udah sama gila nya",positive
398,x.com,2024,Screen Time & Device Dependency,ja,たまにデジタルデトックスは必要ですよ。,neutral
399,x.com,2024,Cultural Norms & Digital Etiquette,ms,Koruptor yg jadi pejabat lagi juga harusnya kena cancel culture,negative
400,x.com,2024,Screen Time & Device Dependency,ja,"おはいおー
デジタルデトックスってやつ！たまにはいいよね…やったことないけど",neutral
401,x.com,2024,Screen Time & Device Dependency,ja,"やっぱり、、、ね、
なんだけど、、、、、、
いろいろ悲しいので
今日はデジタルデトックスの日
にします。",neutral
402,x.com,2024,Group Dynamics & Peer Pressure,en,"US ba dapat ung model nation na gusto natin tularan hahaha eh watak watak nga don. Canada and most of Europe are progressive already. Japan, Taiwan, South Korea shifting slighty to the left now lol. Again, you’re just stuck in ur western (american) conservative echo chamber lol",neutral
403,x.com,2024,Cultural Norms & Digital Etiquette,id,Dia mundur atau ngga tetep harus kena cancel culture sih.,neutral
404,x.com,2024,Screen Time & Device Dependency,ja,"Xで粘着して誹謗中傷してくる人なんてろくなのいないし、SNS離れて一旦デジタルデトックスしたほうが絶対いいと思うの。
大変だと思うけど子育て頑張ってくださいね(* ᴗ͈ˬᴗ͈)”",neutral
405,x.com,2024,Screen Time & Device Dependency,ja,"おはようございます
昨日は豆腐メンタルが顔出してたみたいですみません
そんな時はデジタルデトックスしなきゃな〜と思います。代わりに美味しいものでも食べましょ
今日お仕事の方も、お休みの方もぼちぼちいきましょ( ˊᵕˋ* )♩",neutral
406,x.com,2024,Screen Time & Device Dependency,ja,"グッドモーニングかずおんさん
デジタルデトックスはしたいと思いつつポチポチしてます",positive
407,bsky.app,2024,Screen Time & Device Dependency,ja,どれだけデジタルデトックスをするかが大事だな,neutral
408,x.com,2024,Screen Time & Device Dependency,ja,「デジタルデトックス完了」 https://r.whowatch.tv/lives/57254386/share… #ふわっち,neutral
409,x.com,2024,Digital Presence & Identity Management,th,"ก่อนหน้านี้เคยประสบปัญหาเกี่ยวกับ
ภาวะ Toxic positivity หนักมากกก
พยายามมองทุกอย่างในแง่บวก
แต่“ไม่ได้มองความเป็นจริง”  
ถึงขนาดถ้าวันไหนมีความคิดเชิงลบปุ๊บ
จะรู้สึกผิดหวังกับตัวเอง บอกตัวเองให้คิดบวกตลอดเวลา คือจะบ้า",negative
410,x.com,2024,Screen Time & Device Dependency,ja,"デジタルデトックスと言った場合、電子書籍やサブスクによる音楽配信に切り替えた人には不都合があるかもしれない。

その場合、スマートフォンを機内モードにする「オンラインデトックス」が有効であるかもしれない。",neutral
411,x.com,2024,Screen Time & Device Dependency,ja,"昨日1日…
完全にスマホ触らないデジタルデトックスをしたのでめちゃくちゃ心が楽になった！

こう言う時間は定期的に作りたいね！",positive
412,x.com,2024,Screen Time & Device Dependency,ja,"この一ヶ月で起きた事
11/12:ポストが2000イイね近く付くもフォロワー数13,800人突破でXへのモチベーションが壊れデジタルデトックス

11/13-11/21：デジタルデトックス、頭の中がクリアーになるもXのモチベーションもポストの方法もリセットされる。この期間サウナに複数回行った。",neutral
413,aajtak.in,2024,Social Media & Psychological Well-being,hi,Feedback  राजस्थान के अलवर में छत्तीसगढ़ पुलिस ने दो ठगों को पकड़ा है.  इन ठगों ने मनी लॉन्ड्रिंग केस में फंसाने का डर दिखाकर छत्तीसगढ़ के रिटायर्ड सरकारी कर्मचारी से 54 लाख 30 हजार रुपये ठगे थे.,negative
414,x.com,2024,Screen Time & Device Dependency,en,"I just want to find a woman who plays games and likes sodas… yet once again I am here doomscrolling… I’m afraid to date, which I probably shouldn’t be as I live outside city limits in Texas, but idk man… what to do",negative
415,x.com,2024,Group Dynamics & Peer Pressure,ja,"エコーチェンバーの怖さ。心当たりありませんか？

ホリディシーズンに突入しているアメリカですが、「今年は〇〇に投票したというだけで家族にThanksgivingに呼んでもらえなかった」というようなことが続発しています。

政治的分断が家族や恋人、友人の中まで裂くようなことは本当に無意味。",positive
416,x.com,2024,Group Dynamics & Peer Pressure,ja,エコーチェンバーとフィルターバブルは社会を分断し劣化させる。権力者自身も選出過程もこれらの影響から逃れられないとするならば、権力の分散を意識・制度的に確保しておくしかない。人間も社会も進歩はできるが完全ではない。特定のカリスマだけが完全な社会を作れるかもという幻想は捨てるべき。,neutral
417,x.com,2024,Screen Time & Device Dependency,ja,散歩やランニング行くときスマホ持って行かないの、デジタルデトックスみがあってよいかも,neutral
418,x.com,2024,Screen Time & Device Dependency,ja,"ショー待機の時はやっぱ暇だからスマホ触ってるけど、モバイルバッテリー忘れた関係であんまり触れない状況で必然的にデジタルデトックスができるし、海を見ながらぼーーっとしてるだけで心が休まる上絵のアイデアも思いつくしむしろ忘れてよかったかもなぁ

思い浮かんでくるのはエロ絵ばっかりだが",positive
419,bhaskar.com,2024,Social Media & Psychological Well-being,hi,पार्ट टाइम नौकरी कर घर बैठे लाखों रुपए कमाने का झांसा देकर साइबर ठगों ने गेल से रिटायर्ड चीफ जनरल मैनेजर से 1.49 करोड़ रुपए ठग लिए।  कई बार में ठगों ने मैनेजर से रकम ट्रांसफर करवाई।,negative
420,x.com,2024,Screen Time & Device Dependency,ja,電車でよくわかんないところまで旅に出る櫻はいると思うしそろそろ一人旅出た方がいいしスマホ家に置いて旅行行ってデジタルデトックスした方がいい,neutral
421,x.com,2024,Cultural Norms & Digital Etiquette,ms,"siapa ini orang jazilul? cancel culture nih orang, ngebela org gapunya adab",negative
422,x.com,2024,Screen Time & Device Dependency,ja,"デジタルデトックスしよう
ほんとに心がしんどい",positive
423,x.com,2024,Screen Time & Device Dependency,ja,我が家ではデジタルデトックスを推奨しています( ΦωΦ ),neutral
424,x.com,2024,Cultural Norms & Digital Etiquette,id,"masalah e ora pisan pak wo, dee beberapa kali wes an. baguslah nek wingi dee mundur dan oleh cancel culture cek duwe jera",neutral
425,x.com,2024,Screen Time & Device Dependency,ko,내가 스크린타임 9시간 40분동안 뉴스를 안보고 편히 쉴 수 있겠지,neutral
426,x.com,2024,Screen Time & Device Dependency,ja,"すぐ返ってくるよ
あれだ！デジタルデトックスってやつよw

え？？心臓？みんな一個だけなの？
肝臓だよ？肝臓はまだ育てないと、、、、",neutral
427,x.com,2024,Cultural Norms & Digital Etiquette,id,"Apple to Apple ga harus Plek ketiplek sama, kalo misalkan, Si A Ya artis internasional Kasusnya Pelecehan Seksual, Si B Cuma Influencer Lokal Kasusnya Menghina Penjual Es teh, tapi Si A ga di Cancel Culture Karena Internasional, Si B di Cancel Culture Namanya Standar ganda dong.",negative
428,x.com,2024,Cultural Norms & Digital Etiquette,id,"knetz tuu gaa ada lawan sih kalo ttg cancel culture
kalo 62 plus cuma julid doang kalo masalah cancel culture masi jauuuh
keseringan ngrasa gaa enakan dan terlalu baik",neutral
429,x.com,2024,Cultural Norms & Digital Etiquette,tl,"Alam mo anong nakakatuwa hyprocite talaga mga ibang pinoy, cancel ninyo si Maris at Anthony pero etong Korean actor na si Kim Ji Soo mai bullying scandal sa Korea pero tinanggap sa pinas para mag work has actor? Nakakahiya kayo gaya gaya sa cancel culture ng Korea.",negative
430,jagran.com,2024,Social Media & Psychological Well-being,hi,डिजिटल अरेस्ट के नाम पर करोड़ों की ठगी के मामलों ने झकझोर कर रख दिया है।  दैनिक जागरण  एक व्यापक  राष्ट्रव्यापी अभियान लुटेरा ऑनलाइन शुरू कर रहा है।,neutral
431,bhaskar.com,2024,Social Media & Psychological Well-being,hi,लगातार बढ़ रहे साइबर क्राइम को देखते हुए जिला एवं पुलिस प्रशासन ने लोगों को जागरूक करने की मुहिम शुरू की हैं।कलेक्टर और एसपी द्वारा वीडियो जारी कर लोगों को साइबर फ्रॉड से बचने के प्रति सचेत किया जा रहा है।,neutral
432,krone.at,2024,Cultural Norms & Digital Etiquette,de,"Atomenergie ist gegenwärtig „in“.  Vor allem in China.  Dort sollen in den nächsten Jahren die Reaktoren wie Schwammerl aus dem Boden schießen.  Unter anderem, um die Klimaziele zu erreichen, wie es heißt.  „Krone“-Wissenschaftsexperte Christian Mähr über die neue Reaktorgeneration.  Atomenergie, heißt es in vielen Quellen, sei total unwirtschaftlich gegenüber den alternativen Energiegewinnungsmethoden, also Wind, Sonne, Wellen und so weiter.  Wem das nicht genügt, dem seien ein paar Ortsnamen in Erinnerung gerufen: Tree Mile Island, Tschernobyl, Fukushima.",neutral
433,x.com,2024,Screen Time & Device Dependency,en,"Nope. I love m&amp;m and think they need more screen time too, but I don't think they deserve an apology for the Ozzie's ep. They came to a club that had a very specific theme and vibe that they didn't stick with.(It's the equivalence of going to a romantic restaurant in real life",neutral
434,x.com,2024,Social Media & Psychological Well-being,hi,"नवादा: साइबर थाना की पुलिस ने कार्रवाई करते हुए नौकरी दिलाने के नाम पर ठगी कर रहे तीन साइबर अपराधियों धर दबोचा

#Nawada #Bihar #CyberCrime #Arrested #Bharat24Digital
@bihar_police
 @nawadapolice
 @sarveshnews",negative
435,x.com,2024,Social Media & Psychological Well-being,hi,"UP Crime News Hindi: साइबर ठगों ने NRI बहनों से 1.90 करोड़ ठगे | साइबर पुलिस ने 25 लाख फ्रीज किए
https://tinyurl.com/a6arx6pj
#UPCrimeNewsHindi #साइबर_ठगी #LucknowCrimeNews #NRI #DigitalArrest #CyberCrime #साइबर_फ्रॉड #CyberPolice #CrimeNews #CyberFraud #CyberThugs #NRI #CrimeUpdates",negative
436,reddit.com,2024,Cultural Norms & Digital Etiquette,en,"Educated woman who would prefer an educated man for deep and intelligent conversation and cultural activities. Definitely struggled to find that. Struggled to find a guy who can see his past faults and issues and worked on them, regardless of education. Struggled to find someone who knows how to hold a conversation and ask questions and keep it going. Rarely find a man who doesn't drop some innuendo or sexual connotation in the first 10 replies. When I do find the men who appear to have overcome those things, they freak out at the suggestion of meeting up after a couple of weeks of talking and pull away, breadcrumbing me until they ghost me. 
Tell me why I should want to give any guy over the age of 35 a chance, because this has been a consistent issue I come across. I can't be bothered with dating. Loneliness is actually sucking the life out of my soul, but I have morals and standards and I'd rather leave here alone than not be treated right.",negative
437,x.com,2024,Cultural Norms & Digital Etiquette,en,She looks like a Woke  PC Cancel Culture Bleeding Heart Liberal who voted for Kamala because she is a woman!  Just saying,neutral
438,x.com,2024,Cultural Norms & Digital Etiquette,en,"Pigeons are plotting world domination with breadcrumbs.

 I think I'm in Taipei, Taiwan.",neutral
439,x.com,2024,Screen Time & Device Dependency,ja,レッドライン羨ましすぎてデジタルデトックスするか悩む,neutral
440,x.com,2024,Cultural Norms & Digital Etiquette,id,"dan masih ada aja yg belain, ngundang whatsocalled pengajian, cancel culture sih kata gw",negative
441,x.com,2024,Screen Time & Device Dependency,ja,"定期的にスマホを使わない時間を作るようにしています。

デジタルデトックスするとリラックスできますね。",neutral
442,x.com,2024,Screen Time & Device Dependency,ja,"デジタルデトックスすると決めて携帯見なかったけど、テンション上がってツイートしたくなった

初めて銀のエンゼル出た！",neutral
443,x.com,2024,Group Dynamics & Peer Pressure,en,This rating has been bought and paid for. Slacktivist developers make a crap game for Slacktivist Journalists who get paid to shill for it AND get to try and push a crap agenda. Indiana Jones and the great circle jerk.,neutral
444,x.com,2024,Social Media & Psychological Well-being,en,"Mainland's Taiwan affairs office slams DPP for colluding with certain media, online trolls to cyberbully mainland delegation member for her remarks",neutral
445,techspot.com,2024,Screen Time & Device Dependency,en,"In brief: It's a modern truth that most people can't go more than 15 minutes without looking at their smartphones, so would you be able to avoid the device's temptations for a full eight hours? A lot of users would likely to say no, though a $1,380 prize was enough incentive for one woman. Smartphone addiction is a real issue, especially among younger people who can experience withdrawal symptoms when not constantly checking their phones. A business in China held a ""public welfare challenge"" this week to find out if people could go a whole eight hours without looking at their handsets. That might sound easy to some, but there were several caveats. First of all, the contestants had to lie flat during these eight hours. Mydrivers ' translated report suggests that there were no other activities to keep them occupied during this time, so no books, movies, etc. The obvious solution here would be to just fall asleep, but napping through the challenge wasn't allowed either. Finally, contestants weren't even allowed to show signs of anxiety, which was monitored via a wristband that presumably checked vitals such as heartbeat. Ten individuals were randomly selected to take part in the challenge within the business' store. The winner was a woman who arrived in her pyjamas – surely that would have made not falling asleep even more difficult. She took home 10,000 yuan, equivalent to around $1,380. Studies examining smartphone addiction go back to the early 2010s. It's a problem that's...",neutral
446,bsky.app,2024,Screen Time & Device Dependency,ja,生きてます。\nデジタルデトックス中です。,neutral
447,hindi.news18.com,2024,Social Media & Psychological Well-being,hi,परवेज खान  यमुनानगर.  हरियाणा में साइबर क्राइम का एक और बड़ा मामला सामने आया है.  इसमें ठग ने खुद को LIC का एजेंट बताकर एक लड़की से 27 हजार रुपए ऐंठ लिए थे.,neutral
448,prabhatkhabar.com,2024,Social Media & Psychological Well-being,hi,Gaya News:  शहर के रामपुर थाना क्षेत्र में मिर्जा  गालिब कॉलेज के पास पुलिस ने 35 लोगों को गिरफ्तार किया है.इस इलाके में एक मकान को कुछ लोगों ने रेंट पर ले रखा था.  हर दिन यहां युवक-युवतियां आते थे.,neutral
449,reddit.com,2024,Group Dynamics & Peer Pressure,en,"These people here are living in their own echo chamber, where if one says, ""I'm a idiot"", everyone chants, ""I'm an idiot"".

It's fairly normal in most of the India to touch the feet of a girl child to show as a respect.

And someone mentioned that the child portrait the role of a Devi, and it's natural for theists to bow if they watch the serial with the same mentality.

What's there to make fun of as if this is some alien concept?

Are these guys born yesterday!?",neutral
450,x.com,2024,Screen Time & Device Dependency,ja,デジタルデトックスも大事,neutral
451,x.com,2024,Group Dynamics & Peer Pressure,en,"Socialists like living in an echo chamber with the same opinions for self  congratulations and  slapping backs. Look at North Korea 

It's just the  far left woke twitter  has moved to the centre  X.",neutral
452,x.com,2024,Social Media & Psychological Well-being,hi,"पता नहीं, मुझे तो बड़ा ही घटिया तरीका लगा ऐसे फ्रॉड को समझाने का । इतना serious sentimental issue को cyber fraud के लिए ! ठीक नहीं !",negative
453,x.com,2024,Screen Time & Device Dependency,ja,割とどうにかなる世の中してるし、自分の目で見て得たものが真実だもん、少しぐらいデジタルデトックスした方がいい,neutral
454,reddit.com,2024,"Attention, Focus & Cognitive Load",en,"You are looking at the outcome.

It's all about the number of accessible educational institutions available to students.

China negotiated with America to educate Chinese students at a discount in engineering in US universities. The leader of China was of the view that even if 5% of American educated engineers come back to China, china would be a super power.

While the Indian government did everything to not allow students to go abroad:- we remember the brain drain propaganda.

Chinese were focussed on creating products and earning dollars.

Indians were focussed on getting a degree and then a govt job even if it's of a clerk.

China gave unlimited loans to engineers+entrepreneurs, with an explicit requirement to repay in dollars.

India did everything to not allow common engineers to start a business and earn dollars.

Nehru once said:-  profit is a dirty word.
Indira once said :- alleviate poverty, but I cannot remember any policy made to kick start entrepreneurship in her era.
Rajeev Gandhi said:- for every 100 rupees spent by govt, 85 is lost to corruption. I don't remember any policy to stop that.
Chiddu uncle once said:- how will that vegetable vendor ever get 6.5 rs by digital payment. It's impossible. While he grew cauliflower worth 20 million in his balcony.

Then came the era of Mandal commission 

Then the era of political instability.

So why would the youth of India ever want to spend the effort on engineering just to get a job which keeps him just above poverty when they can study social sciences, become govt employees to earn unlimited bribes, or create social ruckus and become politicians.

Had it not been the requirement of developed economies for engineers, I don't think a demand of more than 20 engineering colleges would have existed in the entire country",negative
455,x.com,2024,Screen Time & Device Dependency,ja,"はい、心置きなく
デジタルデトックスの世界に
とは言っても、求める瞬間もあるかと思いますが
楽しみ",neutral
456,x.com,2024,Screen Time & Device Dependency,ja,"最近すぐイライラするからはやり更年期なのかもしれない、
デジタルデトックスしなきゃだな〜〜",neutral
457,x.com,2024,Screen Time & Device Dependency,id,"Semoga setelah ini leader junkyu lebih banyak dapet line nyanyi, screen time, job nyanyi, lebih sering update, live, lebih sering drop cover song, namanya lebih sering masuk credit dan masih banyak lagi yg belum dia dapet after 5 tahun debut jgn lupa studio di gedung agensi",positive
458,x.com,2024,Screen Time & Device Dependency,ja,"お疲れ様です(｡･ᴗ･)_
とても良いと思いますよ！
自然にデジタルデトックスできてていいと思います(*^^*)",positive
459,x.com,2024,Screen Time & Device Dependency,ja,"Xのことが信用ならなくなったので、とりあえず緊急でインスタ作った。
発信するかどうかは、2025年の俺次第です。
仮ラベルが解除されれば良いですが、そもそもSNSできない状態から１週間経って心晴れてしまったことが心苦しいです。
このままデジタルデトックスしようかな…
https://instagram.com/invites/contact/?igsh=ga5o7ekjavlb&utm_content=we2u4i5…",neutral
460,bsky.app,2024,Group Dynamics & Peer Pressure,en,"I wouldn\'t call it an echo chamber at all. I am a European vaguely-centrist and I follow everything from conservative thinkers to news of Syrian rebels and Georgian protests on here.\n\nBut the saccharine ""I made an oopsie, cutesey me"" posts on discovery feed are not my cup of oversugared coolaid.",negative
461,x.com,2024,"Attention, Focus & Cognitive Load",en,"The brain drain has already started. If the merit of the people is not given proper due in India, it is better to settle in the other country as per the convenience.",neutral
462,x.com,2024,Screen Time & Device Dependency,id,speaking of screen time biasanya gue nyentuh 2 digit (10h)/week atau kadang 9ish tapi karna minggu ini kerja full ditambah lembur jadi cuma segini,neutral
463,x.com,2024,Screen Time & Device Dependency,id,aku kalo makan harus sambil screen time:],neutral
464,x.com,2024,Social Media & Psychological Well-being,hi,"मोबाइल  पर प्राप्त क्रेडिट के फ्रॉड मैसेज से सतर्क रहे 
पहले अपना खाता चैक करें फिर ट्रांजैक्शन करें ।
साइबर ठगी से सतर्क रहें।",negative
465,bhaskar.com,2024,Social Media & Psychological Well-being,hi,गोरखपुर के पास देवरिया जिले में एक दंपती को 25 लाख रुपये की लॉटरी का झांसा देकर 9.85 लाख रुपये ठगने का मामला सामने आया है।  यह घटना अप्रैल 2022 की है।,neutral
466,navbharattimes.indiatimes.com,2024,Social Media & Psychological Well-being,hi,"नवादा:  पुलिस को एक बड़ी कामयाबी हाथ लगी है, जहां नौकरी दिलाने का झांसा देकर ठगी करने वाले तीन साइबर अपराधियों को पुलिस ने गिरफ्तार किया है।",neutral
467,x.com,2024,Group Dynamics & Peer Pressure,ja,"いや政治スペースの事など私に言われても知らんわけだが？別に

「オープンディスカッションを否定する」＝「公開掲示板に向いてない」

という指摘はクローズド討論スペースに適合すると言う意味で言っているわけではない。

オープンディスカッションを否定する者はエコーチェンバーに陥りやすいので",negative
468,bhaskar.com,2024,Social Media & Psychological Well-being,hi,नवादा पुलिस ने नौकरी दिलाने के नाम पर ठगी करने वाले तीन साइबर अपराधियों को गिरफ्तार किया है।  यह कार्रवाई साइबर थाना की एसआईटी ने डीएसपी सह साइबर थानाध्यक्ष प्रिया ज्योति के नेतृत्व में की।,neutral
469,x.com,2024,"Attention, Focus & Cognitive Load",en,"Over half my class are international Indian students too. 

I think Indian officials are starting to respond to American brain drain. Indian government agencies have started advertising job positions on my undergrad’s and current school’s job boards.",neutral
470,x.com,2024,Physical Health & Digital Ergonomics,en,"Digital Eye Strain: The Hidden Danger of Your Smartphone’s Flickering Screen

If you experience headaches, eye strain, or even dizziness after using your smartphone, you probably suffer from Digital Eye Strain (DES).

Read Morehttps://digitalterminal.in/smart-phone/digital-eye-strain-the-hidden-danger-of-your-smartphones-flickering-screen…

#OppoIndia #OppoReport",negative
471,x.com,2024,Screen Time & Device Dependency,ja,"やるか
デジタルデトックスっちゅーやつを",neutral
472,x.com,2024,Screen Time & Device Dependency,ja,"デジタルデトックス４日目で終了
家のネット回線と電話がある日突然繋がらず…。プロバイダーに電話したらNTTの方の不具合なので工事手配するから、直ったらメールするね♪ってことで今日やっと復旧。初日こそイライラしたが２日目からは家でもスマホを手放し早寝早起き。ぐーすか寝まくる。",neutral
473,x.com,2024,Social Media & Psychological Well-being,hi,*रिटायर्ड शिक्षिका से डिजिटल अरेस्ट कर 35 लाख ठगे:* साइबर ठग ने 3 करोड़ की ठगी में कमीशन लेने का दिखाया डर,negative
474,x.com,2024,Screen Time & Device Dependency,ja,バンドももちろん大事なんだけど、AUF Boothはなにより環境を楽しむイベントなのよ！空気の澄んだ山奥で電波もないデジタルデトックス。深夜まで音楽と酒に囲まれてる空間。サウナだって入れちゃうしファンやバンドマンとの交流の場でもある。ひとつでもバンド知ってたら死ぬほど楽しい日になるの！,positive
475,x.com,2024,Screen Time & Device Dependency,ja,"@ichigochiba
 
デジタルデトックスって
よく解らないけど SNSとかを見ないって事なのかなきっと
ゆっくり過ごして下さい。",neutral
476,x.com,2024,Cultural Norms & Digital Etiquette,id,"Memang sudah seharusnya begini, Gus. Berkolaborasi. Cancel culture tak perlu dilestarikan.",neutral
477,x.com,2024,Screen Time & Device Dependency,ja,大体月1で参加してます。集中力高まりますよ。デジタルデトックスにもなるし。日々生活してるとなかなか、無になる時間ってなかなかないですからね,neutral
478,x.com,2024,Screen Time & Device Dependency,ja,デジタルデトックスの日はいいですね,neutral
479,x.com,2024,Screen Time & Device Dependency,ja,あ、デジタルデトックスっていうんだ。,neutral
480,x.com,2024,Screen Time & Device Dependency,ja,半デジタルデトックスのような生活をしなくちゃならなくて、なかなかにしんどいです。でもここには来る。来ちゃう。,neutral
481,x.com,2024,Cultural Norms & Digital Etiquette,en,Americans are literally throwing breadcrumbs to Indian political party to conduct politics against the incumbent. This is political interference.,negative
482,reddit.com,2024,"Attention, Focus & Cognitive Load",en,"1. What do you mean by politically divided? Is there a thing like politically United?
Politics is made to have sides, people choose between those sides.
If this govt has pushed religion, didn't the previous govts push caste to gain votes? Even the main opposition party head is still hard bent on caste survey.

2. India has come far in resolving bureaucratic bottlenecks.
From 142 to 63 ranking in ease of doing business within 2014 to 2019 is proof of that, as you have mentioned also.
Even achieving this is a big task.
Are you expecting a miracle like China where govt can take absolute decisions?
I am pretty sure that India will keep working and be better at this in coming years.

3. Brain drain is a big problem I admit.
But again it's not a lose-lose situation. India receives the highest remittance in the world.

4. Any capitalistic governance system has seen the issue of wealth inequality, it's not something to do with the current govt or previous. Until you have capitalism, income + wealth inequality will increase.
The world has seen very few exceptions to this over the whole century.
A better metric is to see if people are becoming poor or not. Although the government claims to be lifting almost half of Indians from poverty, I am not so confident.

5. I don't understand what you mean by unrest currently at 20%. Do you mean that 20% of the country is protesting?
Where?
And what is your source of claiming that this will increase over years? Any study?
Farmer's protests are highly politically influenced and are only happening in a few states.
Students protesting over jobs and exams is certainly a big matter.",positive
483,x.com,2024,Screen Time & Device Dependency,en,A phone-addicted boy was shocked by the alarm his mom had set to prevent him from phone addiction when he got up at midnight and secretly used his mobile phone. #funny #China #phoneaddiction,negative
484,bsky.app,2024,Screen Time & Device Dependency,ja,デジタルデトックスな,neutral
485,navbharattimes.indiatimes.com,2024,Social Media & Psychological Well-being,hi,गाजियाबाद: उत्तर प्रदेश के गाजियाबाद के मोदीनगर शहर में साइबर ठगों की हिम्मत  इतनी बढ़ गई है कि शुक्रवार को मोदीनगर की विधायक डॉक्टर मंजू शिवाच को ही डिजिटल अरेस्ट करने का प्रयास किया।,negative
486,x.com,2024,Screen Time & Device Dependency,id,Jarang login di sini sekarang. 🫠 Sampai instal I’m sober biar ngurangin screen time karena addicted banget dulu ke sosmed… 😭,neutral
487,navbharattimes.indiatimes.com,2024,Social Media & Psychological Well-being,hi,ग्वालियर :  एमपी में साइबर क्राइम के मामले लगातार सामने आ रहे हैं।  ग्वालियर में एक कारोबारी दंपति को 16 घंटे तक डिजिटल अरेस्ट कर रखे जाने की घटना सामने आई है।,neutral
488,theguardian.com,2024,Cultural Norms & Digital Etiquette,en,"A s I leave the office, my editor wishes me luck. “Hope he’s not too grumpy!” she says. A moment later, the deputy editor asks where I’m off to. To see Brian Cox , the actor, I say. “Oh!” she says, with a rather-you-than-me look. “Hope he’s not too grumpy!” The Guardian’s journalism is independent. We will earn a commission if you buy something through an affiliate link. Learn more. Cox has played grumpy for going on 60 years. All sorts of grumpiness – idiot grumpy (independent candidate Bob Servant in the TV comedy of the same name ), world-weary grumpy (school principal Dr Nelson Guggenheim in Wes Anderson’s film Rushmore ), psychopathic grumpy (the first movie incarnation of Hannibal Lecter in Manhunter ), egomaniacal grumpy (Robert McKee in Spike Jonze’s Adaptation ) and, of course, brutal grumpy as media mogul Logan Roy in the TV series Succession . In recent years, he has often appeared on chatshows being grumpy about the state of the world. In 2022, he published his hugely entertaining memoirs, in which he was grumpy about method acting, useless directors, vain thesps, useless politicians, the church, capitalism, cancel culture, you name it. He was also fabulously indiscreet – Steven Seagal, whom he worked with on The Glimmer Man, is “ as ludicrous in real life as he appears on screen ”, Johnny Depp is “so overblown, so overrated”, Tarantino’s work is “meretricious” , Edward Norton is “ a nice lad, but a bit of a pain in the arse because he fancies himself as a...",positive
489,x.com,2024,Social Media & Psychological Well-being,hi,"अखिलेश यादव को इतनी बात नहीं समझ आती कि साइबर अपराध को तो रोकना आवश्यक है, परंतु देश की प्रगति को भी नहीं रोका जा सकता 🚀💻",neutral
490,x.com,2024,Social Media & Psychological Well-being,hi,"अखिलेश यादव को इतनी बात नहीं समझ आती कि साइबर अपराध को तो रोकना आवश्यक है, परंतु देश की प्रगति को भी नहीं रोका जा सकता 🚀💻",neutral
491,x.com,2024,Social Media & Psychological Well-being,hi,"अखिलेश यादव को इतनी बात नहीं समझ आती कि साइबर अपराध को तो रोकना आवश्यक है, परंतु देश की प्रगति को भी नहीं रोका जा सकता 🚀💻",neutral
492,x.com,2024,Social Media & Psychological Well-being,hi,"अखिलेश यादव को इतनी बात नहीं समझ आती कि साइबर अपराध को तो रोकना आवश्यक है, परंतु देश की प्रगति को भी नहीं रोका जा सकता 🚀💻",neutral
493,x.com,2024,Social Media & Psychological Well-being,hi,"अखिलेश यादव को इतनी बात नहीं समझ आती कि साइबर अपराध को तो रोकना आवश्यक है, परंतु देश की प्रगति को भी नहीं रोका जा सकता 🚀💻",neutral
494,x.com,2024,Group Dynamics & Peer Pressure,ja,あまりにアルゴリズムで似たりよったりな情報ばっか来るとエコーチェンバーとか、フィルターバブル現象とかいうのになるのもイヤじやん？？  玉石混交に触れたいんよわしは！(›´-`‹ ),neutral
495,x.com,2024,Screen Time & Device Dependency,ja,デジタルデトックスしようとして佐賀来たけど、Kindle開いて「これはデジタル…？」となってる,neutral
496,x.com,2024,Group Dynamics & Peer Pressure,ja,"細かい事言うなら趣味で繋がる様にしておかないと…
政治運動系で繋がっちゃうとむしろエコーチェンバー化に拍車が掛かってしまうと思うんですよね。",positive
497,x.com,2024,Social Media & Psychological Well-being,hi,"#JhansiPolice
#MissionShakti_5  अभियान के तहत #SSPJhansi के निर्देशानुसार झाँसी पुलिस द्वारा छात्राओं को महिला सुरक्षा, महिला संबंधी अपराधों से बचाव, साइबर अपराध तथा शासन से जारी हेल्प लाइन नम्बरों की जानकारी देते हुए जागरुक किया गया।",neutral
498,x.com,2024,Screen Time & Device Dependency,ja,ストレージ容量なさすぎてあらゆるメッセージが届かず意図しないデジタルデトックスを受けているので早急になんとかしますが故………,positive
499,x.com,2024,Screen Time & Device Dependency,ja,"ネットの世界にいすぎると心が疲れるぜ
デジタルデトックスしますわー",negative
500,x.com,2024,Screen Time & Device Dependency,ja,デジタルデトックス,neutral
501,x.com,2024,Screen Time & Device Dependency,ja,"【過去記事紹介】脱・スマホのすすめ 〜「ガラケー復活」でデジタルデトックスを実現する方法
https://h0he.blogspot.com/2023/01/dumbphone-digital-detox.html…

スマホ依存や、SNS疲れ、ストレスの軽減に役立つ、ガラケーのような低機能携帯電話「ダムフォン」について、紹介します。
#相互フォロー #フォロバ100",neutral
502,x.com,2024,Screen Time & Device Dependency,ja,"デトックス日記

スマホ断ち｜３日目
お菓子断ち｜７日目
ジュース断ち｜７日目
コンビニ断ち｜７日目
自販機断ち｜６日目
禁欲 ｜０日目
※スマホ断ちはスクリーンタイム1.5h以下

なかなか禁欲が続かん。",neutral
503,x.com,2024,Screen Time & Device Dependency,ja,ぶっ壊れてた！スマホが！使える！デジタルデトックスから卒業だよ〜,negative
504,reddit.com,2024,Group Dynamics & Peer Pressure,en,"Lol at the reddit echo chamber giving their predictable answers. Of course you sheep would vote for her that is part of the problem. You are all the same sheep. 

She would lose but not because she is a woman. She is already compromised. Just another corporate shill in the eyes of many voters. If any of you would bother stepping out of your comfort zones you would know this. And if this sounds absurd then you have just realized how much of a box you live in.

I knew Trump would beat Copmala and JD Vance or whoever runs after would easily beat AOC. Democrats think that they are running against the Rethugs. No you are campaigning against APATHY.

Newsome and AOC both have opposed reparations for FBAs. The black vote will continue to shrink as more and more of us tune out from lack of actual legislation for black agendas. When you continue to ignore your most loyal voters you will eventually lose their support.

These elections are decided by swing states. She won't get FBAs in these states to vote for her just like Copmala. There is no more Facade and fear mongering won't work either. Rolling out black celebs and the Obama's won't work either. Be prepared for some long winters and tight wallets.


Let the down votes ensure",negative
505,x.com,2024,Cultural Norms & Digital Etiquette,id,Viralkan sampai si Miftah minta maaf dengan serius. Gw dukung cancel culture ke nih orang,neutral
506,x.com,2024,Social Media & Psychological Well-being,hi,"डिजिटल क्रांति युग में तेजी से हर क्षेत्र में परिवर्तन हो रहा है डिजिटल अपराधों पर लगाम लगाने हेतु साइबर थाने महत्वपूर्ण भूमिका निभा रहे 
@yadavakhilesh
 का पूरी डिजिटल प्रणाली पर प्रश्न उठाना इनकी पाषाण कालीन सोच का परिचायक ही नही बल्कि इनके डिजिटल ज्ञान पर भी प्रश्न खड़ा करता है!",neutral
507,x.com,2024,Screen Time & Device Dependency,ja,"ういさん

デジタルデトックス　5時間。　
テニスしてました。",neutral
508,x.com,2024,Cultural Norms & Digital Etiquette,ms,Kalo itu mah blio kena cancel culture ntar kak,neutral
509,reddit.com,2024,Group Dynamics & Peer Pressure,en,"Created new sub targetted towards nepali millennials perspective. Feel feel to join and engage and create posts that you want to have discussion on. 

Nothing against this sub but sometimes it feels like too there are too many teenagers and early 20s and feels like echo chamber due to large user base of those age group.

",neutral
510,x.com,2024,Social Media & Psychological Well-being,ja,"県道でウマと車が衝突　運転の女性が軽傷　群馬・伊勢崎市 | 上毛新聞社のニュースサイト https://jomo-news.co.jp/articles/-/575913… 
(´・ω・｀)昨日のはコレか…",neutral
511,x.com,2024,Screen Time & Device Dependency,ja,"土日は家族時間と仕事のメリハリが重要
デジタルデトックスとか絶対できないスマホ依存民なんですが、子供と遊ぶ時はできる限りスマホを触らないよう心がけております

動画編集も運用代行もしっかり手を動かして対応して頂いているチームメンバーに感謝しかない",positive
512,bsky.app,2024,Screen Time & Device Dependency,ja,これより20時間ほどデジタルデトックスに行く！,neutral
513,x.com,2024,Group Dynamics & Peer Pressure,en,"My dilemma about this issue is, woman like me who prefer male characters seem to be on the opposite side of fellow women who are lesbians. Why we women have to argue against each other?

I'm glad Twitter is not the whole reality and is merely an echo chamber of the loudest people",negative
514,x.com,2024,Screen Time & Device Dependency,hi,"बच्चों पर अत्यधिक स्क्रीन समय के प्रभाव विषय पर जानकारी प्राप्त करें डॉक्टर नूतन सिंह, विभागाध्यक्ष, बाल रोग विभाग, राजकीय दून मेडिकल कॉलेज, देहरादून द्वारा कार्यक्रम हैलो डॉक्टर में दूरदर्शन उत्तराखण्ड पर दिनांक 09.12.2024 को शाम 4.00 बजे और लाइव-स्ट्रीमिंग यूट्यूब पर देखे",negative
515,x.com,2024,Screen Time & Device Dependency,tr,"Telefonuna arka arkaya yüzlerce bildirim gelmesi seni çok mu yordu? O zaman ara vermenin tam sırası. 10 Aralık Dijital Detoks Günü'nde sen de bildirimlerini kapat, Baştan Aşağı Tamamlayan Sağlık Sigortası ile mental sağlığını güvence altına al.
#RaySigorta #DijitalDetoks",neutral
516,x.com,2024,Social Media & Psychological Well-being,en,The kumaos are larping as Nepalis . Manchearu le inferiority complex bhako ho cyberbullying pachi.,negative
517,x.com,2024,Screen Time & Device Dependency,ja,"今日父親の古希の祝いで出かけていたのだけど、スマホを忘れてしまって、強制デジタルデトックスをしていた！( ˃̣̣̥ω˂̣̣̥ )

「写真撮れないじゃん！」の次に思い浮かんだのが、かすたーさん(妹)の猫ちゃんたちの写真を漁れないことだった…ねこは正義！やっと見れた！今日もカワイイーッ！(∩´∀`∩)",positive
518,x.com,2024,Screen Time & Device Dependency,ja,今こそデジタルデトックス大事です,neutral
519,x.com,2024,Screen Time & Device Dependency,ja,"リプ漏れちゃってた…ごめんね
１日スマホが無いと何したらいいのか私も分からなくなりそう…
デジタルデトックスって何したらいいんだろうね…詩を作るとか？ちみちゃんスケッチとか？？",negative
520,x.com,2024,Screen Time & Device Dependency,ja,今日、すんごいインターネットと繋がらない。世界にデジタルデトックスを勧められてる,neutral
521,bsky.app,2024,Social Media & Psychological Well-being,de,Ich stöbere gerade in meiner Foto- und Erinnerungskiste und fand diese Deutung meines Namens von meiner früheren japanischen Kollegin Jomo. Mit ihr habe ich in Neuseeland 3 Monate im Backpacker gearbeitet. Eine Seele von Mensch❣️💫🍀 Die verschiedenen Silben meines Namen sind mit Bedeutungen im chinesischen Mandarin versehen. \nAn > older brother \nJa > valley \nMei > dance \nNe > Second\nKe > fragrance,neutral
522,x.com,2024,Screen Time & Device Dependency,ja,そろそろデジタルデトックスをだな,neutral
523,bsky.app,2024,"Attention, Focus & Cognitive Load",en,"America has lost it's brains so it's easy to use other country's brain drain to up their economy by showing them higher salaries. If only the genius countries like India and China tried to pay their employees more, everyone would stay.",positive
524,x.com,2024,"Attention, Focus & Cognitive Load",en,"I don't buy yet on the brain drain thing, millions of indian students in usa. However your data is more descriptive. 

The other claim is based on league of computer science grads from IIT.",neutral
525,bsky.app,2024,Group Dynamics & Peer Pressure,ja,限界芸術と刺激の強度とエコーチェンバーについて考えたい,neutral
526,x.com,2024,Cultural Norms & Digital Etiquette,zh,"Comedian PROVES Cancel Culture Has LOST IT https://youtube.com/shorts/8uAR-u1uL9I?si=8Z85taGArYzq6qjL… via 
@YouTube",neutral
527,x.com,2024,Cultural Norms & Digital Etiquette,id,"Menu rekomendasi Chef Kobe Minggu ini adalah Resep Mozarella Stick

Bahan:
120 gr keju mozzarella 
80 gr Kobe Tepung Ayam Geprek 
120 ml air
50 gr Kobe Breadcrumbs
minyak goreng secukupnya

#kobefoodservice",neutral
528,x.com,2024,Group Dynamics & Peer Pressure,ja,RT とてもいい案。政治家+官僚が悉く的外れなのってエコーチェンバー入ってるからだろうし。,neutral
529,bsky.app,2024,Screen Time & Device Dependency,ja,わかる、そういう友達ってなかなかいないよね。デジタルデトックスには良さそうだけど、現実的に難しいよね。でも、そういう旅行企画、面白そうだよ。\n,neutral
530,x.com,2024,Persuasive Design & Algorithm Ethics,ja,選挙粛正運動でダラダラやった訳だが、令和国会も実施的に企業献金で形骸化したろ？粛正運動も実効性無かった。かつアテンションエコノミーを当時の軍部テロショックドクトリン以外に置換することも出来る。それは衆院議員3割以上、つまり腐敗を担った議員の出自が新聞記者上がり。爆笑だろ。,neutral
531,x.com,2024,Social Media & Psychological Well-being,hi,"अखिलेश यादव को इतनी बात नहीं समझ आती कि साइबर अपराध को तो रोकना आवश्यक है, परंतु देश की प्रगति को भी नहीं रोका जा सकता 🚀💻",neutral
532,hindi.news18.com,2024,Social Media & Psychological Well-being,hi,ग्वालियर.  मध्य प्रदेश में डिजिटल अरेस्ट के मामले लगातार बढ़ रहे हैं.  हाल ही में एक मामला ग्वालियर से सामने आया है.,negative
533,bhaskar.com,2024,Social Media & Psychological Well-being,hi,काकादेव स्थित प्रभात  सीनियर सेकेंडरी स्कूल में ऑल इंडिया वुमेन कांफ्रेंस की ओर से साइबर क्राइम जागरुकता कार्यक्रम का आयोजन किया गया।,neutral
534,hindi.news18.com,2024,Social Media & Psychological Well-being,hi,दरभंगा:-  आमतौर पर सनातन धर्म में अधिकांश जगहों पर सिर्फ मंगला आरती की जाती है.,neutral
535,x.com,2024,Screen Time & Device Dependency,ja,"ホント秋ヶ瀬公園は電波が悪い。
デジタルデトックスにもってこい",negative
536,x.com,2024,Screen Time & Device Dependency,ja,"私の「一定時間まーーーーーーーったくケータイを見ない時間がある」って癖直したいのに出来ない
デジタルデトックスが余裕でできちゃう",neutral
537,x.com,2024,Screen Time & Device Dependency,ja,中途半端デジタルデトックス族なので居ないようでいたりする,neutral
538,news.ycombinator.com,2024,Group Dynamics & Peer Pressure,en,">Yes, he might have had help in spreading that messageModern mass social media isn't just ""help spreading the message"", as everyone on this website must surely be aware. It's not a guy handling out pamphlets. It's a hyper-optimised, hyper-targeted psychological howitzer that would make Goebbels or Bernays blush.Ffs I search for cake recipes on YouTube and my suggested videos are infinite hours of the local far-right guy ranting about gypsies and nepalis. Of course it has an effect, of course such one-sided avalanche of propaganda skews and manipulates things. This is obvious and also empirically verified.I stress: one-sided. It's not even so much as all the boomers (and impressionable kids) being fed this propaganda for hours on end, it's that it's the only thing that they are fed. Listening to 30 tiktoks in a row of the guy ranting about gypsies and the EU would not be so bad if at least it was followed by some tiktoks giving an opposing views, or exposing that guy's shady business deals and how he pockets millions in taxpayer money! But we all know echo chambers are more lucrative than balanced views...... Romanian court annuls result of presidential election first round (bbc.com)",negative
539,x.com,2024,Screen Time & Device Dependency,ja,"無事に着いたようで良かったです♪
デジタルデトックスして来てね！",positive
540,news.ycombinator.com,2024,Group Dynamics & Peer Pressure,en,"Modern mass social media is a hyper-optimised, hyper-targeted psychological howitzer that would make Goebbels or Bernays blush. It's more than just ""an influence"".Ffs I search for cake recipes on YouTube and my suggested videos are infinite hours of the local far-right guy ranting about gypsies and nepalis. Of course it has an effect, of course such one-sided avalanche of propaganda skews and manipulates things. This is obvious and also empirically verified.I stress this: one-sided. It's not even so much as all the boomers (and impressionable kids) being fed this propaganda for hours on end, it's that it's the only thing that they are fed. Listening to 30 tiktoks in a row of the guy ranting about gypsies and the EU would not be so bad if at least it was followed by some tiktoks giving an opposing views, or exposing that guy's shady business deals and how he pockets millions in taxpayer money! But we all know echo chambers are more lucrative than balanced views.... Romanian court annuls result of presidential election first round (bbc.com)",negative
541,x.com,2024,"Attention, Focus & Cognitive Load",en,"No one would have questioned so much but putting reverse brain drain is a big statement.
And you are claiming that without official MEA data. 

Just saying ""my batch prefers India more than US"" would have been fine.",neutral
542,bsky.app,2024,Screen Time & Device Dependency,ja,デジタルデトックス,neutral
543,reddit.com,2024,"Attention, Focus & Cognitive Load",en,"Hey all. My boyfriend (22M) and I (23F) broke up a week ago because I went through his phone and found lots of media of other girls (screenshots from social media and dating apps). He came clean about having a porn addiction since the age of 13 that progressed to needing more and more exciting and sick media. We were long distance for 2.5 years, but we had a beautiful relationship with only minor issues here and there before I found out. We have kept in touch because I need closure and clarity. He has made everyone aware in his life of his porn addiction, is already seeing a sex therapist, an addiction coach, and a general therapist. He has put app blockers on his phone that is controlled through his friends’s phone. I do believe that he had a porn addiction, as I see him doing these actions but he never messaged one person on the dating apps and was doing you know what to the pictures. 
We will not be getting back together. He crossed some boundaries and chose to keep this from me until I found out, and I know that I cannot recover from this and rebuild a romantic relationship, and I cannot live the rest of my life wondering if he will relapse. 

However, I do believe he is a good person that I just cannot be with in that way. I believe that every situation is nuanced and everything is not so black and white. A large part of me wants to keep in contact with him because I care about him and want to see him get better, and he has told and shown me that he will do anything to help me heal regardless if I am with him or not. 

I know that I’m going to receive a lot of negativity from Reddit and I am fully aware that it’s brave of me to post. But for those of you who can offer sound advice, is there any way we can stay in each other’s lives given that we have no plans to get back together and can set major boundaries?",neutral
544,x.com,2024,Cultural Norms & Digital Etiquette,id,"emng dia tuh udh sering bangt ngerendahin oraang, susah bangt apa orang indo nerapin cancel culture",negative
545,x.com,2024,General Concept,ja,"Digital　Wellbeingのフォーカスモードいいな！アプリ５分設定やから
依存症にならないよ！",neutral
546,x.com,2024,Cultural Norms & Digital Etiquette,id,"Debat satu model seiya sekata gak akan ningkatin nalar, mknya gue heran sama budaya sensor dan cancel culture",negative
547,bsky.app,2024,Persuasive Design & Algorithm Ethics,ja,猫をなでる手に毛がくっついて、まるで雪だと思う。帰り道に他愛ない話をする。友達の絵にこっそり感動する。アテンションエコノミーでは見過ごされがちだが、生活の本分は、そういった他人とシェアしづらくバズらないエピソードの方にあるのではないか。\n『「今どきの若者」のリアル』第十五章p226  谷川 嘉浩,neutral
548,x.com,2024,Screen Time & Device Dependency,ja,こんな可哀想な状態なのにデジタルデトックスは出来ず、ただ辛抱強く待ってる私,negative
549,x.com,2024,Screen Time & Device Dependency,ja,知らないはずの情報や量が人生に流れてくることによってなんか自分の人生じゃないみたいな気持ちが強くなっている。デジタルデトックスとかしないとかな〜。,neutral
550,x.com,2024,Social Media & Psychological Well-being,hi,"डिजिटल अरेस्ट का शिकार हुईं मां-बेटी
साइबर ठगों ने 36 लाख 58 हजार रुपए ऐंठे

#Noida #digitalarrest #cybercrime 
@ShivangiiD",negative
551,x.com,2024,Screen Time & Device Dependency,ta,"பிரச்சினை ராணவ் பேசினது மட்டும் அல்ல.  VTV மறைச்சது!

எப்படி இந்த நிகழ்ச்சியை இதற்கு மேல் நம்புவது?

#Muthukumaran screen time limited
https://x.com/BhimROCKY/status/1865044645522403774…

#Raanav mistakes
https://x.com/BhimROCKY/status/1865123787160830121…",neutral
552,x.com,2024,Screen Time & Device Dependency,ja,"定期的にパソコンを使わない時間を作るようにしています。

デジタルデトックスするとリラックスできますね。",neutral
553,youtube.com,2024,"Attention, Focus & Cognitive Load",en,"We Running of Elon Musk Sounds Alarm Vantage with Palki Sharma. At the same time, the number of singles is also increasing. If another pandemic strikes, and God forbid, if it proves to be more dangerous to children, we are doomed. 
People here are commenting about fewer crowds, which might be true to some extent, but the crowd we’re seeing now is not made up of people between 10-25 years old. It’s alarmingly made up of individuals aged 25 and older. 
Given the current lifestyle, stress, and health conditions, it’s much harder for these individuals to survive another 50 years. The pressures of modern life, work, financial instability, and the constant onslaught of digital distractions are only making things more difficult.

 Our healthcare systems are strained, and many people are suffering from mental health crises, chronic conditions, and diseases that could have been preventable with better choices or systems. We’re in a world where technology has led us to amazing advancements, yet it also pushes us further into isolation and impacts our well-being. 
They said science brings advancement, and look where we are today. Just 100 years of progress, and we’re already facing a crisis. We’ve advanced in terms of technology, but at what cost to our health, our families, and our future? The very systems that were meant to improve our lives seem to be creating deeper problems that we don’t have the answers to yet.

But about CHINA in specific terms it was their FAULT REMEMBER THE RULE OF 1 CHILD POLICY, this is when i mean we do not look at the risks before implying rules, population control caused them so much harm that only elderly folks are there now. 

GENDER EQUALITY i am with it but at the same time, we are trying to tweak to very means of our natural purpose. BEFORE NUKES AND SPACE WE SHOULD BE LOOKING AT TEST TUBES BABIES, bring that doctor back who could genetically make babies LOL my bad",negative
554,x.com,2024,Screen Time & Device Dependency,ja,今日はデジタルデトックスをしたいい日,positive
555,x.com,2024,Screen Time & Device Dependency,ja,"朝から携帯を家に忘れて仕事場へ
思いがけず約12時間強のデジタルデトックス

最初は少しソワソワしたけど、特に問題なく過ごせて良かった〜
とにかく腕時計はしていて良かった！
そして、シーズン中じゃなくてホントに良かった〜！！！",positive
556,x.com,2024,Screen Time & Device Dependency,ja,"ポストしに行ってる訳やないから
むしろスマホの電源落としてデジタルデトックスしちゃお♪

ステキな夜を",neutral
557,x.com,2024,Screen Time & Device Dependency,ja,"そうなんですよ〜
我が家テレビが無いからちょっとしたデジタルデトックス状態
前日の雷でマンションの配電盤？が故障したらしくて月曜の午後に復旧するらしいです",neutral
558,x.com,2024,Screen Time & Device Dependency,ja,一ヶ月くらいデジタルデトックスしたいから一ヶ月くらい時を止めてほしい,neutral
559,x.com,2024,Screen Time & Device Dependency,ja,"分かる！あたしも時々そうなる
最近はデジタルデトックスとかしてるな...",neutral
560,x.com,2024,Screen Time & Device Dependency,ja,スマホを家に忘れて出勤したので強制デジタルデトックスな1日でした＼(^o^)／,negative
561,x.com,2024,Screen Time & Device Dependency,ja,デジタルデトックスやりましょう,neutral
562,x.com,2024,Screen Time & Device Dependency,ja,明日突発でデジタルデトックスをしにデイユースでホテル使おうかな…,neutral
563,x.com,2024,Screen Time & Device Dependency,ja,"12/10(火)〜14(土)まで
デジタルデトックスします〜！

母をbirthday旅行に連れて行きます
with凛sister

廃人化としてるこのアカウント
年内には終わりかな〜
な〜んて",neutral
564,x.com,2024,Screen Time & Device Dependency,ja,デジタルデトックスは必要で、パソコンが死んでから気持ちが楽になった。,neutral
565,x.com,2024,Screen Time & Device Dependency,ja,"学生時代、バルト三国覚える時に
友達とリズムで覚えたの思い出しました。
♪エストニア、ラトビア、リトアニア〜♪

これからシフト立ててデジタルデトックス

いつもありがとう(⁠*⁠˘⁠︶⁠˘⁠*⁠)⁠",positive
566,x.com,2024,Screen Time & Device Dependency,ja,昨日は宿で謎にWi-Fiがつながらなかったのでいいデジタルデトックスになった,positive
567,x.com,2024,Screen Time & Device Dependency,ja,冬休みはデジタルデトックスするぞ,neutral
568,x.com,2024,Screen Time & Device Dependency,ja,"現代人、
デジタルデトックスも時には大事",neutral
569,x.com,2024,Social Media & Psychological Well-being,en,"and you know who cyberbullied illit? the GP/tokkis/hired bots by mhj/pannchoa, allkpop, koreaboo etc basically everyone in korea",neutral
570,x.com,2024,Cultural Norms & Digital Etiquette,id,"ngeliat replies dan sebanyak ini korbannya, semoga beneran kena cancel culture.",positive
571,x.com,2024,Cultural Norms & Digital Etiquette,en,"Years harassing asian artists because they were ""whitewashing"" characters, now look those likes, 100k and 300k over y'all. Glad to see that it's over for your hypocrisy and cancel culture. Maybe Elon's twitter isn't really bad. World is healing.",positive
572,x.com,2024,Group Dynamics & Peer Pressure,th,ก็ดีหน่อยนะ ที่คนส่วนใหญ่บนโลกไม่ได้พูดภาษาไทย ไม่งั้นเขาจะดูถูกสื่อไทย ว่าไม่ได้มีความรู้ไรเลย จับใจความไม่ค่อยได้ อาการพวกคุณมันคือ echo chamber นั้นแหละครับ ตอนนี้ก็เฮๆ เอาเท่ห์ แต่มันมี digital footprint นะในปัจจุบัน อนาคตก็ลำบากหน่อย จะทำอะไรได้ นโยบายของค่ายส้ม,neutral
573,x.com,2024,Cultural Norms & Digital Etiquette,id,"Dia g update soal cancel culture apa ya? Lupa yaa konsekuensi dr teknologi digital, artinya jejak dmn2, jgn setaun lalu, 10 taun lalu pun kalo ada dokumentasinya jg bakal dikeluarin sama netizen",positive
574,x.com,2024,Screen Time & Device Dependency,id,"btw saran aja sih buat gmmtv, kedepan nya kalo mau ambil screen time cast sendiri2 gini yang adil dong.. ini you di 30 detik ini ga masukin screentime est yg sendiri..",neutral
575,x.com,2024,Cultural Norms & Digital Etiquette,id,"Bisa toxic kalo memang lebih fokus sama throwing hate/public shaming. Adil kalo cancel culture dijalanin untuk sekedar ngasih efek jera untuk orang yang bersangkutan, jadi dia bisa reflect dan gak ngulangin hal yang sama lagi.",neutral
576,x.com,2024,Screen Time & Device Dependency,ja,デジタルデトックスも済んだし、デジタルボトックスを始めるか,positive
577,x.com,2024,Screen Time & Device Dependency,ja,"デジタルデトックスに挑戦してましたが３日でフィニッシュしてしまいました

だってＰＯ気になるんだもーん

ポケポケには毎日ログインしてたので実質ゼロ日ですね！えへん！！",negative
578,x.com,2024,Cultural Norms & Digital Etiquette,id,Gass boikot dan cancel culture dia. Cekne kapok,negative
579,bsky.app,2024,Screen Time & Device Dependency,ja,図書館で借りてきたお人形さんの写真集に載ってた子の模写。\n定期的に図書館行きたくなる デジタルデトックスってやつです,neutral
580,dailymail.co.uk,2024,General Concept,en,"Psychologist reveals the secret details hidden in your iPhone app icons READ MORE: The amount of time the average Brit spends on their phone each day By JONATHAN CHADWICK FOR MAILONLINE Published: 13:28, 7 December 2024 | Updated: 13:32, 7 December 2024 e-mail View comments With their overabundance of colourful, eye-catching apps, it comes as little surprise that we spend a quarter of our waking lives on our smartphone . But you may not have haven't noticed that these little icons – fetchingly arranged in grid-like stacks on our displays – are constantly competing for taps. In fact, popular apps, from WhatsApp to X, Instagram and Spotify have been deliberately designed to draw our fingers to them, psychologists reveal. For example, WhatsApp, Instagram and Messenger are made to look like buttons, which research shows we love pressing buttons right from childhood. Meanwhile, Elon Musk 's X, which got a new name and logo last year , has a big X marking the spot, like a helicopter landing pad for our fingertip. Meanwhile, Spotify kind of has the appearance of a fingerprint reader and YouTube has a the play icon right in the centre – both instinctively luring taps. Dr Anastasia Dedyukhina, a digital wellbeing expert and director of the Consciously Digital Institute , said engaging, attractive icons make us 'more likely to tap and use the app'. 'Overall, shapes like circles, rounded edges, or shading make app icons feel like buttons, which makes people want to press them,' she...",positive
581,x.com,2024,Screen Time & Device Dependency,ja,ガチでデジタルデトックス出来ててすごい。,positive
582,x.com,2024,Screen Time & Device Dependency,ja,"勉強に集中したくて1週間Xのアプリを削除してました。
結果、とても充実してました。

タイムライン追えなくて近況に目を通せてないのですが、それでも疎外感を感じることなく付き合える関係を築きたい。
（DMの返信遅れたらごめんなさい）

これからもたまにデジタルデトックスします！",neutral
583,x.com,2024,Screen Time & Device Dependency,ja,"スマホは捨てよ！街に出よう！
作家・作詞家の高橋久美子さんが、デジタルデトックスの大切さをつづってくれました

現代人に必要なのは「スマホを手放す」時間。高橋久美子さんが語る、自然と触れ合う効果",positive
584,x.com,2024,Social Media & Psychological Well-being,hi,"#Noida 

नोएडा से बड़ी खबर 
मां और बेटी से साइबर ठगी 
डिजिटल अरेस्ट में 36 लाख की ठगी 
4 दिनों तक दोनों को बनाए रखा डिजिटल अरेस्ट 
झूठे मामले में फंसाने की दी धमकी 

#upnews #cybercrime #zeeupuk 
@anchalkadyan07",negative
585,x.com,2024,Group Dynamics & Peer Pressure,en,"You are a clout chaser. You mean the husband lost his wife yesterday and has started living with another woman today? A JW?
Calm down and farm this X revenue gently. Na so you do during Debbie's popularity.",neutral
586,x.com,2024,Cultural Norms & Digital Etiquette,ja,"NOËL OU PLUTÔT ""BEL HIVER"" LA CANCEL CULTURE BAT SON PLEIN @Charbofficiel2 https://youtu.be/U2yrr4SoWhA?si=t2-B_WpLimFfTOGE… via 
@YouTube",neutral
587,x.com,2024,Social Media & Psychological Well-being,hi,"Noida Digital Arrest : बढ़ते Cyber अपराध को लेकर Akhilesh Yadav ने BJP पर साधा निशाना.. ! | Politicians India 
#cybercrime #bjp #akhileshyadav #yogiadityanath #noidapolice #latestnews 
@yadavakhilesh
 @myogiadityanath
 
पूरी खबर : https://youtu.be/TFqvLXcKYfs",negative
588,x.com,2024,Cultural Norms & Digital Etiquette,en,"Latinos, asians, muslims, jews, catholic, white, black, skinny, fat, men, women, gays, everybody gets shot at. 

Only bitches complain. Cancel culture is canceled.",negative
589,x.com,2024,Screen Time & Device Dependency,hi,"Brain Rot से सड़ रहा आपका दिमाग!.. Reels और YouTube Shorts देखने वालों के लिए नया खतरा| Social Media
#BrainRot #WordOfTheYear #OxfardUniversity
#SocialMedia #Instagram #YouTubeShorts #YtShorts #Shorts #Viral #Reels #Insta #ViralVideos #Media #Oxfords2024 #iPhone #Doomscrolling",neutral
590,reddit.com,2024,Screen Time & Device Dependency,en,"So currently my toddler is fairly weaned from the boob. Where he really only seems to want it when he's tired. So we've been using it for naps, and bedtime. He has one binkie that he'll kind of use, but overall he's never been a fan of them in general and has to be exhausted for it to help. 

I'm started a new birth control (currently on Depo) in the next few weeks. So I've been thinking of trying to fully get him off the boob. 

Currently I'm taking away nap feedings to see how that goes, and was thinking of taking it away at night when I don't work. (I work two to three days a week but it's 130am-130pm. So I really don't want to play the fighting sleep game those days unless I have to lol.) Would this work? Or am I better off just cutting it cold turkey.

Right now at night he'll sometimes sleep to Hey Bear goodnight moon, but I'm not a big fan on screen time because it was affecting his speech. 

Sorry if this post is all over the place, but I'm definitely down for any input and or advice.",neutral
591,reddit.com,2024,Screen Time & Device Dependency,en,"Why is she so proficient with the tablet and YouTube? I'd strongly recommend cutting screen time completely if feasible, for at least 2-3 months, and see if there's any change. Seriously. We let our son watch loads of TV and his speech was delayed. When we cut TV cold turkey, he had a word explosion already after a few weeks and it hasn't stopped yet. Sounds like she's using a tablet alot if she's that good at it? And YouTube?",positive
592,x.com,2024,Screen Time & Device Dependency,ar,"اهم مرحلة لذلك ما في وقت تتعود شوي شوي 
في تطبيق استخدمه Digital Detox يقفل جوالك بس اتصالات و ما تخرج منه الا بمبلغ مالي",neutral
593,x.com,2024,Group Dynamics & Peer Pressure,id,"Mentalitynya agak kacau, terlalu reaktif, padahal kalo di diemin juga bakal jadi echo chamber aja. Just shut up & play.",negative
594,x.com,2024,Cultural Norms & Digital Etiquette,id,waktunya cancel culture,neutral
595,x.com,2024,Screen Time & Device Dependency,ja,"帰宅だ~！
朝から友達とたくさんおしゃべりして、歌って、ご飯とお風呂に行って、久しぶりに丸１日デジタルデトックスした
配信はなしにします！
今日はエイム調整だけして、明日からまたvalorantも配信もがんばる！！あとは推しのアーカイブを見る！
ゆっくりします！",positive
596,x.com,2024,Cultural Norms & Digital Etiquette,ko,이시국에 죄송스럽지만 빵장판 무인을 다녀왔습니다...,neutral
597,ottawacitizen.com,2024,Cultural Norms & Digital Etiquette,en,"Share this Story : Gatineau police seek woman missing since Friday Copy Link Email X Reddit Pinterest LinkedIn Tumblr Breadcrumb Trail Links Local News Gatineau police seek woman missing since Friday Author of the article: Staff Reporter Published Dec 07, 2024 • < 1 minute read Join the conversation You can save this article by registering for free here . Or sign-in if you have an account. Gatineau police are searching for Patricia Desgagne, missing since Friday Photo by Gatineau police supplied Article content Gatineau police are seeking public assistance to find a 37-year-old woman missing since Friday. Article content Article content Police say Patricia Desgagné was last seen at about 6 p.m. walking near the intersection of De l’Hôpital and La Vérendrye Ouest boulevards. She is described as Caucasian, about 1.63 metres (five feet three inches) tall, weighing about 48 kg (106lbs). She has brown hair with blond highlights and brown eyes. She has a butterfly tattoo on her left arm and a cherry tattoo on her right arm. She was wearing a sleeveless coat and grey slacks when last seen. Anyone seeing the woman is asked to call Gatineau police at 819- 246-0222. Advertisement 2 Advertisement This advertisement has not loaded yet, but your article continues below. THIS CONTENT IS RESERVED FOR SUBSCRIBERS ONLY Subscribe now to read the latest news in your city and across Canada. Exclusive articles from Elizabeth Payne, David Pugliese, Andrew Duffy, Bruce Deachman and others....",neutral
598,krone.at,2024,Cultural Norms & Digital Etiquette,de,"Schon vor dem Amtsantritt von US-Präsident Donald Trump eskaliert der Handelskrieg zwischen China und den USA.  Die Kontrahenten um die globale Vormachtstellung hauen sich gegenseitig das ökonomische Hackl ins Kreuz.  Krone+ erklärt den Konflikt, der uns alle hart treffen wird.  Jetzt geht’s richtig los.  Der Export von für die Hightech-Industrie essenziellen Metallen ist ab sofort verboten, verkündete das Handelsministerium in Peking.  Konkret ist die Ausfuhr von Gallium, Germanium, Antimon und superharten Materialien in die USA nicht länger gestattet.  Willkommen in unserer Community!  Eingehende Beiträge werden geprüft und anschließend veröffentlicht.  Bitte achten Sie auf Einhaltung unserer Netiquette und AGB .",negative
599,hindi.latestly.com,2024,Social Media & Psychological Well-being,hi,"देश की खबरें | मप्र : साइबर ठगी के लिए मदरसा समिति के बैंक खातों का इस्तेमाल, पिता-पुत्र गिरफ्तार",negative
600,x.com,2024,Screen Time & Device Dependency,ja,Xでの投稿やいいねやリポストをしばらく控える、ってことですかね…ついに異ー論に強制デジタルデトックスさせられる日が…,negative
601,x.com,2024,Screen Time & Device Dependency,ja,デジタルデトックスするぞって気持ちではなかったのに忙しすぎてここ数日ほとんどSNSから遠ざかってた。多忙に慣れてないからすごく疲れた（笑）あ、久しぶりにX開けたら五条先生の祭りが盛大すぎてびっくりしました。さすがです。,neutral
602,reddit.com,2024,Group Dynamics & Peer Pressure,en,"In an agro-industrial nation like Romania, placing advanced technology and artificial intelligence in the hands of the populace without adequate education or ethical grounding risks eroding common sense and critical thinking. The consequences are stark and deeply personal—I have lost both family and friends to the polarization that began with debates over the COVID-19 vaccine and has now culminated in the tumult of this election.

What troubles me most is the growing inability of many to distinguish between truth and deception. A wave of misinformation has swept through my circle of friends, leaving many unable—or unwilling—to discern reality from the manufactured narratives that dominate social and digital platforms. But this problem runs deeper than external manipulation; it is fueled by the biases and latent animosities we carry within ourselves.

When our personal biases and unexamined grievances take hold, they distort our perception of the world, creating a kind of intellectual tunnel vision. This narrowing of perspective locks us into echo chambers, where we only hear what reinforces our existing beliefs and fears, shutting out alternative viewpoints. In this state, hate—often born from misunderstanding—becomes self-reinforcing, further polarizing communities and eroding the very foundations of dialogue and empathy.

We would do well to heed the lesson of Thomas the Doubtful. His skepticism was not a sign of weakness but of wisdom—a reminder that seeking evidence and questioning what is presented to us are crucial acts of intellectual integrity. Doubt, when paired with a commitment to truth, can be an antidote to the distortions created by bias and hate.

Romania stands at a crossroads. To move forward, its people must rise above manipulation and overcome the limits imposed by their own fears and prejudices. Only through nurturing discernment, fostering open dialogue, and embracing humility can the nation reclaim its path toward informed and reasoned decision-making. Good luck, Romania—you will need it.",negative
603,x.com,2024,Group Dynamics & Peer Pressure,en,"shame, anonymous accounts don’t have to bother fact checking such absurd claims on this far-right echo chamber.

ukraine was protested
https://irishtimes.com/ireland/2024/02/24/the-war-is-already-in-europe-thousands-of-ukrainians-and-supporters-march-through-dublin/…

afghanistan was protested
https://irishtimes.com/news/ireland/irish-news/protest-against-taliban-regime-in-afghanistan-held-in-dublin-1.4678135…

sudan was protested",negative
604,x.com,2024,Group Dynamics & Peer Pressure,en,"Our media is a joke. EU, NATO, Ukraine,
Georgia, Romania, Syria, South Korea 
All directly relate to our geopolitics, commerce, and national security.
Worst Amero-centric news echo chamber.",negative
605,x.com,2024,Screen Time & Device Dependency,ja,さみしんじゃろな…時間持て余してんな…ちょっとずつデジタルデトックスしなきゃ,neutral
606,x.com,2024,Screen Time & Device Dependency,ja,「あなたに連絡できなくなるのは困るから電源ONにしてくれ」と言ってくる者が集団ストーカーの一味です。「デジタルデトックス中です。メールとかSMSを送って下さい余裕がある時に見ます」と言って黙らせましょう。　#集団ストーカー,neutral
607,x.com,2024,Screen Time & Device Dependency,ja,"あと、おでかけの記録も出来るのもいい〜　これも全て配布テンプレをお借りしてます！
外出先では出来るだけデジタルデトックスしたいのでマメには記録できないけど、帰路や帰宅後に記録するのは、丁寧に日記をつけてる気分になって良い",positive
608,x.com,2024,Physical Health & Digital Ergonomics,ar,"""تعبانه جدا ومرهقه بس مش قادره تنامي مع ان يومك كان متعب وبذلتي جهد عالى؟
Revenge bedtime procrastination 
التأجيل الانتقامى للنوم وهي حيلة بيعملها عقلك عشان يخلقلك وقت شخصي خاص ليكي عشان يحسسك انك عشتي وخصصتي وقت خاص ليكي بعد يوم كله مسؤوليات وضغوطات",neutral
609,x.com,2024,Screen Time & Device Dependency,ja,"デジタルデトックスを今日はした。
明日は夢の国スキャルを検証しなければ",neutral
610,x.com,2024,Group Dynamics & Peer Pressure,ja,"ほんの数%のプロ市民とエセ国士が
エコーチェンバーで不当に政治を動かす社会は
断じてイヤ",neutral
611,x.com,2024,Physical Health & Digital Ergonomics,id,Apalah revenge bedtime procrastination ini.,neutral
612,x.com,2024,Screen Time & Device Dependency,ja,法事で一日バタバタしてたんですけど、スマホにLINE以外のSNS入れてなくて、意図せずデジタルデトックスみたいになってた,negative
613,reddit.com,2024,Group Dynamics & Peer Pressure,en,vnmese liberals like those in r/vietnamnation echo chamber absolutely loves to use 1984 & animal farms to compare with the Communist party but didn't realize it applied exactly the same to US capitalist pigs they worship so much.,neutral
614,prabhatkhabar.com,2024,Screen Time & Device Dependency,hi,Bihar News: मुजफ्फरपुर में बच्चों की राइटिंग हैबिट और उनकी पढ़ाई के तरीके को जानने के उद्देश्य से प्रभात खबर ने शनिवार को बीबी कॉलेजिएट स्कूल और डॉल्फिन पब्लिक स्कूल में लेखन प्रतियोगिता का आयोजन किया.,neutral
615,hindi.news18.com,2024,Social Media & Psychological Well-being,hi,पूर्णिया:-  पूर्णिया के मरंगा वार्ड नंबर 8 के रहने वाले संजय कुमार राम पिछले 30 वर्षों से पोलियो जैसी गंभीर बीमारियों में अपने दोनों पैर गंवा दिये और दिव्यांग बन अब परेशान थे.,neutral
616,jagran.com,2024,Social Media & Psychological Well-being,hi,समाजवादी पार्टी के अध्यक्ष अखिलेश यादव ने साइबर ठगी के नए तरीके डिजिटल अरेस्ट पर भाजपा पर तंज कसा है।,neutral
617,x.com,2024,Screen Time & Device Dependency,ja,陰謀論らしきも情報がナチュラルに紛れ込んでるな……いやうん、別に誰が何信じてようが俺には関係ないけど一旦外の空気吸ったほうがいいよ。換気しよう換気。デジタルデトックスとか言われるアレ。,neutral
618,reddit.com,2024,Screen Time & Device Dependency,en,"Yeah, I’ve also never seen a house with a toddler and baby NOT be in disarray. For all we know, she’s just scrolling on her phone during nap time. 

OP demanding that she delete it (and even checking her screen time in the first place???) is outrageously controlling. It’s one thing to have a conversation as adults, but it is a wholly different thing to try to control or parent your spouse. 

She has two young kids that she is with 24/7, she’s got bigger fish to fry. OP is YTA.

Edit to add: that little comment about “all the SAHMs online putting shit in her head” is ridiculous. She’s a grown woman.",negative
619,x.com,2024,Cultural Norms & Digital Etiquette,id,"Tolong 
@Google
 @googleindonesia
, kelakuan kalian itu jangan seperti dajjal: sesat dan menyesatkan. 

Korbannya, selain bocil-bocil yang di sekolah gak diajarin netiquette, ya petugas kami yang tiap hari harus ngeblokin nomor-nomor yang masuk tanpa kepentingan bisnis dengan kami.",neutral
620,x.com,2024,Cultural Norms & Digital Etiquette,it,Wow cancel culture di korea emang paling top...,positive
621,x.com,2024,Digital Presence & Identity Management,id,"toxic positivity dan terlalu sombong. makanya yg dipikirin diri sendiri, ntar jga ngerasain dampaknya klo udh umur 30an keatas, yg dipikirin gacuma diri sendiri.",negative
622,x.com,2024,Cultural Norms & Digital Etiquette,en,"The World Bank should be audited. Why is China getting loans from WB as a ""developing"" nation?? 
Just a few breadcrumbs for you 
@VivekGRamaswamy",neutral
623,bsky.app,2024,Social Media & Psychological Well-being,en,This woman is a natural light in the world and in my online life.  I'm always looking for Pine's next post.  I'm here for you where  ever/whenever i can help.  Hugs n love beautiful.,positive
624,reddit.com,2024,Screen Time & Device Dependency,en,"Honestly that’s so fair!! Tbh I ship Shiro and Coran, though I know it’s due to how I feel Shiro’s romance was covered. Would’ve loved if his hubby got screen time as well, like more than what he got. I just like the idea of Coran and Shiro though, it’s both funny and adorable imo.",positive
625,thehindu.com,2024,Screen Time & Device Dependency,en,"[ ‘Healthy India, Happy India’, a joint initiative of The Hindu and Naruvi Hospitals, Vellore, to build awareness on preventive healthcare and promote wellness was inaugurated by Deputy Chief Minister Udhayanidhi Stalin on Saturday. n nMr. Udhayanidhi appreciated the partnership to take the message on health to people. G.V. Sampath, founder and chairman, Naruvi Hospitals, explained the genesis of the project, while N. Ram, director, The Hindu Group, highlighted Tamil Nadu’s leadership in healthcare initiatives. n nAlso read | Mobile phone addiction leads to sleep deprivation across age groups: experts n nThe partnership will feature a series of 15 webinars on a variety of topics emphasising prevention and holistic health, to build awareness among people and start them on a journey of prioritising their health. These will be anchored by The Hindu’s editorial team, with the participation of experts from Naruvi Hospitals and specialists. n nThe webinar series kicked off with an offline event at the hospital in Vellore, featuring experts, including a psychiatrist, otorhinolaryngologist, pulmonary and respiratory medicine specialists, who weighed in on the twin burden of stress and sleep and how it affected health. ]",positive
626,reddit.com,2024,Screen Time & Device Dependency,en,"Tbh I don’t think there’s enough screen-time to make him more deeply involved with the main plot. I think he for sure will have some scenes with Benedict and maybe the family as a whole, but in the context of his answer being about Kanthony and him mentioning their relationship, how it changed him and how they now are having a baby, it felt to me the “hints” of season 1 will be connected to that - probably Anthony dealing with being a father, his neurotic tendencies and overprotection, his fears about dying (and this ties with his other interview from a few weeks ago where he mentions how he will have conversations about his father in relation to Edmund). And in turn how this affects his relationship with Kate, especially an Anthony that is overbearing with his wife and child. Kate is a very independent person, and has her own traumas to contend with. Tbh I think this would be a very interesting arc and a good source of “conflict” for a married couple that doesn’t rely on their relationship breaking apart or ruins their “happily ever after”. It’s just the realities of marriage. 

I wished they gave Kate and Anthony proper screentime to develop them outside the couple and especially being heads of the family, I think there could be so many interesting storylines to explore there while balancing the main romances, but unfortunately production doesn’t think the same. So I think whatever screentime they have, minus a few scenes here and there, will be most likely about them and their relationship.",neutral
627,youtube.com,2024,Screen Time & Device Dependency,en,"Anime Jokes Cleanest Dirtiest.  Please do these!!:  🙏🏻🙏🏻🙏🏻1. Green Lantern: The Animated Series: Good To Evil!2. Lyle, Lyle Crocodile: Good To Evil!3. A Series of Unfortunate Events (2017-2019) Characters: Good To Evil!4. Kung Fu Panda: Legends of Awesomeness Characters: Good To Evil! 5. Polar Express: Good To Most Good! (Naughty to Nice!) 6. Transformers: G1 (1984): Good to Evil! 7. Transformers: The Movie (1987): Good To Evil! 8. Transformers: Prime: Good to Evil! 9. Transformers: Animated: Good to Evil! 10. The Princess Bride: Good to Evil! 11. The Good Dinosaur: Good to Most Good! 12. The Amazing Maurice: Good to Evil! 13. Transformers: Rise of the Beasts: Good to Evil! 14. LEGO: The Adventures of Clutch Powers: Good to Evil! 15. Indiana Jones franchise Characters: Good to Evil! 16. Angry Birds Movies 1 and 2: Good to Evil! 17. Pixels: Good to Evil! 18. Voltron: Legendary Defender (2016-2018): Good to Evil! 19. Monsters vs. Aliens (Movie and TV Show): Good to Evil! 20. Skylanders Academy (2016): Good to Evil!",neutral
628,reddit.com,2024,Group Dynamics & Peer Pressure,en,"Of course this place has no problem shooting down a candidate based a weak display or potential corruption, just because they are the opposition.

This goes to show how dangerous social media echo chambers are. Everyone here validating each other, meanwhile in Romania the dude was expected to receive 60% of the vote. It was such a landslide, no amount of voting ballot manipulation would have been enough.

Better cancel the whole thing.",negative
629,bsky.app,2024,Group Dynamics & Peer Pressure,en,"Ha!\nDid you see the south African's response?\nYou can bet after proclaiming his importance on the collapsing right-wing echo chamber he/Russia/China purchased to spew propoganda, he hired an army of Blackrock bodyguards",neutral
630,x.com,2024,Screen Time & Device Dependency,ja,一日中デジタルデトックスやし体壊すしむり,neutral
631,bsky.app,2024,Social Media & Psychological Well-being,ja,300人の合同演奏も\u3000群馬・前橋市で「ぐんま吹奏楽フェスティバル」\u3000あす8日、入場無料\n#ぐんま吹奏楽フェスティバル #群馬県 #前橋市\nwww.jomo-news.co.jp/articles/-/5...,positive
632,x.com,2024,Group Dynamics & Peer Pressure,en,American armchair slacktivists are like “what’s next in this class war?” Like they have the same protest spirit running in their veins as the French and South Koreans.,neutral
633,x.com,2024,Cultural Norms & Digital Etiquette,en,"Random thought: Days I question if the world had stop spinning: That 1 time Iran agreed publicly with Israel, when the local NPR and Conservative news folks were upset about the same thing for the same reasons & in conflict with the national cancel culture.",negative
634,bsky.app,2024,"Attention, Focus & Cognitive Load",en,"Yeah I mean look at the NHS and their post-Brexit brain drain of doctors from or with families in or from South Asia and were refused residency permits, so they just went home or elsewhere in the EU rather than live in the UK while their husband or wife was stuck in another country.",neutral
635,x.com,2024,Screen Time & Device Dependency,tr,ben bi 3-4 gün dijital detoxtayım sanal arkadaşlarım bi 7-8 gün,neutral
636,x.com,2024,Group Dynamics & Peer Pressure,en,"He never married his woman till today, he hangs around Pedos, he raps like he about to free slaves or a Messiah but makes songs with deadbates, after using Drake for attention he even dropped an album that's clout chasing,his being robbed by Top like how Top robbed his father😂",neutral
637,youtube.com,2024,Cultural Norms & Digital Etiquette,en,"Comedian PROVES Cancel Culture LOST. There was also version of ""Its cold outside"" where the woman is tryiing to keep the man from leaving.",negative
638,x.com,2024,Screen Time & Device Dependency,ja,"仕事が忙しすぎてタイムラインを追えない日々。
強制デジタルデトックスのような。

時間と気持ちに余裕がほしい。",neutral
639,x.com,2024,Screen Time & Device Dependency,tr,"-han ve safiye’nin tedavi süreci düzgün işlenmeliydi
-2.sezon ekran süresi dağılımı adaletsizdi
-nacinin safiyenin en yakın arkadaşıyla evlenip kızına tomris adını koymasını hala unutamıyorum
-safiye ve inciyi daha çok abla kardeş ilişkisi içinde görmeliydik",neutral
640,youtube.com,2024,Cultural Norms & Digital Etiquette,en,"Comedian PROVES Cancel Culture Has. Women can be as gross and disgusting as possible with roaring applaud.
Men hint at wanting to even love and protect a woman and he is an aggressive toxic male.
Then women ask where all the good men went. We just left or adapted.",negative
641,x.com,2024,Social Media & Psychological Well-being,ja,"300人の合同演奏も　群馬・前橋市で「ぐんま吹奏楽フェスティバル」　あす8日、入場無料 | 上毛新聞社のニュースサイト https://jomo-news.co.jp/articles/-/576169…
寝ようとしたタイミングでこの記事流れてくるのつら",positive
642,x.com,2024,Cultural Norms & Digital Etiquette,ja,"米国立衛生研究所（NIH）の所長に指名されたBhattacharyaは、コロナ対策に批判的な人物で、大学への研究費配分をFIRE（個人の権利と表現の自由財団）ランキングにリンクさせるとのこと。要はリベラルが強い大学を排除するという政策を進めるらしい。
https://wsj.com/health/healthcare/jay-bhattacharya-national-institute-health-grants-cancel-culture-645101f5?st=kgAQmf… 
@WSJ
より",neutral
643,x.com,2024,Cultural Norms & Digital Etiquette,id,Makanya sekarang saat yg tepat cancel culture ke dia. Kasih juga sangsi sosial yg tegas biar dia kena mental. Eh mentalnya dia kan udah ga sehat alias sakjiw yg udah harus ke psikiater.,neutral
644,reddit.com,2024,Screen Time & Device Dependency,en,"I have to ask… why no Date night? I know it can be hard to find someone you trust, but there are great sitters out there.  
 If cost is an issue, it is amazing how romantic a picnic in the park can be or a stroll through holiday lights with coffee or hot cocoa.  

 Sometimes we hired a sitter, just to lay on our room, watch movies and give each other massages or just talk.  

We also have quiet time during the weekends - an hour or two where we let the kids have some screen time (although I really detest screens) and cuddle. ",positive
645,reddit.com,2024,Cultural Norms & Digital Etiquette,en,"Here are some suggestions that aren't Shein:

https://www.lulus.com/products/romance-that-wows-magenta-floral-print-organza-maxi-dress/1674056.html

https://www.lulus.com/products/infinite-praise-emerald-3d-floral-embroidered-halter-maxi-dress/2510191.html

https://www.lulus.com/products/garden-radiance-black-floral-print-organza-tiered-maxi-dress/2129256.html

https://www.nordstrom.com/s/kai-floral-strapless-maxi-dress/7825110?origin=keywordsearch-personalizedsort&amp;breadcrumb=Home%2FAll%20Results&amp;color=426

https://www.nordstrom.com/s/pleated-floral-one-shoulder-chiffon-gown/7648844?origin=keywordsearch-personalizedsort&amp;breadcrumb=Home%2FAll%20Results&amp;color=004",neutral
646,x.com,2024,Cultural Norms & Digital Etiquette,tl,Gaya Gaya na ang mga pinoy ngayon walang Orginality!! Mai cancel culture nang nalalaman pero etong si Kim Ji Soo nag artista sa Pinas kahit cancelled na sa Korea. Hyprocite talaga!!! Tapos mai gana kayo i cancel si Maris Racal at Anthony Jennings ? #mathon,neutral
647,reddit.com,2024,"Attention, Focus & Cognitive Load",en,the main problem is that countries like turkey and greece train doctors that leave because their economies aren't stable so they have a ton of brain drain,negative
648,reddit.com,2024,Cultural Norms & Digital Etiquette,en,"In the fall of 2015, some Oberlin College students complained in their campus newspaper that Campus Dining Services had been passing off a pulled pork sandwich as a Vietnamese banh mi.  This was a reasonable criticism, expressed through established channels at a pitch far from hysterical.  But if you’ve heard of this particular sandwich, this is almost certainly not what you heard about it, at least six weeks later, from The New York Times—or perhaps it was The Washington Post.  Or Newsweek.  Or Seventeen.According to the version you probably heard, this most (in)famously liberal of liberal arts colleges was engulfed in an uproar over the dining hall’s “racist” and “culturally appropriative” practices.  Only three days after the New York Post first “broke” the college paper’s story in the national media—“Students At Lena Dunham’s College Offended By Lack Of Fried Chicken” (December 18, 2015), published with an unrelated photo of the Girls star—the news had already gone trans-Atlantic:  The Independent relayed the story to its British audience with the subheading,  “Critics say complaining college students had ‘no idea’ about the real world.”",negative
649,reddit.com,2024,Group Dynamics & Peer Pressure,en,"indiaspeaks users posting about getting banned from usi and usi users posting about getting banned from indiaspeaks will never not be funny

both subs are echo chambers, one for the right, one for the left, and sometimes they switch allegiances every few years 

you’re on reddit, you will never engage in proper political discourse. It’s easier to call someone a racial slur/ban someone and move on.",neutral
650,bsky.app,2024,Persuasive Design & Algorithm Ethics,en,"Australian Strategic Policy Institute:\n""Persuasive technologies in China: Implications for the future of national security""\nad-aspi.s3.ap-southeast-2.amazonaws.com/2024-11/Pers... @ASPI_org",neutral
651,x.com,2024,Screen Time & Device Dependency,ja,"お疲れ様でしたー！！
えーん今日も頑張ってよかった
はるちゃんもたくさん頑張っててえらいね
明日は遅番だから午前中ゆっくりできる
デジタルデトックス大事
おやすみ",positive
652,x.com,2024,Cultural Norms & Digital Etiquette,en,"The far left (socialists) are the new fascists like Russia and China, that was my point. The censorship, the cancel culture of making people lose their jobs for no reason other than dissent. That’s how it starts …",negative
653,x.com,2024,Screen Time & Device Dependency,ja,文学フリマはデジタルデトックスの副作用として夜更かしがある,negative
654,reddit.com,2024,Cultural Norms & Digital Etiquette,en,"Don't try to play a ""gotcha"" moment here. Ochako could had been Bissexual and it wouldn't change that pretty much all of her romantic moments were with Deku and she explicitly said she was in love with Deku.

And the fandom pulls a Ochako x Toga out of breadcrumbs of sapphic scenes out of one battle.",neutral
655,x.com,2024,Cultural Norms & Digital Etiquette,en,"The biggest CANCEL CULTURE in American History;
""Kill the Indian, save the man""
-Richard pratt
(Policy still fallowed by everyone's BIA handlers)",negative
656,x.com,2024,Group Dynamics & Peer Pressure,en,"Thanks for the kind words, no I’m not in China but honestly it’s sad that the stock you spend a lot of time on is full of people only wanting to hear good stuff. It’s like an echo chamber where the moment you tell even the slightest of criticism to the company they attack you…",positive
657,reddit.com,2024,Cultural Norms & Digital Etiquette,en,"Dead End, with Ray Wise and the crazy psychic woman from the Insidious movies.

Came expecting a standard scare flick, but the little breadcrumbs leading to the twist were fantastic, and the ending stayed with me for *years*.",positive
658,x.com,2024,Cultural Norms & Digital Etiquette,ja,"ウォークとかキャンセル・カルチャーとか、知らなかった単語がゴソゴソ出現して興味深い。。

東浩紀とか堀 茂樹の書籍ほしい・・・
現代哲学（っていうの？）面白そう・・・",neutral
659,ottawacitizen.com,2024,Cultural Norms & Digital Etiquette,en,"Share this Story : Gatineau police searching for youth, 17, missing since Friday Copy Link Email X Reddit Pinterest LinkedIn Tumblr Breadcrumb Trail Links Local News Gatineau police searching for youth, 17, missing since Friday Author of the article: Staff Reporter Published Dec 07, 2024 • Last updated 1 minute ago • 1 minute read Join the conversation You can save this article by registering for free here . Or sign-in if you have an account. Gatineau police are seeking public assistance to locate Danny Rochon, 17, missing since Friday, Dec, 6 GATINEAU POLICE HANDOUT Article content Gatineau police are seeking public assistance to locate a 17-year-old Aylmer youth. Article content Article content In a release, police said Danny Rochon was last seen Friday afternoon when he left his home in Aylmer’s Deschênes neighbourhood. He is described as Caucasian, with brown hair and blue eyes. He is 1.73 metres (five feet, eight inches) tall and weighs about 54 kg (119 pounds). He was last seen wearing grey jogging pants and a black coat. Anyone who has information on the youth’s whereabouts is asked to contact Gatineau police at 819-246-0222. Our website is your destination for up-to-the-minute news, so make sure to bookmark our homepage and sign up for our newsletters so we can keep you informed. Recommended from Editorial 'Travel advisory' in effect in Ottawa, as 15 cm of snow on the way Free hockey coaching program introduces new Canadian kids to the sport Advertisement 2...",neutral
660,x.com,2024,Group Dynamics & Peer Pressure,es,"Yo estoy , justo porque me gusta romper la cámara de eco. Con mucho respeto, claro.  Me gusta compartir lo que sé y lo que he aprendido con los años; tristemente noto que muchas veces si no les dices lo que quieren leer toman como agresivos los comentarios.",negative
661,youtube.com,2024,Group Dynamics & Peer Pressure,en,"not looking good for black people in. various forms of anti-black/anti-foreigner discrimination have existed in japan for many, many years. these social media clout chasers aren't the cause of that...they are, however, not making the situation any better.",neutral
662,reddit.com,2024,"Attention, Focus & Cognitive Load",en,"It’s true that all Chinese citizens can apply for a passport but very few are giving out. Major reason is that the CCP are scared of brain drain. Most of the people that want a passport have money and an education and a lot of them want to take there money and themselves out of china. 

Take a look at Russia after the Cold War anyone rich enough or smart enough ran to the west. And just when the Ukraine war was starting even more people left. 

China see the state of Russia (lack of man power for the military . Lack of skilled workers) and they don’t want that to happen to them.",negative
663,x.com,2024,Group Dynamics & Peer Pressure,en,"The  Dan the Toaster-head has spoken. 
He’ so embarrassingly obnoxious. 
Yes Dan, give that drunk womanizer a platform on your digital echo chamber where you preach to the choir.",negative
664,dostor.org,2024,Screen Time & Device Dependency,ar,إدمان الهواتف والشاشات يعيق تطور المهارات الأساسية مثل التواصل، الخيال، وحل المشكلات، كما يرتبط بزيادة مخاطر اضطرابات النوم، السمنة، وضعف الانتباه، إلى جانب تأثيرات خطيرة على النمو العقلي والعاطفي للأطفال، لذا أصبح من الضروري أن يتدخل الآباء بوعي لتنظيم وقت الشاشة وتحفيز أطفالهم على التفاعل الواقعي والأنشطة البديلة، كما أن التوازن بين استخدام التكنولوجيا والأنشطة التقليدية هو المفتاح لتربية أطفال يتمتعون بصحة نفسية وجسدية سليمة,neutral
665,news.ycombinator.com,2024,Cultural Norms & Digital Etiquette,en,"Apologies for starting from far away.  In my defense: when one's starting point is ""your opponent thinks you are a paid troll"", one has to tread lightly.I was trying to provide context.  You saw an article in Time Magazine.  Try as you might, you can't just dismiss it as a work of a Russian troll.  You have to actually read it, engage with it, and discuss the content instead of dismissing it out of hand and moving on.  Notice that we are not debating whether US lobbying consultants were involved.  We are discussing the magnitude of their involvement, and whether or not their participation was paid for appropriately.  You have to agree that this is higher quality discussion.OK, so we agreed that these firms were involved.  How involved were they?  I'll leave another link in this trail of breadcrumbs: https://en.m.wikipedia.org/wiki/Xerox_affair.  Predicting your next rebuttal (""but there's no link to the US""): yeah, there's more.In conclusion: it is absolutely true that other countries have done to Russia exactly what they are outraged about now.  You can choose to be OK with that. Romanian court cancels presidential election amid TikTok Russian influence fears (politico.eu)",neutral
666,x.com,2024,Screen Time & Device Dependency,ja,"IOT ネット化社会
ノボリ/クダリの割合
デジタルデトックス
オン/オフ　スイッチ
二宮金次郎　歩く思考法と端末の現代",neutral
667,x.com,2024,Screen Time & Device Dependency,ja,あやさん、今日はサッカー観戦で午前から家族で出かけるので思いきりデジタルデトックスできそうです脳のゴミを一気にスッキリ流してきまーす,neutral
668,krone.at,2024,Cultural Norms & Digital Etiquette,de,"Die Vienna Capitals haben aus der Dienstreise nach Italien fünf Punkte mitgenommen.  Einen Tag nach dem 3:2 in Asiago gewannen die Wiener am Samstag in Bruneck gegen die Pustertal Wölfe mit 3:2 nach Penaltyschießen.  Die Caps hatten im Mitteldrittel zehn Minuten Powerplay und glichen dabei einen 0:2-Rückstand innerhalb von 70 Sekunden durch Zane Franklin und Jeremy Gregoire aus.  Im Penaltyschießen parierte Torhüter Sebastian Wraneschitz zwei Versuche der Südtiroler, für die Gäste trafen Joseph Cramarossa und Willie Raskob.  27. Runde:  Samstag, 07.12.2024  Pustertal Wölfe – Vienna  Capitals  2:3 n.P.  (1:0,1:2,0:0,0:0,0:1)  Sonntag, 08.12.2024  Black Wings Linz – HC Innsbruck  15.30  Pioneers Vorarlberg – EC Salzburg",neutral
669,youtube.com,2024,Group Dynamics & Peer Pressure,en,Not Looking Good For in Japan. I'm going to Japan for the first time in the new year and I'm ALREADY deeply anxious about standing out for being extremely tall and black but these clout chasers truly are screwing it up for the rest of us =_=,negative
670,reddit.com,2024,Screen Time & Device Dependency,en,"My all-time favorite OP for doom scrolling -- Thanks, fellow redditor Thi5ath-KR !

I know many of you guys are struggling with phone addictions or simply have realized that you waste your time doom scrolling, so here's exactly what I wish me 2 years ago could have read to save a lot of time in learning to moderate my usage.



1- Change up your environment: Simply waking up and seeing your phone on your bedside table will trigger you to open it then and there, but these cues exist everywhere. I kept my phone in a drawer so that if I really needed to use it I could go ahead, but I wouldn't get urges by simply seeing my phone.



2- Making activities harder to do: I increased the number of steps in between me and doing bad habits (scrolling, texting, etc.) by deleting TikTok, Instagram, Snapchat. It's honestly funny- just like that, my brain thought it was too much effort to go to the App Store and reinstall them.



3- Gradually decreasing: This is probably the most important point. Whenever I went on dopamine detoxes, I'd usually succeed but then fall right back into my bad habits. Then, I kept introducing more beneficial activities into my life (joining a sports club, starting content creation, working out) and gradually over time, I got used to using my phone less. Cold turkey just didn't work for me.



4- Purpose: Definitely the aspect I overlooked the most. I was trying to quit my phone addiction even though I had basically no main motivation behind it. Basically, I was unambitious and never really considered setting huge dreams for myself. I know, this may seem irrelevant but trust me, just set big goals for your life. Then, you'll understand each and every way your phone usage is hindering your progress.



Hope this helps, take action ;)",positive
671,x.com,2024,Cultural Norms & Digital Etiquette,id,"Cancel culture, biar kyai2 modelan gini gak laku lagi. Ngaji ya untuk share ilmu agama, bukan ngolok2.",neutral
672,reddit.com,2024,Screen Time & Device Dependency,en,"And I don't mean ""chubby"" or ""plump"" characters either, I mean female characters who are straight up 300+ pounds. There are lots of larger male characters in fiction, but women aren't so lucky. The few fat female characters that actually do exist either have the entire plot revolve around their weight, are reduced as a side character with barely any screen time, or have to be the villain. And you'll only ever see fat female protagonists in romances or dramas. Why can't we have fantasy or sci-fi stories where the main female character just happens to weigh more than 300 pounds? Why can't fat female characters be presented as beautiful or badass or just in any positive way? It's just baffling to me that in a world with millions of stories, thousands of fat admirers, and the whole fat acceptance movement, I still struggle to find any good stories with fat female protagonists.",neutral
673,x.com,2024,Screen Time & Device Dependency,ja,"寒さエグっ。
その分、楽しみ増す。

本日来られる方、運転お気をつけて。

会場は完全に電波入らないのでデジタルデトックスが出来る1日になります(良いように言ってるだけ)",positive
674,news.knowledia.com,2024,Cultural Norms & Digital Etiquette,en,"As I leave the office, my editor wishes me luck. ""Hope he's not too grumpy!"" she says. A moment later, the deputy editor asks where I'm off to. To see Brian Cox, the actor, I say. ""Oh!"" she says, with a rather-you-than-me look. ""Hope he's not too grumpy!"" The Guardian's journalism is independent. We will earn a commission if you buy something through an affiliate link. Learn more. Cox has played grumpy for going on 60 years. All sorts of grumpiness – idiot grumpy (independent candidate Bob Servant in the TV comedy of the same name), world-weary grumpy (school principal Dr Nelson Guggenheim in Wes Anderson's film Rushmore), psychopathic grumpy (the first movie incarnation of Hannibal Lecter in Manhunter), egomaniacal grumpy (Robert McKee in Spike Jonze's Adaptation) and, of course, brutal grumpy as media mogul Logan Roy in the TV series Succession. In recent years, he has often appeared on chatshows being grumpy about the state of the world. In 2022, he published his hugely entertaining memoirs, in which he was grumpy about method acting, useless directors, vain thesps, useless politicians, the church, capitalism, cancel culture, you name it. He was also fabulously indiscreet – Steven Seagal, whom he worked with on The Glimmer Man, is ""as ludicrous in real life as he appears on screen"", Johnny Depp is ""so overblown, so overrated"", Tarantino's work is ""meretricious"", Edward Norton is ""a nice lad, but a bit of a pain in the arse because he fancies himself as a writer-director"",...",positive
675,bsky.app,2024,Group Dynamics & Peer Pressure,ja,SNSは やれエコーチェンバーだとか批判されがちだが、趣味での繋がりが持てるとリアルの狭い地縁などの村社会から自由になるというか、ある程度“ああ、俺はこれを好きでいいんだ”みたいな心地をくれることはある\n\n何もみなが同一になることはないと想える。複数の趣味フィールドを跨げばそれも愉しい,neutral
676,x.com,2024,Screen Time & Device Dependency,ja,デジタルデトックスになったと思ったら、ベースキャンプに到着した途端にメッセージの洪水でした,neutral
677,reddit.com,2024,Screen Time & Device Dependency,en,"I (24M) know I need to reduce my screen time, especially since a lot of it is spent on porn, but going cold turkey feels impossible. Have any of you found effective ways to cut down on screen time without making drastic changes all at once? I’m looking for tips that can help me gradually take control of my phone usage and avoid the urge to binge.",positive
678,x.com,2024,Cultural Norms & Digital Etiquette,id,"gue mimpi kena cancel culture di twitter karena sering psychoanalyze, I do, dan emang gak baik :] apa memang seharusnya gue tobat",positive
679,x.com,2024,Cultural Norms & Digital Etiquette,id,Fans gachi nya pada gatau cancel culture,neutral
680,x.com,2024,Screen Time & Device Dependency,ja,労働によってしかデジタルデトックスできない,neutral
681,x.com,2024,Screen Time & Device Dependency,ja,"僕もインスタとFacebookやめたらスマホの電池の保ちが良くてびっくりしてます。笑
デジタルデトックス大事ですね。
この2ヶ月で7キロほど落としまして体が調子いいです、ほんと病気は怖いですね",neutral
682,bbc.com,2024,"Attention, Focus & Cognitive Load",en,"More could to be done to encourage Welsh entrepreneurs living abroad to invest in their home country, according to an academic. Dr Sarah Louisa Birchley, a specialist in global diaspora entrepreneurship, said her study of 1,700 Welsh emigrants living in 45 countries had identified 500 entrepreneurs - and a quarter were prepared to invest in their birthplace. ""There are a few barriers that we have to overcome to enable them to be able to come back,"" she said. The Welsh government has been asked to comment. Dr Birchley said: ""The messaging about what's happening in Wales isn't really getting out to the members of the diaspora, and especially these entrepreneurs. ""They need more information about... what's possible in Wales to be able to bring them back,"" she told BBC Radio Wales Sunday Supplement ."" Dr Birchley, of Toyo Gakuen University, Tokoyo, Japan, led the study supported by Welsh Water and Newport-based group Global Welsh which found 54% of emigrants would consider returning to Wales, representing a significant ""brain gain"" opportunity. The report, Brain drain to brain gain , also found: Global Welsh estimates more than three million Welsh people living abroad, a similar number to those living in Wales. Dr Birchley took part in a discussion on the Welsh diaspora at the Hay Festival Winter Weekend in Powys on Sunday with Julia Gillard, the former Australian prime minister, who was born in Barry . Sir Terry Matthews was Wales' first billionaire , making a fortune in the...",neutral
683,jagran.com,2024,Social Media & Psychological Well-being,hi,दुनिया भर में साइबर अपराधी बेखौफ हैं। वे बेधड़क होकर वारदातों को अंजाम देने में जुटे हैं।  दुनिया के कई देशों ने साइबर फ्रॉड के खिलाफ नए कानून बनाने भी शुरू कर दिए हैं।,neutral
684,newsx.com,2024,Cultural Norms & Digital Etiquette,en,"In the world of modern dating, trends like ghosting, breadcrumbing, and situationships have made headlines in recent years. However, a new phenomenon is making waves, especially among Gen Z, and it’s called sledging. While it may sound harmless at first, this winter-specific dating behavior is raising concerns about its impact on relationships. What is Sledging? Sledging is a dating trend where individuals intentionally delay ending a relationship, often to avoid being single during the colder months. As the winter season approaches, some people, particularly those aged 18-25, find themselves sticking in relationships they’re no longer interested in simply for the company and comfort that winter offers. Instead of breaking up before the holidays, they prolong the relationship until after the New Year to avoid facing the season alone. Recent research by dating app Happn reveals shocking statistics about sledging. Over 15% of single young adults admitted to continuing a relationship through Christmas , even though they had no real romantic feelings. Another 15% shared that they had planned a breakup but waited until after the festive season to follow through, with some having made the decision months earlier. MUST READ: One Can Never Guess The Name Of The Most Searched Cocktail, Starts With ‘Porn...’ Why is Sledging So Popular? According to experts, sledging is a way for people to avoid loneliness during the winter, especially during the holiday season. Many sledgers admit to...",positive
685,reddit.com,2024,Group Dynamics & Peer Pressure,en,"reddit is one hell of an echo chamber. Anybody who points out the ""rebels"" are hardcore islamists gets told ""but Assad is worse..."" Really? It's gonna turn Syria into Afghanistan 2, with beheadings, further mass displacements of people, and millions more refugees. But yeah, cheer for the ""rebels"", just like they did with the Mujahideen and Al Qaida buddies.",negative
686,reddit.com,2024,Group Dynamics & Peer Pressure,en,"A lot don’t critically think and instead listen to Fox News/Sinclair Broadcasting Group ‘local news’ where they’re told illegal immigrants are coming across the the southern border committing violent crime/rape and if they’re not doing that they’re getting more in government benefits than America citizens. Both of which are bullshit claims but again many of these people live in an echo chamber. A good example is my mom who has voted Republican in every election, she always votes red because she still views them as the party of family views and often cites Regan as the best president of her lifetime. At thanksgiving my mom said she was worried about illegal immigrants coming across the border committing crime; this is the same woman who taught me to respect and be kind to everyone I meet, I’ve never seen her yell at another person. It saddens me because I know if she met any of these ‘illegal immigrants’ she’s been told she should be fearful of she’d get along with them. Not sure how to reverse the brain-washing, it demoralizes me to know this is the current state of affairs because she is a saint in all other regards, makes me wonder how many others there are like her that voted for Trump.",negative
687,gazette.com,2024,Cultural Norms & Digital Etiquette,en,"X owner Elon Musk announced early Sunday that the end of "" cancel culture "" has arrived, to the relief of many online . The term refers to the public scorn that is often aimed at celebrities over any action or statement that falls out of line. When a person loses a job or is banned from a social media platform, it is referred to as a ""canceling."" HOW ELON MUSK HELPED WILL TRUMP BACK TO THE WHITE HOUSE ""Cancel culture has been canceled,"" Musk wrote on X. The post quickly received over 350,000 likes Sunday morning. Musk's post comes amid a barrage of commentary surrounding President-elect Donald Trump's nominees, which most recently has included former Defense Department chief of staff Kash Patel as FBI Director. Just before his commentary on cancel culture, Musk shared an article from last year about terms the FBI had flagged as ""extremism."" Among the terms were ""based"" and ""red-pilled,"" which Musk frequently uses. DEMOCRATS SEARCH FOR ANSWERS AS BARACK OBAMA’S INFLUENCE WANES Since buying X, formerly known as Twitter, Musk lifted bans for thousands of accounts that were previously banned because they promoted COVID-19 skepticism, QAnon conspiracy theories, and other controversial views. Most notably, he also reinstated President-elect Donald Trump , where he began posting again after his indictment in Fulton County, Georgia, on charges of election subversion. Still, some accounts remain banned on Musk's platform. Accounts that have issued violent threats are removed. Another...",negative
688,x.com,2024,Screen Time & Device Dependency,ja,"SNSやめて、マスメディアしか情報取らないようにしたら、
偏るんだろうな…
これからの時代は
デジタルデトックスより、
メディアデトックスを推奨したほうがいいかもな。",neutral
689,x.com,2024,Cultural Norms & Digital Etiquette,en,Pakistan has cancelled culture long ago the Army  should know,neutral
690,x.com,2024,Screen Time & Device Dependency,ja,いやまぁ単純なSNS疲れだったりするんで、デジタルデトックス必要かなーと思って,neutral
691,x.com,2024,Screen Time & Device Dependency,ja,ちょっと1界隈だけデジタルデトックスしたい,neutral
692,bsky.app,2024,Group Dynamics & Peer Pressure,en,Twitter was a honeycomb of echo chambers that Musk turned into one single torture chamber. The idea that it was ever democratic is an illusion. We shouldn’t romanticize social media apps. This one is good because it’s useful and not antagonistic to users! www.nbcnews.com/tech/social-...,positive
693,x.com,2024,Group Dynamics & Peer Pressure,ja,村、privateだと思っていたら全世界向けに公開されているpublicなんですよ、みたいなところから出てくる軋轢はめちゃくちゃあって、それがエコーチャンバーで内向きに加速する、みたいなのわかりやすくよく見る。んで、さらに混ざっていっているのが現在進行形な感じ。飽和に向かっているぽい感覚。,neutral
694,x.com,2024,Screen Time & Device Dependency,ja,俺の場合デジタルデトックスの方が不幸,negative
695,x.com,2024,Screen Time & Device Dependency,ja,"「半デジタルデトックス生活」の概要は以下の通り
・SNS依存からの脱却として、SNSは基本的に使用しない
・YouTubeにおいて、多数のチャンネルの登録解除
・YouTubeのおすすめの動画は視聴しない
・Pokémon GOは変わらず続けていく
・Pokémon Sleepやポケポケは変わらずゆるくやっていく",neutral
696,x.com,2024,Group Dynamics & Peer Pressure,ja,"テレビもなかなかのエコーチェンバーですね。
メインターゲットの年寄りと主婦向けが多くなる。
サッカーはJリーグが始まってまだ30年ちょっと、W杯出場出来てからも25年ちょっとですから、60歳以下の男が好きなイメージ。",neutral
697,x.com,2024,Group Dynamics & Peer Pressure,ja,実際の最前線の現場には反AIなんか全然居ないし、居たとしてもバレたら干されるような状況だからね？SNSの中が余りにも異常なのと、エコーチェンバーには気を付けたほうが良いと思う。,negative
698,x.com,2024,Screen Time & Device Dependency,en,"Very cool, like a road to ufc or contender series running full year segmented to markets.  they've been talking about india forever. The problem in america is there is only so much screen time/attention span, you cant have more than a few top guys at a time.",neutral
699,reddit.com,2024,Screen Time & Device Dependency,en,"As a woman- this is a red flag. More often than not this is the start of seeing how far they can push. This is how a home becomes *her* house with your den or man-cave (if you’re lucky), not *our* house that’s a blend of the both of you. I’ve seen former friends do this, and it sucks. 

It seems like you were responsible and budgeted your own money for your console, and would also do the same for games. You need to sit down and have a serious talk with this woman because it seems like she’s got a seriously dated opinion on what’s acceptable for an adult as entertainment. If your responsibilities are being met, and you’re choosing gaming instead of just staring at your phone doomscrolling, what’s the harm? 

Side note- Ratchet and Clank for PS5 was wonderful. I had a blast.",positive
700,x.com,2024,Cultural Norms & Digital Etiquette,en,"Pfft normal cancel culture bollocks , aging man uses flirtatious banta and brings down the fabric of society! No wonder we have declining birth rates, men can’t say a word without this rubbish. Top tip if a woman thinks a man’s being rude to her tell him at the time !",negative
701,x.com,2024,Cultural Norms & Digital Etiquette,en,"I know Elon has said cancel culture is fine, but could we just cancel Mr Contino once and for all. He’s a man, not a woman, in a woman’s bathroom and he looks terrible in that colour nail polish",negative
702,x.com,2024,Cultural Norms & Digital Etiquette,en,Yes of course. Pakistani learned cancel culture.,neutral
703,x.com,2024,Screen Time & Device Dependency,ja,デジタルデトックスの為返信リプ返ツイート遅くなります(ゆっくり改めて返信するので雑に終わらせないためにも遅れます),negative
704,bsky.app,2024,Screen Time & Device Dependency,ja,あと一時間もしたら強制デジタルデトックス始まってしまう,neutral
705,x.com,2024,Social Media & Psychological Well-being,hi,"""डिजिटल धोखाधड़ी, साइबर अपराधों का खतरा बढ़ रहा है""  PM मोदी ने साइबर क्राइम पर जताई चिंता
@NEETAS11
 | #PMModi | #CyberCrime",negative
706,x.com,2024,Cultural Norms & Digital Etiquette,en,"The U.S. deep state is Israel

#UkraineWar #UkraineRussiaWar️️ #Zelensky #Putin #Russia #Neocons “Cancel Culture” OpenAI “The NYT” “Border Czar” ""Charles Kushner"" “Real ID” ""Kash Patel” “Tom Homan” “Marc Andreessen” “Grok 3” “Joe Rogan” ""Syria Rebels"" “Ken Paxton” “Trump",neutral
707,x.com,2024,Social Media & Psychological Well-being,en,jedetavius (night at the museum) this was the VERY FIRST SHIP i ever read fanfic for. this ship was the start of my online life. that gay cowboy and roman are the reason for any of my social media accounts now.,neutral
708,x.com,2024,Social Media & Psychological Well-being,ar,"ضمك كومو وست هام يونايتد

ڪۆد خضم مباشر

▬زرافة▬ ← Z113",neutral
709,bsky.app,2024,Group Dynamics & Peer Pressure,en,The echo chamber is X ... and if he had to deal with 1/1000th the crap I deal with on X.\n\nHe would feel attacked.\n\nMy empathy view is that I understand how a woman feels IRL but still doesn't even come close to women's lives.\n\nI posted my AI view of bluesky which you might find interesting,neutral
710,prabhatkhabar.com,2024,Social Media & Psychological Well-being,hi,शहर के रामपुर थाने क्षेत्र में मिर्जा,neutral
711,hindi.news18.com,2024,Social Media & Psychological Well-being,hi,पुलिस ने बड़े साइबर गिरोह का पर्दाफाश किया है.  गया शहर के बीचों-बीच लोगों को ठगी के लिए एक बड़ा कॉल सेंटर चल रहा था.,neutral
712,prabhatkhabar.com,2024,Social Media & Psychological Well-being,hi,मुंगेर.  मेरे पति की मौत हो चुकी है.  सरकारी स्कूल में रसोईया का काम कर परिवार का भरण पोषण कर रहे हैं.,neutral
713,x.com,2024,Screen Time & Device Dependency,en,"I think the Twitter block might actually help many people with a tech detox. Based on my interactions with Pakistani Twitter over the past two years, it seems a lot of people are perpetually online—suggesting they’re either thriving and have plenty of time on their hands, or",neutral
714,youtube.com,2024,"Attention, Focus & Cognitive Load",en,Ali new tariff threat change global trade. Trump is one of the stupidest people in the world. His tariffs will cost Americans!  But MAGA deserve everything trump dioes to them and their shopping at Walmart. But trump is pushing his recently Chinese support crypto currency.  India should recall all that fled under the U.S. brain drain. I’ve been there. It’s a caste system where folks live in the streets as well as luxury.,negative
715,x.com,2024,"Attention, Focus & Cognitive Load",ar,""" إسقاط مقترح هجرة الكفاءات في البرلمان يثير تساؤلات حول مستقبل الخبرات الوطنية.
هل يتطلب الوضع حلولًا جديدة لوقف هجرة العقول وتحفيز الكفاءات للبقاء؟
#تونس",positive
716,reddit.com,2024,Cultural Norms & Digital Etiquette,en,"You must not speak Japanese. Direct translations to English will never make sense because of the nuance of the language. The ending Naa implies that Luffy is saying at least 10 or rather “maybe 10” which is probably the better way to put it in English. This means he can go either way, 10, less than 10 or more than 10. Oda left it open… In my opinion Oda will likely stick to 10 as that is his style of writing, the breadcrumbs always match up and he rarely retcons major plot points like (crew members).

Edit- responding to searing image. Didn’t see Bartos post but he explained it even more in depth +1",neutral
717,x.com,2024,Cultural Norms & Digital Etiquette,en,"Cancel Culture in the U.S. is just like the Communist Party's propaganda to its People in China.
7 Is Cancel Culture Killing FREE SPEECH https://youtu.be/-zNzZi9PB9A?si=M_DLHPh2nuEzggIa… via 
@YouTube",negative
718,x.com,2024,Screen Time & Device Dependency,ja,読みかけの本とか整理するために、ちょっとデジタルデトックスします。プログラミングを休むだけだと思いますが。,neutral
719,bsky.app,2024,Group Dynamics & Peer Pressure,en,"This ""echo chamber"" discourse is INCREDIBLY America-centric as if people from all over the world aren\'t using this app as well \n\nBrazil moved here first with the twitter ban. You gonna call Brazilians living in an echo chamber too? Canadians? Brits? Asians? Africans? Ppl in the Middle East? Aussies?",negative
720,reddit.com,2024,"Attention, Focus & Cognitive Load",en,"We have not. Canada was great, we are now falling behind in innovation according to basically all core metrics relative to most other western economies. Nevermind places like China. This is like a several decades long trend at this point. And is reflected in the significant stagation of ""thought worker"" wages and the like compared to elsewhere. It's because our innovation driven productivity is low.

Brain drain to America is not an inevitability, it is a consequence of our inability to support innovation. And our continued tolerance of it.",negative
721,x.com,2024,Screen Time & Device Dependency,ja,「デジタルデトックス」の使い方、間違ってますよ。,negative
722,x.com,2024,Social Media & Psychological Well-being,en,"She was subjected to intense cyberbullying in Vietnam and Russia simply because she refused to allow illegal translations, and during that time, her accounts were deleted multiple times.",negative
723,x.com,2024,Group Dynamics & Peer Pressure,ja,実はエコーチェンバーって作る必要すらなくて、偏った情報を得るように認知や思考を偏らせたら、後は勝手に偏った情報を好んで摂取したり、自分に有益な情報やより確からしい情報を拒否していくんだよね。認知の偏りが情報の偏りを生み、そうした人たちが集まる事で自動的にエコーチェンバーができる。,neutral
724,x.com,2024,Cultural Norms & Digital Etiquette,en,Censorship and shadow banning/cancel culture in the US is higher than in China,neutral
725,x.com,2024,Social Media & Psychological Well-being,zh,對，是這件事。但本就是網絡霸淩團体在騷擾別人，完全沒有必要鬧大影響正主…現在那些霸淩者得到注意后更興奮的開始直接進行抹黑了。不知道這是要幹什麼？？？,neutral
726,alquds.co.uk,2024,"Attention, Focus & Cognitive Load",ar,تونس: إسقاط مقترح برلماني للحد من هجرة الأدمغة,neutral
727,x.com,2024,Group Dynamics & Peer Pressure,en,Her online fans seem to primarily find community in misery. Conversations on her are consistently polluted by performative online slacktivism that does nothing to aid the plight of Romani people or prejudiced rhetoric toward the character’s ethnic background. Rarely is there joy.,negative
728,x.com,2024,Cultural Norms & Digital Etiquette,id,"Susahnya cancel culture. Dari yg mulai daily basis sampai ke political preference. Pdhl problematic, tapi kenapa masih saja dipuja². Iya memang manusia tidak sempurna, tapi kalau salah diulang, salah diulang berkali² apa gak kapok sama itu² lagi? 
Note: *Berlaku buat mantan jg",neutral
729,x.com,2024,Screen Time & Device Dependency,ja,"タク先生
おはようございます。
ときにはデジタルデトックスも必要ですね。
今日もよろしくお願いします。",positive
730,x.com,2024,Screen Time & Device Dependency,ja,"おはようございます
昨日はデジタルデトックスをしていましたそのためSNSを一気に遮断して自分と向き合う1日をしてました笑
でも筋トレや散歩はちゃんとこなしております！SNSを見ない分、周りの景色をよく見て過ごしていたので猫に会えました
写真貼っておきますね！
今日からゆるよろですっ",neutral
731,x.com,2024,Social Media & Psychological Well-being,en,"LA/NYC disability politic gothic: you're not allowed to cyberbully a woman who keeps saying covid is no big deal and it was fine to expose her ill husband to it, but cyberbullying disabled people is fair game!",negative
732,x.com,2024,Screen Time & Device Dependency,ja,"海月さんおはようございます
デジタルデトックスは大事ですよねずっとSNSしてると見たくないものも見ちゃうし

今日もゆるよろです",neutral
733,x.com,2024,Screen Time & Device Dependency,ja,"ゆうさん、おはようございます
Xで朝活しているから、朝のデジタルデトックスは難しいけれど、深呼吸&瞑想は取り入れていきたいと思います",neutral
734,x.com,2024,Screen Time & Device Dependency,ja,さえさん、おはようございます。お身体ご自愛ください。私のフォロワーさんは、履歴の更新がない停止状態の休眠アカウントなどは凍結になるようなので、リアルもXも、最低限、無理なく、ほどほどに動いた方が良さそうです。デジタルデトックスも、上手く、使い道があります。何事も無理は禁物ですね。,positive
735,reddit.com,2024,Group Dynamics & Peer Pressure,en,It's a PTI echo Chamber filled with teenagers and overseas Pakistanis. By their own poll 65% of people active on that sub don't even live in Pakistan. It's either non Pakistanis or overseas.,neutral
736,almasryalyoum.com,2024,Screen Time & Device Dependency,ar,طبيب نفسي: إدمان الإنترنت والألعاب الإلكترونية مرض نفسي,neutral
737,reddit.com,2024,Group Dynamics & Peer Pressure,en,"As some of you might have observed, there seem to be a lot of pro-russia movements happening across the EU, potentially damaging to democracies (see Georgia, Hungary's Orban, Germany's far right AfD, maybe even Trump's victory to some degree, although not from EU).

And the one directly affecting me the most, the far-right Romanian candidate Calin Georgescu, qualified for the second round, currently leading, with no TV or irl campaign, no party, claiming 0 budget for marketing, pushed on tiktok by (allegedly) Russian bots. 

I'm unable to have civilized discussions about the topic with my family, without them disregarding everything I say and stopping me when I try to clarify my points and show them sources. They're stuck in an echo chamber. It's like they can't think anymore. When I show them claims of this candidate such as ""moon landing didn't happen,"" ""water is not H20, it's information"", or that he glorifies fascists movements and leaders from Romania, rather than accepting these facts as false or bad (which they've done in the past), they're trying to find explanations and argue for them and against me.

The only plan  I've got is to alter what they see on social media since that's where their ideas come from. At the very least, I do have access to my parents' phones (as they often ask me for help since they're not tech savy). 

Are there easy ways to change what they see on facebook, tiktok, and instagram? Or somehow block the pro-russia content. For youtube, at least, I know this is possible, and I regularly do it for me by deleting everything from my history related to topics that I don't want to see recommended anymore. For other platoform, I'm unfamiliar since I don't use them.

Thanks in advance!",positive
738,x.com,2024,Group Dynamics & Peer Pressure,en,"Imagine the toxicity at Blue Sky. An endless echo chamber of the worst kind of leftism. Post a naughty word... BANNED! Oh, you think there's something to making woman's sports sex based &amp; not gender based? BANNED! And on &amp; on. Endlessly checking your ""privilege"" has to be tiring.",negative
739,x.com,2024,Screen Time & Device Dependency,ja,"おはようございます
しんどい時はデジタルデトックスってのもたまには良いのかもしれませんね
最近は僕も体調が優れず休みの日はゴロゴロしてばかりです
今週は忙しいので頑張らないとなんですけど
今週もよろしくお願いします",positive
740,x.com,2024,Screen Time & Device Dependency,ja,"タクさんおはようございます
デジタルデトックスたまには必要ですね
本日もよろしくお願いいたします",positive
741,x.com,2024,Screen Time & Device Dependency,ja,"タクさん
おはワンございます
デジタルデトックス！
必要ですよね！
リアルが充実してのSNSですよね
今日も1日よろしくお願いします",positive
742,x.com,2024,Screen Time & Device Dependency,ja,"あいさん、おはようございます
たまにはデジタルデトックスもいいですね
12月もよろしくお願いします！",positive
743,x.com,2024,Screen Time & Device Dependency,ja,"確かにデジタルデトックス良さそうですね。
今週末実践してみようかな",positive
744,bsky.app,2024,Screen Time & Device Dependency,ja,今週末は軽めのデジタルデトックスであった\u3000よく眠れたかも,neutral
745,x.com,2024,Screen Time & Device Dependency,ja,"タクさん
おはようございます
たまにリアルが忙しくてXができない時もあるけど
今度は意識してデジタルデトックスをしてみたいデス

今週もよろしくお願いします",positive
746,bsky.app,2024,Group Dynamics & Peer Pressure,en,More Fox Boob echo Chamber bs.---how much money did Ivana get from China again? In the billions I know.,neutral
747,x.com,2024,Group Dynamics & Peer Pressure,ja,昨日駅前で反ワクがワーワーやってたんだけど、その中で「皆さん、Xをやってください！お父さんお母さんにも勧めて！テレビ・新聞は信用しないで！」とか主張してたのが結構な衝撃だった。浄化された我がTLでは可視化されないエコーチェンバー世界が一方には存在するんだ、という現実を突きつけられた,negative
748,x.com,2024,Screen Time & Device Dependency,ja,寝る前の1時間前はデジタルデトックス意識します！！！,neutral
749,x.com,2024,Screen Time & Device Dependency,ja,アムクさん、おはようございますはい、デジタル・デトックス、おすすめです！今週もよろしくお願いいたします,positive
750,x.com,2024,Screen Time & Device Dependency,ja,"船旅で強制デジタルデトックスしてる間にめっちゃ伸びてて横転した
元配信もぜひみてくれ…
https://youtube.com/live/XLPXiZBOIb4?feature=shared…",neutral
751,x.com,2024,Screen Time & Device Dependency,ja,"実は白川郷に見せかけての下呂にある合掌造りでした！！デジタルデトックスできました
ありがとうございます！！",positive
752,x.com,2024,Screen Time & Device Dependency,ja,"タクさん、おはようございます
デジタルデトックス良さそうですね
しっかり息抜きしないと、だんだん疲れてきますよね！

今日もよろしくお願いします",positive
753,x.com,2024,Screen Time & Device Dependency,ja,"おはようございます！！
ﾜﾀｸｼ、もうちょっと沈黙の業(デジタルデトックス)をいたしますわ～！！
ピーちゃんとぎんかどんははちゃめちゃ元気ですご心配なく",positive
754,x.com,2024,Screen Time & Device Dependency,ja,"タクさん
おはようございます
すごくわかります！デジタルデトックスもたまには必要ですよね
今日もよろしくお願いします",positive
755,x.com,2024,Screen Time & Device Dependency,ja,"たけっちーさん
ご無沙汰しております。
デジタルデトックスしてましたか？
実は私も1週間前まで約2週間は
で休んでましたよ笑
今月もよろしくお願いいたします
本日もハッピーポジティブレッツゴー
元氣はつらつLOVE＆PEACE",positive
756,reddit.com,2024,Screen Time & Device Dependency,en,"Hey, I answered this question on another sub a few months ago, so apologies for the cut and paste job:

-----

Gregory ""of Yardale"" and Christophe ""Ze Mole"" from _South Park: Bigger, Longer and Uncut_.  They have maybe 15 minutes of screen time, they don't have canon last names, and in the final draft of the script, they never even share a scene together. 

But they're based on Enjolras and Grantaire from _Les Miserables_ (Trey Parker attended Berklee College of Music and is a massive Broadway fan), and they have two of the best musical numbers in a surprisingly good soundtrack (that would be ""La Resistance"" and ""The Mole's Reprise"", respectively).  

For a long time they were better known in Japan among the doujinshi crowd. But then they got a comeback with Western fans as two of the ""Foreign Kids"" (a sub-fandom for SP, often popular with younger, queerer and more female fans, kind of like the Marauders for the HP fandom). 

-----

Thanks for reminding me - I still need to format and publish chapter 4 of my WIP when I get home.",positive
757,reddit.com,2024,Screen Time & Device Dependency,en,"Hey, I answered this question on another sub a few months ago, so apologies for the cut and paste job:

-----

Gregory ""of Yardale"" and Christophe ""Ze Mole"" from _South Park: Bigger, Longer and Uncut_.  They have maybe 15 minutes of screen time, they don't have canon last names, and in the final draft of the script, they never even share a scene together. 

But they're based on Enjolras and Grantaire from _Les Miserables_ (Trey Parker attended Berklee College of Music and is a massive Broadway fan), and they have two of the best musical numbers in a surprisingly good soundtrack (that would be ""La Resistance"" and ""The Mole's Reprise"", respectively).  

For a long time they were better known in Japan among the doujinshi crowd. But then they got a comeback with Western fans as two of the ""Foreign Kids"" (a sub-fandom for SP, often popular with younger, queerer and more female fans, kind of like the Marauders for the HP fandom). 

-----

Thanks for reminding me - I still need to format and publish chapter 4 of my WIP when I get home.",positive
758,bsky.app,2024,Screen Time & Device Dependency,ja,デジタルデトックスしつつ、デッドプール３とスパイダーバース２を見た\n\nデッドプール、ディズニー入りしたことで「あれもこれもディズニーが許可してんだよな…」となって何もかもが面白くなってるのがずるいと思う\u3000良いです\n\nスパイダーバース２は前編なんかい！後編まで引っ張る物語のテンションもいいし相変わらず映像がすばらし～\u3000新しいバンドメンバーも良かったし昔の仲間たちも好きすぎるので１見直したいかもな,positive
759,x.com,2024,Screen Time & Device Dependency,ja,"デジタルデトックス？いいですね！
わたしもやってみようかなあ",positive
760,x.com,2024,Screen Time & Device Dependency,ja,和尚様、おはようございます。年末に向けて、後片付け、買い出し、掃除整理整頓など、仕事や断捨離のリアルとXを最低限、無理なく、ほどほどに偏りすぎなく努力するのは、仏教の中道で、SNSの炎上防止にもつながりますので、デジタルデトックスで、スマホ断ちも、活用しています。よろしくお願いします,positive
761,x.com,2024,Screen Time & Device Dependency,ja,"12/1
デジタルデトックス1日目
11:30 起床
12:00 髪の毛巻いてみる
13:00 お昼
14:30 家の中掃除
19:50 テレビ
20:00 寝る
21:00 テレビ
22:40 夕飯
24:20 お風呂
25:30 就寝",positive
762,x.com,2024,Screen Time & Device Dependency,ja,週末デジタルデトックスで英気を養いました。師走を突っ走って行けそうな気がしわっす！！←,neutral
763,x.com,2024,Physical Health & Digital Ergonomics,fa,"یه پدیده‌ای هست به اسم Revenge bedtime procrastination که همه تجربه کردیم. 
یعنی شبا با اینکه نیاز به خواب داریم و خسته‌ایم، بازم دیر میخوابیم. چون تو طول روز به دلیل کار و مشغله، وقت آزادی که واسه خودمون باشه نداشتیم پس خواب شبو برای داشتن اون تایم آزاد قربانی میکنیم.",neutral
764,x.com,2024,Screen Time & Device Dependency,en,"To stop doomscrolling Twitter, I decided to refrain myself from using Korean",neutral
765,bsky.app,2024,Group Dynamics & Peer Pressure,en,"People love their echo chambers and simply nod backward and forward in a trance saying, ""Democrats are Pedophiles!""\n\nIt\'s a sickness that I can\'t figure out, but the Roman Mob mentality is a good start.\n\nI get so many responses from people talking about the ""Cabal"".\n\nWhat the hell is going on?",neutral
766,bsky.app,2024,Screen Time & Device Dependency,ja,iPhoneのアプリアイコンを白黒+一色にしただけで土日のスクリーンタイムをガクッと減らせた！いいかんじ！\n本当は常に白黒にするのが良いと何かの本で読んだんだけど、子供の写真を頻繁に撮る自分には向いてないと思ってすぐやめちゃったんだよね\nでもメニュー画面だけ白黒にするのは続けられそう\u3000頑張るぞ,positive
767,x.com,2024,Cultural Norms & Digital Etiquette,en,"Those within, Soros and his son, communists, globalists, woke, cancel culture, those corrupt ones within the government, drug traffickers, sex and child traffickers, communists professors and influencers who gets founding from China and Russia",negative
768,x.com,2024,Screen Time & Device Dependency,ja,"初めまして
デジタルデトックスいいですよね
私も定期的にしています
よろしくお願いいたします",positive
769,x.com,2024,Screen Time & Device Dependency,ja,"げつよーびっ
おはよございましゅ

明日の朝までﾃﾞｼﾞﾀﾙﾃﾞﾄｯｸｽをします∼
巡回はゆっくりさせて頂いております

てんではなく、
ﾂﾙ星人を置いておきます∼

#おはようVtuber",neutral
770,x.com,2024,Screen Time & Device Dependency,ja,"さて、今日は午後は飛行機です。
しばらくデジタルデトックスの期間になりそうです。",neutral
771,x.com,2024,Screen Time & Device Dependency,ja,"ありがとうほんとに
デジタルデトックスも大事かな〜",neutral
772,x.com,2024,Screen Time & Device Dependency,ja,"おはようございます！
デジタルデトックスですか！

気づくとスマホ見ちゃいますからね。",positive
773,x.com,2024,Screen Time & Device Dependency,ja,寝る前の1時間は、デジタルデトックスの時間。スマホやパソコンの光は、脳を興奮させてしまうから、優しい照明の下で過ごしたいね。今日あった「嬉しいこと」「楽しかったこと」を思い出して、ノートに書き出すのもおすすめ。感謝の気持ちを持つと、ネガティブな感情を手放して、心が安らいでいくよ↓,positive
774,x.com,2024,Screen Time & Device Dependency,ja,デジタルデトックス結構効果あるらしいよね,positive
775,x.com,2024,Screen Time & Device Dependency,ja,"ともさんデジタルデトックス結構良かったです
油揚げ正解",neutral
776,reddit.com,2024,Screen Time & Device Dependency,en,"I did this during 2019-2020. Here’s what I learned.

1. You are more addicted than you realize.
Do not “cold turkey” and delete everything. Do one a month or maybe longer depending how much usage you do. 
2. Supplement 
You’ll notice if you averaged 5hrs of screen time per se, you’ll still do it but you’ll use the other apps that you kept more. So when you delete an app, replace it with something worth while. Duolingo, Udemy, etc. 
3. You will become irrelevant. 
I’ve never been more isolated. Lost touch with friends and didn’t gain any new ones because no one knows I exist except family and coworkers. So there’s that.. plus most women want a snap instead of a number because a number is “too personal”.

Overall. Yes, it sucks but in a good way? If you have good friends already and nothings changing drastically then sure, delete them. But if you’re about to go to college and meet new people, you’re going to lose your bridge to society and making friends and staying relevant.",neutral
777,reddit.com,2024,Group Dynamics & Peer Pressure,en,"Let us take a step back.

Ask yourself, or other Indians - Have we not been racist towards others? Including our fellow Indians?

The only rationale I could find is that groupism or drawing boundaries around people seems to be an intrinsic trait of humans. When you see another walking and talking person, you have to choose whether to bring them closer or to keep them far away. The factors we use mostly revolve around compatibility.

Now, how do you define compatibility? It's subjective. For most of us, it relates to the culture we have adapted to. Do I see the other person similar to my tastes and world views? If yes, we are the same. Else, I continue to see you as an alien.

Indians for historical reasons have developed a cultural trait that is very different from the rest of the world. Despite multiple external influences, the core cultural trait has been too difficult to be replaced by something else. This makes us different in the eyes of others. The vice-versa applies as well. We see the rest of the world as alien and as sources of all conspiracies against India.

Now, what do you do with that difference, is where the consequences become glaring. A healthy progressive personality would extend themselves and try to understand the alien culture. An unhealthy regressive personality will only build walls to strengthen those boundaries. Online platforms do not help in bridging the gap. It only helps us get into echo chambers, and solidify the group we want to belong to.

So, what can we do? Be curious. Learn about others. Empathize with them. Where do they come from? What shaped their perspectives? What are their cultural traits? What good things can I learn from them? When we Indians start doing this, in no time we will see the same returning back.

With that addressed, yes - there will be people who will continue to feel entitled and treat everyone else to be below them. That thought comes from a certain cultural, political and economic advantages they have over others. The only way to address this is to acknowledge the advantages they have, while we continue to explore our own way to beat them culturally, politically and economically. So, get back to your work and help India win.",positive
778,x.com,2024,Cultural Norms & Digital Etiquette,en,Her performance was immense as usual. I liked the mix of the music theme but also what you might call cancel culture where the woman is the alleged abuser. Of course I don't think any of that was really explored. You were left to make of it what you will.,positive
779,x.com,2024,Screen Time & Device Dependency,ja,デジタルデトックス,neutral
780,x.com,2024,Screen Time & Device Dependency,ja,"おほほ。ごきげんよう。
デジタルデトックスでしてよ。",neutral
781,x.com,2024,Screen Time & Device Dependency,ja,"連絡取れたあ
さりさんスマホ忘れるよーと言ってなんか自分のバッグに入れた？らしいw
今日一日デジタルデトックスじゃ",neutral
782,x.com,2024,Screen Time & Device Dependency,ja,デジタルデトックスをするのですわ〜！！！！,neutral
783,x.com,2024,Social Media & Psychological Well-being,hi,"BREAKING | मुंबई में साइबर ठगी का हैरान करने वाला मामला, डिजिटल अरेस्ट कर उतरवाए महिला के कपड़े  
@arzoosai
 | #Mumbai | #CyberCrime",negative
784,reddit.com,2024,"Attention, Focus & Cognitive Load",en,"I know we're constantly having to tell people that not all shojo is romance (and not all romance is shojo) but... goddamn, barely any non-romance shojos have been coming out lately and I wish we had more variety. Feels like shojo magazines lately have been experiencing major ""brain drain"" of female mangaka switching to shonen and seinen magazines.",neutral
785,x.com,2024,Group Dynamics & Peer Pressure,ja,ポテトをやめてハンバーガーだけ食べていればマクドナルドはそんなに悪い食事ではないし、フォロー中とリストだけ見ていればXはそんなに悪いSNSではない。ネット全体、人類社会全体と較べて同程度にしか悪くない。エコーチャンバーにならないように自律して構築する必要があるけど。,neutral
786,x.com,2024,"Attention, Focus & Cognitive Load",en,"Top 3 reasons for brain drain world-wide -
1. Economic opportunities
2. Political strife and instability
3.Persecution based on religion, gender,sexualitY
India, 2&3 could be replaced with....- Horizonal growth & opportunities missing- Out of box tht downplayed - Fobia of failure",negative
787,x.com,2024,Screen Time & Device Dependency,ja,"みずぶろさん！こんにちは
デジタルデトックスと思いきや〜スマホ触りまくりだったか
今月もヨロシクお願いしまーす！",neutral
788,bsky.app,2024,Screen Time & Device Dependency,ja,新しいスマホにx入れてないからスクリーンタイム激減😂,neutral
789,x.com,2024,Group Dynamics & Peer Pressure,en,Mr. Marandi seems firmly ensconced in an echo chamber of self-deceit and smugness. How exactly has Iran's stance helped prevent the genocide in Gaza? It's time to question Iran's modus operandi: is it ethical to use proxies like Hezbollah or even Hamas to advance its own,positive
790,x.com,2024,Screen Time & Device Dependency,ja,最近ではデジタルデトックスが贅沢行為だと思う,neutral
791,x.com,2024,Persuasive Design & Algorithm Ethics,ja,立花某がファイル晒した問題で、墓穴を掘ったとか迂闊だとかの投稿がある。でも彼はそもそも誰かを利するとか政治的に何かを実現するとかでなく、ぶっ壊して騒ぎが大きくなり自分が儲かればよい人なのではないかな。アテンションエコノミーの徒花。信者は裏切られたと思う瞬間が来るかもしれないけど…,negative
792,x.com,2024,Screen Time & Device Dependency,ja,"おはようございます

デジタルデトックスもありですね",neutral
793,x.com,2024,Group Dynamics & Peer Pressure,ja,"polyhedron echo chamber / ■37 feat.IA & miku https://youtu.be/iVqfcZM4Hpg?si=hkTEXdKYfAIgL15c… 
@YouTube
より",neutral
794,x.com,2024,Group Dynamics & Peer Pressure,ja,まー俺もただのエコーチェンバー現象だと信じたい。ガチでノマカプに怒り狂う人が居る事より、釣りでただ叩きたいだけって人でしたの方がまだマシ,neutral
795,bsky.app,2024,Social Media & Psychological Well-being,ja,#選挙\nバスの中で投票できる\u3000山間地に「移動期日前投票所」開設へ\u3000来夏の参院選から、群馬・高崎市 | 上毛新聞社のニュースサイト 2024/12/01\n www.jomo-news.co.jp/articles/-/5...,neutral
796,bhaskar.com,2024,Social Media & Psychological Well-being,hi,फर्जी फेसबुक आईडी बना फर्नीचर की तस्वीर डाली थी।  बिहार के पूृर्व गृह सचिव जिया लाल आर्य के नाम पर फर्नीचर बेचने का झांसा देकर साइबर अपराधियों ने 1 लाख 31 हजार 500 रुपए की ठगी कर ली।  ठगी के शिकार,neutral
797,bhaskar.com,2024,Social Media & Psychological Well-being,hi,निजी कंपनी से लोन दिलाने के बहाने करीब 1000 लोगों से करीब एक करोड़ की ठगी करने वाले साइबर अपराधियों के बड़े गिरोह का पटना साइबर थाने की पुलिस ने भंडाफोड़ किया।,neutral
798,bhaskar.com,2024,Social Media & Psychological Well-being,hi,कूरियर कंपनी की वेबसाइट से ग्राहकों का डाटा लेकर ठगी करने वाले दो साइबर अपराधियों को साइबर थाने की पुलिस ने गिरफ्तार कर लिया।,negative
799,bhaskar.com,2024,Social Media & Psychological Well-being,hi,भास्कर  संवाददाता |  साइबर थाना पुलिस ने आबकारी विभाग ने 8.54 करोड़ का साइबर फ्रॉड पकड़कर चार लोगांे को गिरफ्तार किया है।  गिरफ्तार आरोपियों में एक आबकारी विभाग का कार्मिक भी है।,neutral
800,reddit.com,2024,Screen Time & Device Dependency,en,One of my criticisms of DE was the lack of screen time for the romance options. Chloe was on obvious one of the main characters so the relationship felt developed and made more sense. I actually really liked Amanda as a character but there's barely a chance to develop anything as she's absent most of the game. Realistically though outside of Chloe and the True Colours options and probably Rachel in BTS the rest just suck due to various reasons.,negative
801,dainiktribuneonline.com,2024,Social Media & Psychological Well-being,hi,"साइबर ठगी के आरोपी जकरिया खान निवासी फिरोजपुर, जिला नूंह को थाना साइबर अपराध दक्षिण ने, नरेश कुमार निवासी नेहरू नगर डीडवाना, राजस्थान को पुलिस थाना साइबर अपराध दक्षिण ने, सुनील कुमार निवासी अशोक विहार, गुरुग्राम, लक्ष्य, अमृतपाल व चेतन व कनिष्क प्रताप निवासी मोडाखेड़ा, जिला हिसार को पुलिस थाना साइबर पूर्व ने गिरफ्तार किया।",negative
802,reddit.com,2024,Group Dynamics & Peer Pressure,en,"I'm not familiar with that one but an example doesn't prove a rule. It doesn't really matter though because I think you're missing my point.

Let me ask you some hypotheticals. Let's say I'm a woman and I want to answer the questions in askmen? Or let's say I want to ask women questions in that sub instead? Let's say I want to make the focus women in general. Would it make it an echo chamber to disallow that behavior, discourage it, or tell me to go elsewhere?

Aren't communities allowed to decide who they want and who they don't? And more importantly shouldn't people be getting their information from somewhere other than where they gather to socialize about a topic? As long as you're aware of what's outside it's not really an echo chamber. It's just a glorified clique. Some are just more cringe than others. Echo chambers are things you usually have to seek out and are often obscure.",negative
803,x.com,2024,Screen Time & Device Dependency,ja,"冬になってから目覚めが悪いから22:00以降はデジタルデトックスする(´･ω･`)

俺でデトックスしとけにゃっシャキーン!",neutral
804,reddit.com,2024,Screen Time & Device Dependency,en,"1. Build external accountability/routines. Having a partner or close friends you live with helps with this. 

2. Treat your phone (and the internet in general) like a toxin. For our brains especially, it is. Try getting a dummy phone, or using a smart watch, to communicate. Get an e-reader to replace screen time with actual books and improve your focus (yes you have ADHD, but living in 2024 your focus is also likely corroded by technology). I find that after 2 days with no phone, my ability to focus is easily 3x better. Download ScreenZen (mobile) and Cold Turkey (for computer) / equivalents.

3. Try a lot of things that random people say helps. Exercise (lots of different kinds), meditation, breath work, yoga, sensory deprivation, fasting, everything. Most likely, most of it won’t work. But finding one or two things that do work for you can be game-changing.
Personally, I find that intense exercise in the morning helps me focus in the afternoon. So does chickpea salad :) 

4. Keep pen and paper/journal by your bed. In the morning, get all your thoughts out and think about what you want to do that day. You don’t need to plan - but just thinking about it can help. So can visualising. I also find having a pen and paper nearby to write down my distracting thoughts as I’m trying to work is helpful.


It’s okay to be on meds, never feel like it’s shameful or weak. We are all trying our best, and we are here for a good time not a long time - no point in unnecessary suffering. You wouldn’t judge someone with a physical disability for not just pushing through. At the same time, it’s not true that everyone with ADHD needs medication to be happy and accomplish stuff; don’t let people tell you that just because you have ADHD, you have to rely on meds. Trust yourself on what’s right for you. Personally I take them to help me work, but avoid them when I don’t absolutely need them. ",positive
805,reddit.com,2024,Group Dynamics & Peer Pressure,en,"There are afghans, serbs, libyans, vietnamese and iraqis in switzerland who see the american flag as a symbol of hatred. There are ukrainians who see wagner insignias as symbols of hatred. There are syrians who see wagner as those who freed them from ISIS. There are tens of thousands who suffered agony under communist regimes and suffer whenever they see hammer and sickle symbolism. There are kurds who see erdogan as the greatest terrorist alive. There are muslims who take deep offence in david stars. There are chinese who see taiwanese flags as hatred against their state. There are tibetians who see chinese flags as symbols of genocide. 

It's not as clear cut as you make it out to be, and straight outlawing public display of any symbol that someone might be offended by is not the way we roll. You seem deeply invested in wagner, but most people are not. Not any symbol some people detest is automatically to be categorized as a symbol of hatred. I'm not saying such symbols do not exist, but one shouldn't overzealously append to that list. There are some historic facts that are more closely entangled with switzerland than others, and the industrial destruction of 7 million jews by a neighbouring country is categorically different from the actions of a PMC taking part in a couple of conflicts far away.

Also, no, you absolutely cannot just discuss ""in private"". This stuff is to be discussed in public, in a restaurant, on the radio, on TV. Not in some fucked up echo chamber in a secret basement. People need to see their views taken seriously, represented, and countered by others. That's how you arrive at informed opinions. That's how you make direct democracy work.",negative
806,x.com,2024,Screen Time & Device Dependency,ja,ここ最近はツイされてる分、ツイないと心配もするけどたまにはデジタルデトックスもしてくださいね,neutral
807,x.com,2024,Screen Time & Device Dependency,ja,"≪デジタルデトックスxマインドフルネス≫
友人のクラファン支援しました！
デジタルデトックスに取り組んではリバウンドを繰り返しているので今度はグループに入って頑張るよ！！
良かったら一緒に参加しましょ
リンクは下に↓",positive
808,x.com,2024,Screen Time & Device Dependency,ja,"寝る前のデジタルデトックスや感謝のノート
とても素敵な夜の習慣ですね。

アロマや音楽、読書を取り入れることで
1日の疲れを優しくリセットできそうです。",positive
809,x.com,2024,Screen Time & Device Dependency,ja,"おはようございます！
週末はデジタルデトックスして、実家のを愛でたり兄ファミリーとご飯やプールに行ったりまったり過ごしていました

新しい月の始まりということで、
スケジュールを仕切り直して頑張るぞ～

#会社員の日常 #広島 #ひとり広報 #広報さんと繋がりたい",positive
810,x.com,2024,Screen Time & Device Dependency,ja,"るまちのとこからは星がよく見えそーやなー（笑）
デジタルデトックス

（デトックスでうんち絵文字出すことでうんち大好きるまちはきっと満面の笑みであろう、
うんうん）",positive
811,x.com,2024,Screen Time & Device Dependency,ja,オタク無理となって1日半だけデジタルデトックスして清々しい気持ちでツイッタランド開いたらなんだか地獄だった。推し達には一生デジタルデトックスして幸せに生きてほしい。,neutral
812,x.com,2024,Group Dynamics & Peer Pressure,en,"I feel like she set him up for this dragging because it feels like reverse psychology to me…. “My husband has never cheated” after they sent you evidenced of him on a call with another woman for “blackmail”
Especially when you know clout chasers are dying to “show him off”",neutral
813,x.com,2024,Screen Time & Device Dependency,ja,"デジタルデトックスできてない…
寝る寸前までPC見て、起きてすぐPC見てます",neutral
814,reddit.com,2024,Group Dynamics & Peer Pressure,en,"turkey hates israel??? LMAO, reddit couch geopolitics final boss. this platform is such a boring echo chamber of ignorance, noone even does research anymore, just vibes",negative
815,x.com,2024,Group Dynamics & Peer Pressure,en,"No body cares except people in echo chambers.
Minors/lolis/animated children has been depicted like this for decades in Japanese media.
If it bothers you, then don't watch it.",neutral
816,x.com,2024,Screen Time & Device Dependency,ja,"おはようございます♪

僕がしんどい時の行動です！
疲れた　　=美味しいごはんを食べる
ストレス　=1時間以上運動する
考えすぎ　=自然に触れる(釣りか神社めぐり)
ダラダラ　=デジタルデトックス(1日寝る)

知り合いの言葉ですけどご参考になれば
仕事モードはほどほどに…",positive
817,x.com,2024,Screen Time & Device Dependency,ja,"デジタルデトックス！

スマホカメラでパシャ→Xに載せたろ！

はて？",neutral
818,x.com,2024,Screen Time & Device Dependency,ja,"おはようございます。
昨日はデジタルデトックスと言う名の朝からツーリングしてました。
安心して下さい。TIPSTARはアカウント削除済です。ギャンブルはほどほどに…
再来店件ですが、また花やっちゃいますか?
人数集まればやります！",positive
819,x.com,2024,Screen Time & Device Dependency,ja,"タク王子おはようございます！
明け、ゆる運用だけどまたここからよろしくお願いします
デジタルデトックス、わたしも定期的にやろうと思います♪",positive
820,x.com,2024,Screen Time & Device Dependency,ja,"朝活して来ました(・∀・)ﾆﾔﾆﾔ

24時間温泉あるの、ありがたい

すっかり時が止まってXポスト癖がoffになってました(´>∀<｀)ゝてへっ

今日から頑張ります

デジタルデトックスしてたら仕事にならないじゃんと反省",positive
821,x.com,2024,Screen Time & Device Dependency,ja,"ユニコーンに乗ってというドラマ

仕事を忘れデジタルデトックスと温泉へ
→車一台に荷物を積むがスマホ発見
→ダメでしょ！と置いてく
→温泉で新事業を思いつくがPC無い
→ジャーン！私持ってきました
→私も！（全員ノートPC出す）

こういう所なんだよ日本のドラマが学芸会なのは
クソくだらねぇ",neutral
822,x.com,2024,Screen Time & Device Dependency,ja,"「デジタルデトックスできていませんよ」
と、言えば良かったのですかね？",positive
823,x.com,2024,Cultural Norms & Digital Etiquette,en,"fyi ""cancel culture"" and raping a woman are not the same",negative
824,x.com,2024,Screen Time & Device Dependency,ja,"自律神経失調症で悩んでるあなたへ
少しでもラクになるために

 朝日を浴びてリズムを整える
 深呼吸と瞑想でリラックス
 ぬるめのお風呂で副交感神経UP
 バランスの良い食事で体内リズムをサポート
 スマホ断ち！寝る前はデジタルデトックス

焦らず自分のペースで",neutral
825,reddit.com,2024,Screen Time & Device Dependency,en,"I'm a straight dude but I don't mind choosing a guy as a romance option in a videogame, I just go with whatever looks more interesting and in-character for the protagonist. I guess I'm not a self-insert kind of gamer. 

Chloe just felt so damn angry all the time, the last thing she needed was a relationship, so I stayed friends and decided to give Warren a shot with Max. He doesn't have enough screen time to make it really interesting, though. 

Amanda just felt underwhelming as a partner. I loved Alex and Steph's relationship in True Colors (even though I also have problems with the game), so friendzone at the beginning and ""win me back"" at the end just felt massively underwhelming.",neutral
826,x.com,2024,Group Dynamics & Peer Pressure,ja,"そのサマリは出典先を明示しているし、そもそも「AI」はビッグデータにある広く知られた言説を「引用」するので創作ではない←

自身に都合の良い「説明」だから感情論で否定するのは「エコーチャンバーの典型」ですね～
#エコーチャンバー現象",neutral
827,x.com,2024,Group Dynamics & Peer Pressure,ja,"AIだから否定しておけって「エコーチャンバーの典型」ですね～(笑)

AIは創作ではなく、ビッグデータから広く知られた言説を引用するので君らの「感情論」では説得力無いよね←

反論が有るのなら「具体的な根拠を示して論理的に反証するべき」←まぁ出来ないから感情論で否定するのだろうけど",neutral
828,bsky.app,2024,Cultural Norms & Digital Etiquette,en,"Katsu San in Richmond is insanely good. Was on the mainland with friends for the day and after our primary plans fell through we did a bit of exploring, but we had to make this stop.\n\nGot the Cheese Katsu Set and was very happy with that decision, as was getting the side Japanese curry. A trio of pork Cheese Katsu with a mound of thinly shaved green cabbage behind it. The Katsu is pork loin, pounded to be thin, then breaded with breadcrumbs and fried, before being topped with golden mozzarella cheese. The cabbage mound behind it is light and airy, but remains undressed at this point. A bowl of rice that has been covered with a brown sauce. The rice was neatly cupped into the middle of the black bowl which allows for the brown sauce to be on the base of the boil. There are bottom edges of the rice that haven't been coated with hr sauce. It is on the outside of a rectangular wooden flatter with the handle visible on the adjacent wooden platter.",positive
829,x.com,2024,Screen Time & Device Dependency,ja,"タクさん、おはようございます
定期的なデジタルデトックスは本当に大事ですよね
本日もよろしくお願いします！",positive
830,bsky.app,2024,Cultural Norms & Digital Etiquette,en,"If Cancel Culture is canceled, Trump can invite the Chicks to play at his inauguration. They would laugh in his face. Cancel Culture isn't a Democratic or Republican invention. Damnatio memoriae wasn't new when the Romans did it, or the Egyptians and it’s not going anywhere now.",neutral
831,reddit.com,2024,Screen Time & Device Dependency,en,"It's because fans often want more of what worked in Part 1. For example, in Predator, the creature appeared on screen for only about 10 minutes, so they doubled its screen time in Predator 2 (imo, is also a kickass movie). Similarly, in Japanil Kalyanaraman, the sequel leaned heavily on the love for the original Kalyanaraman. In Indian, while young KH was the main focus, Senapathy and his karma were the standout attractions.",positive
832,reddit.com,2024,Screen Time & Device Dependency,en,"It's because fans often want more of what worked in Part 1. For example, in Predator, the creature appeared on screen for only about 10 minutes, so they doubled its screen time in Predator 2 (imo, is also a kickass movie). Similarly, in Japanil Kalyanaraman, the sequel leaned heavily on the love for the original Kalyanaraman. In Indian, while young KH was the main focus, Senapathy and his karma were the standout attractions.",positive
833,x.com,2024,Screen Time & Device Dependency,ja,"昨日の写真早速壁紙にしたから開く度ニヤけそう
デジタルデトックスするとか言ってたのにiPhone開く頻度増えちゃうよ",neutral
834,x.com,2024,Screen Time & Device Dependency,ja,"か、環境を変えた途端
ほんとにLINEの通知がなくなった

デジタルデトックス。
ノンプレッシャー。",neutral
835,x.com,2024,Screen Time & Device Dependency,ja,"ネット回線の問題で日常生活に支障が出てるレベル
強制的にデジタルデトックス？させられてる気分w",negative
836,bsky.app,2024,Social Media & Psychological Well-being,ja,ＢＵＣＫ－ＴＩＣＫが４人で新譜\u3000ボーカル櫻井敦司さんへの思いを曲に\u3000\n#BUCK-TICK\nwww.jomo-news.co.jp/articles/-/5...,neutral
837,bsky.app,2024,Screen Time & Device Dependency,ja,Xがアレすぎてモチベーションが下がった結果\n\nデジタルデトックスに成功ｗ,negative
838,x.com,2024,Screen Time & Device Dependency,ja,"ときさん、おはようございます！
デジタルデトックス大事ですね〜！私は毎週してる
今月もよろしくです",positive
839,x.com,2024,Screen Time & Device Dependency,ja,"携帯片手にデジタルデトックスw

蛭子さんがギャンブルして捕まった時に。もうギャンブルはやりません「賭けても良いです」って言う件思い出すよねw",neutral
840,x.com,2024,Screen Time & Device Dependency,ja,"レイラさん
定期的にデジタルデトックスしていきたいです",neutral
841,x.com,2024,Screen Time & Device Dependency,ja,"ぷーちゃん
ありがとね〜〜
デジタルデトックスです
此方こそ
宜しくお願いしますよ〜",positive
842,x.com,2024,Screen Time & Device Dependency,ja,浮上ないですねちょっと疲れちゃってデジタルデトックスとかかな,neutral
843,x.com,2024,Screen Time & Device Dependency,ja,"3日間、Twitterを見てないので、デジタルデトックスにはなりました...って、最近、毎週末デジタルデトックスしてる気が。

気分、スッキリ",neutral
844,x.com,2024,Screen Time & Device Dependency,ja,"紙に書いて捨てるのありかも！
デジタルデトックスも正直したいけど、周年終わるまでは我慢だな……
気遣ってくれてありがとね",positive
845,youtube.com,2024,Group Dynamics & Peer Pressure,en,"Rogan on was on their. CNN is one of the biggest reasons it drove people AWAY from the Democrat party and people like this loud mouth woman in red STILLLLLL don’t know why they got their asses kicked on Nov 5 hahhahaha they only live in their little echo chamber and when someone disagrees or give a different opinion, they are calling people names and racist, bigot blah blah blah and they wonder WHAT HAPPENED?",negative
846,x.com,2024,Screen Time & Device Dependency,en,"Roman and Greg beef was so funny. 

……Not that I wish that demonic actor got more screen time, so in this fantasy universe he is played by somebody else",positive
847,youtube.com,2024,"Attention, Focus & Cognitive Load",en,"Trump Threatens Tariff On Brics Which Includes India Donald Trump News N18G. The USA is three times larger than India and more self-sufficient than any other country in the world. There is no need for the US to import anything. While there may be challenges during the transition period of bringing manufacturing companies back to the US, it's worth remembering that the US was once the manufacturing leader of the world. This can be achieved in no time.

Another issue that may arise is a potential brain drain from India, China, and other BRICS countries once the US revitalizes its manufacturing sector. The US does not need to depend on other countries, whereas India relies on the US—not the other way around.",neutral
848,x.com,2024,Screen Time & Device Dependency,ja,"この土日。PCは一切見ず、SNSもほとんど見ず。連絡を返すのも5時間に1回程度レベル（お友達各位に陳謝←

完全なるデジタルデトックスはもう無理な中、自然に触れ合いを最小限にできていた。欲してたのかな？
おかげでなんか脳に余裕が生まれた気がする。
知らんけど。",neutral
849,youtube.com,2024,Group Dynamics & Peer Pressure,ja,". わざわざエコーチェンバーであるアピールは要らないってｗ
もう百有信者以外は知ってることだから",neutral
850,x.com,2024,Screen Time & Device Dependency,ja,"昨日はデジタルデトックスをしてました
今日からまた皆さんのキラキラをたくさんいいねします",positive
851,x.com,2024,Screen Time & Device Dependency,ja,"てんさんおはようございます～！
デジタルデトックスえらい！",positive
852,youtube.com,2024,"Attention, Focus & Cognitive Load",en,"The Downfall Canada How Canada Has. Not so bad in canada...Lunch programs for the schools, medicare, dental care, inexpensive University, investment in new technologies, growing GDP, fastest decrease in inflation than any G20 nation, quickest decrease in inflation than any G7 nations, new pipeline to the west coast so that Alberta no longer will have to sell its oil at huge discounts to the usa... The 1,200 people mentioned that crossed over the boarder were not convicted terrorists, soon to be natural gas pipe line to the west coast... nobody in BC wants to join the usa and the usa is dreaming if they believe they will get Alberta, sask and man.... The population in canada is not quite as stupid or divided as portrayed... Housing crisis is in Europe and usa also... Market factors will kick in to stabilize the market in short order... Pierre Poilievre is too weak to deal with Trump and was housing minister under the last conservative pm (harper) and did a disastrous job... wanted to give into convoy protesters in  ottawa and also wants to decrease military spending (trump will love that)... Brain drain is not as bad as portrayed, many from usa and all over the world are going to canada to work... No way will trump put large tarrifs on trade, it would be disastrous to them also, it would increase usa inflation and remember that 25% of the trade is oil... The usa needs canada as much as canada needs the usa... When trump used tariffs under trudeau, the canadian government increased targeted tariffs in usa and the governors and senators and congress in the usa complained and trump backed off... Just spent time in Kentucky and mass and the cost of food is higher than in canada and the general population seems much worse off than in canada... Do not worry about canada, worry about the usa under trump, worry about the middle east, china, russia and the Ukraine and many other less fortunate places in the world....",negative
853,x.com,2024,Social Media & Psychological Well-being,en,"Commentary: Japan is seeing an uptick in cyberbullying and online sex crimes targeting children. Yet, unlike in other countries, robust measures to shield minors from harm are lacking.",negative
854,x.com,2024,Group Dynamics & Peer Pressure,en,"A woman is showing as many people as she can what her and her husband made, and the woman who has never produced another human, considers it ""clout chasing"".
This is envy, not jealousy. Jealousy would motivate her to have her own children, not lash out at those who did.",negative
855,amarujala.com,2024,Social Media & Psychological Well-being,hi,"PM Modi: प्रधानमंत्री ने डिजिटल धोखाधड़ी, साइबर अपराध पर जताई चिंता, बोले- सामाजिक जीवन पर पड़ेगा गंभीर असर",negative
856,x.com,2024,Screen Time & Device Dependency,ja,"まむちゃんやほ

デジタルデトックスいいよね
というか、休みの日
子どもたちと過ごす時の方が
触る暇なく終わる(笑)

仕事中のが触る（働け）

今日もよろしくね",positive
857,x.com,2024,Group Dynamics & Peer Pressure,en,"their youth to be competitive about grades to fit in a toxic work culture. Neither is good as our way kind of let's people fall into echo chambers and delusions of the ""American Dream"" and Japanese system hives minds people.
#OceanWaves #YearOfGhibli
@KhakiBlueSocks
 @DigiRanma",neutral
858,x.com,2024,Cultural Norms & Digital Etiquette,id,sumpah sih dulu tuh sesakjiw itu emg kyk sangat menjiwai genre bgt tuh & org2 blm 'woke' blm ada cancel culture skrg selingkuh aja udh di call out apalagi gr00m1ng gtgt,negative
859,x.com,2024,Screen Time & Device Dependency,ja,"アントレさん、こんにちは

デジタルデトックスおすすめですよ( *¯ ꒳¯*)
是非実践してみてください",neutral
860,x.com,2024,Cultural Norms & Digital Etiquette,bn,"এলন মাস্ক ঘোষণা দিলেন: 'Cancel culture has been canceled.' তার বক্তব্য অনুযায়ী, এটি মত প্রকাশের স্বাধীনতার পথে বাধা। তবে, বিতর্ক চলছে—কেউ দেখছেন এটি মুক্তি, আবার কেউ দেখছেন এটি সেন্সরশিপ। #CancelCulture #FreedomOfSpeech #ElonMusk",neutral
861,reddit.com,2024,Cultural Norms & Digital Etiquette,en,"Background: My (44F) and my BF (45M) dated for 15 months relatively long distance (1.25hrs apart). He is a bachelor has never lived with a woman and has no kids. I am widowed with two boys.

The long distance was really difficult and he is finally moving closer to me like in a week or something, but he broke up with me 2 weeks ago. He has been pulling away since he told me he is moving here (late August). I think because I wanted the move to be more about me and it wasn't (it's about being close to family and loved ones and not being isolated in the country). He has been super stressed, and he says our relationship and my pressure about the future pushed him away and is an anxiety trigger. He told me he needs to break up for his mental health. 

**Anyways, he emailed me days ago asking if we can continue  no contact (minus birthday and holiday wishes) until February. He says then ""Ultimately it would be to see if we can reconnect, you just have to be able to chill out a little and that doesn’t seem to be happening""**

Is he stringing me along? I worry he will sleep with someone else, although I asked him not hook up with other people and he didn't reply (not atypical for him right now). I feel like I need to move on. How am I supposed to chill out. That means I need to care less. I don't know. I'm heartbroken, but starting to also get angry. HOW DO I CHILL OUT? I think I am anxiously attached I need to work on it, but also I think he has been breadcrumbing me for months now.",negative
862,x.com,2024,Screen Time & Device Dependency,ja,"デジタルデトックスをインターネッツに繋がない事と勘違いしてるのかなあ…
_(:3 」∠)_",neutral
863,reddit.com,2024,Cultural Norms & Digital Etiquette,en,"2:1 beef to pork for Italian meatballs, mixing minimally. I use breadcrumbs and grated Romano to help get the tender fall-apart texture.

2:1 pork to beef for Swedish meatballs, mixing thoroughly with milk-soaked bread pieces. They typically have a smoother, denser texture.

Albondigas I use beef. East Asian meatballs I use pork just like you would for dumpling filling.",neutral
864,x.com,2024,Screen Time & Device Dependency,ja,"ヨガに行って
デジタルデトックス
したら
頭がすっきりした
心身ともに健康
わーい",neutral
865,x.com,2024,Cultural Norms & Digital Etiquette,en,"Cancel culture is just intrasexual violence masquerading as ""social justice"".

No. Ashley would not be getting these insane comments if she weren't a beautiful woman. Non-beautiful people hardly ever face the wrath of cancel culture.",negative
866,reddit.com,2024,Cultural Norms & Digital Etiquette,en,">spoon-feeding them the breadcrumbs to whoever their new target should be.

Conveniently mobilizing them against big machine records and Ginny and Georgia actors.",neutral
867,reddit.com,2024,Group Dynamics & Peer Pressure,en,"
[Ian Miles Cheong Documentary](https://www.youtube.com/watch?v=KtflkRWHDxQ)  
  
Ever wondered how a Malaysian gamer turned into one of the internet's most infamous clout-chasers? This documentary dives into Ian Miles Cheong's chaotic journey—from a petty RPG moderator to a ""Twitter provocateur"" who’ll side with anyone for a slice of attention. With flip-flops between feminist crusader, Gamergate foe, right-wing cheerleader, and Elon Musk's biggest yes-man, Ian’s story is equal parts bizarre and desperate.

If you enjoy watching internet grifters self-destruct, watch this exposé on a monyet who's willing to burn every bridge just to stay relevant",negative
868,reddit.com,2024,Cultural Norms & Digital Etiquette,en,"Uhm. If you like your food, then your flatmates can laugh all they want—you’re the one eating it.

If you want to explore, chicken takes lots of “spice mixes”—turmeric, ginger, garlic, chili, coriander, parsley, lemon, and fennel bases to name a few. Even just salt and pepper will do if you cook your chicken well. (Season chicken with salt and pepper and soak in buttermilk to tenderise before coating in cornflour or breadcrumbs and frying.) Or you can try curry pastes—Thai, Malaysian, or Indian—or barbecue or other sauces to marinate. Think of a flavour profile you like and go from there.",positive
869,youtube.com,2024,Persuasive Design & Algorithm Ethics,en,"Sambhal Ka Kalesh WHAT ABOUT Show. Dear Sarthak!

You are absolutely right to say that Climate change is concern after some privilege but it's not just that, In past few years,
a lot things have gone haywire. We are constantly living in a pandemic of social media and attention economy.
Canada is deporting Millions,
American have inflation issues,
Russia and Ukraine are at war,
South Korean and Japanese birth rates are constantly declining,
Israel vs Palastaine,
Israel vs Iran,
Bangladeshi coup,
Bangladesh vs Minority Hindu,
Stick and Carrot in Indian Election(That too openly),
9 year olds are in love and 25 year old don't want to get married,
AQI is worst than smoking cigarettes,
Wannabe Vishaw Guru could not solve an internal conflict in 1.5 years,
Nudity is Rising, IQ is Falling,
Common Sense is the most uncommon thing these days,
What Should be the greatest source of public awareness is nothing more than a joke(Mainstream Media),
So and So

My question is, Privilege or not. All of have to live in the aftermath of this debacle. How do you reverse this.",negative
870,x.com,2024,Screen Time & Device Dependency,zh,其实是问题太重才导致有网瘾,negative
871,reddit.com,2024,"Attention, Focus & Cognitive Load",en,">Halt all Indian immigration and all aid. Deport all Indian students and revoke all temporary work visas . 

They're just going to go to the UK or Australia or Germany or one of the other developed countries instead.

Or worst case scenario, you stop brain drain from India.

You didn't think this through, did you?",negative
872,zeenews.india.com,2024,Social Media & Psychological Well-being,hi,Jodhpur News: जोधपुर में साइबर ठगी का बड़ा मामला सामने आय़ा है. ठगों ने एक रिटायर्ड BPCL अधिकारी से 1 करोड़ 84 लाख रुपए की ठगी की है.  राजस्थान में सायबर ठगी के मामलों से तेजी से बढ़त देखी जा रही है.,neutral
873,x.com,2024,Group Dynamics & Peer Pressure,th,ถ้ามีไม่น่าจะเห่าอยู่แค่ใน echo chamber ของตัวเองอ่ะค่ะ นี่อุส่าห์พยายามอยากมีบทละคะ ยังเป็นได้แค่ nobody อยู่เลย มึงไปไต่แรงค์มาค่ะอิแก่,neutral
874,reddit.com,2024,Cultural Norms & Digital Etiquette,en,"A little off the beaten path, perhaps, but I recently made beef braciole, an Italian-American dish, and it was outstanding. I remember growing up with it, but I never tried making it myself. You can look up the details but basically, it’s a thin, pounded piece of round layered with seasoned breadcrumbs (garlic, parsley, salt, pepper, pecorino romano cheese, olive oil), topped with prosciutto slices, rolled up, tied, seared, then slow cooked in tomato sauce. There are lots of variations, of course, but that’s how I did it and it’s become a family favorite. The meat really enriches the flavor of the tomato sauce. Serve the sauce over some pasta, cut the meat rolls into slices and pass separately.",positive
875,reddit.com,2024,Cultural Norms & Digital Etiquette,en,"A little off the beaten path, perhaps, but I recently made beef braciole, an Italian-American dish, and it was outstanding. I remember growing up with it, but I never tried making it myself. You can look up the details but basically, it’s a thin, pounded piece of round layered with seasoned breadcrumbs (garlic, parsley, salt, pepper, pecorino romano cheese, olive oil), topped with prosciutto slices, rolled up, tied, seared, then slow cooked in tomato sauce. There are lots of variations, of course, but that’s how I did it and it’s become a family favorite. The meat really enriches the flavor of the tomato sauce. Serve the sauce over some pasta, cut the meat rolls into slices and pass separately.",positive
876,x.com,2024,Group Dynamics & Peer Pressure,th,บางคนโลกแคบเขาก็มั่นอยู่ใน echo chamber ตุวเองจริง ๆ ใครก็ได้สะกิดหน่อย t-t,neutral
877,x.com,2024,Screen Time & Device Dependency,id,"leader grup itu mau ga mau pasti bakal jadi samsak alias punching bag fandom

line distribution ga oke, salah leader
screen time mv ga oke, salah leader
solo schedule ga rata, salah leader
membernya ada salah, salah leader ga tegas
sampai member jarang update juga salah leader",negative
878,x.com,2024,Group Dynamics & Peer Pressure,id,"Bacot banget geng echo chamber ini, udah missing point trs kepedean, padahal Fery sejak awal gapernah nyenggol kelompok agama, yang dia up itu justru perilaku bejat pembodohan penipuan yg dilakukan oleh para dukun untuk membodohi masyarakat awam, atas logika mistik yg berkembang.",negative
879,bsky.app,2024,Group Dynamics & Peer Pressure,en,"Exactly. But this guy doesn't even live in the United States anymore. He lives in Thailand, so I'm not sure what his concern is. He posted something about wanting to murder, rape & Rob americans. So I reported it. Report and block that's all we have to do to create the echo chamber that we need lol",negative
880,bsky.app,2024,Social Media & Psychological Well-being,en,"As Malaysia reels from influencer’s death, more needs to be done to address cyberbullying, say experts - https://www.channelnewsasia.com/asia/malaysia-social-media-tiktok-influencer-death-cyberbullying-online-harassment-4781561",negative
881,malaymail.com,2024,Social Media & Psychological Well-being,en,"KUALA LUMPUR, Dec 2 — Communications Minister Fahmi Fadzil has today tabled a Bill to amend the Communications and Multimedia Act 1998 (CMA) “Act 588” for its first reading. The amendment Bill, among others will focus on addressing aspects of online gambling and scams, cyberbullying and sexual crimes against children. This will be the first proposal for amendment since the Act was enacted 26 years ago. The amendment Bill has also proposed to expand the power of Malaysian Communications and Multimedia Commission (MCMC) to issue directions and mandatory standards and to empower the Commission to carry out audits. It has also proposed to expand the power of the Commission to designate industry forum and to expand the subject matter of voluntary industry codes; to strengthen the regulatory and enforcement powers of the Commission; to promote industry regulation on network security and powers of the Commission to address network security risks; and to prohibit the sending of unsolicited commercial electronic messages. This Bill, when approved will also empower the minister to make regulations on it, to provide for stricter penalties as deterrent and other related matters.",neutral
882,krone.at,2024,Cultural Norms & Digital Etiquette,de,"Sabatina James kämpft als Islamkritikerin gegen Zwangsheirat und Gewalt.  Der tragische Tod der kleinen Melek im Spital in Wien-Favoriten bewegt die prominente Menschenrechtsaktivistin.  Gegenüber der „Krone“ erhebt sie schwere Vorwürfe rund um Ehrenmorde und dem grausamen Druck von Familien.  Ihre echte Geschichte liest sich wie ein Abenteuer-Roman.  Sabatina James – den wahren Namen hält sie geheim – wird als Enkelin eines Imams in Pakistan geboren.  Schon als Kind empfindet sie es als große Ungerechtigkeit, dass Frauen in ihrem Heimatdorf unter den Regeln der Scharia leiden müssen.",neutral
883,shelbyville.staging.communityq.com,2024,Screen Time & Device Dependency,en,"(Family Features) During the holiday season, few things bring the same enjoyment as finding the perfect gift and watching in excitement as your loved one opens it up. If you’re still searching for the right gift and you’ve got gamers, someone curious to try gaming or a loved one who needs a relaxing hobby on your nice list, Xbox can provide an outlet to unwind and connect with friends, regardless of where they love to play. It is all about making gaming easy to access and available for everyone – whether you love to jump on a console, PC or smart TV, it’s easy to play anywhere. To help keep the playing experience fun andsafe, the Xbox Family Settings app for Android or iOS allows you to easily tailor the online gaming experience from anywhere, including managing screen time, filtering content, setting purchasing and communication controls and receiving weekly activity reports. These customizable settings help parents ensure the right balance of gaming with time for school, homework, sports and time with friends. With new console options joining the lineup this holiday season, there are even more ways to play the biggest games of the year like Indiana Jones and The Great CircleTM and family favorites like Minecraft . From the sleek, compact design of the Xbox Series S – 1 TB , which offers double the storage of the Xbox Series S – 512 GB and is still the smallest Xbox console ever, to the Xbox Series X – 1TB Digital Edition and the Xbox Series X – Galaxy Black Special Edition...",positive
884,latestly.com,2024,Cultural Norms & Digital Etiquette,en,"Are you a big fan of old-school romances and long-lasting love stories? If yes, then you might want to watch out for the latest dating trend that is making waves in the dating world. Every other day, we come across new dating terms and trends. The latest dating trend is quickly gaining popularity, especially among Gen Z. After dating trends like submarining, love-bombing, breadcrumbing, zombeing, and more, there’s a new dating trend in town—sledging—and it is popular during the winter months and festive season. But while it is becoming popular, sledging is gaining a reputation for being toxic, as it could end up causing stress and emotional harm to one or both people involved. Are you curious to learn more? Here’s everything you need to know about sledging, a winter dating trend. Submarining Meaning: What Is ‘Submarine’ in a Relationship? Is It Different From Ghosting? Here’s What You Should Know About the Sneaky Dating Trend. What Is Sledging? You may pretend to be in love and take your partner for a ride at any time of the year. But the sledging dating trend usually takes place during the winter months and the festive season. The sledging dating trend is when someone pretends to be romantically interested in another person. They do this so that they do not have to feel lonely, left out, or have a temporary partner during the holidays. Once the season ends, they no longer pretend as if they are interested in the relationship, and they often breakup or disappear after the...",positive
885,x.com,2024,Screen Time & Device Dependency,pt,"Tem um casal hetero que tem pouco tempo de tela e muita gente gosta, mas tirando eles não sei mais nenhum ksksksks",neutral
886,reddit.com,2024,Social Media & Psychological Well-being,en,"As Naval Player 1.333333 I have to apologize. I've played a lot of top tier coastal, and destroyed many lower-rank torpedo boats and reserve destroyers in my Japanese frigates. I'm sure I've made plenty of people quit naval entirely. I'm sorry, but also not sorry because I had to go through a lot of suffering myself to reach top tier. The reward for the coastal grind is becoming an absolute cyberbully. If you could drop nukes in naval, I would be serving up nukes like IHOP serves pancakes.",neutral
887,channelnewsasia.com,2024,Social Media & Psychological Well-being,en,"KUALA LUMPUR: Cyberbullying has been in the spotlight in Malaysia in recent months as the country seeks to tackle a problem that has been lurking in the shadows. The issue came to the fore following the tragic death of a social media influencer who had been bullied on the platforms she created content. Ms Rajeswary Appahu, more popularly known as Esha, was found dead at her home on Jul 5, a day after she lodged a police report against two people and accused them of harassing her online. It is believed that she took her own life, after enduring relentless threats for more than a month. Following investigations under laws for criminal intimidation and online harassment, two people were charged in court and pleaded guilty. Nursing home owner Shalini Periasamy was fined RM100 (US$22) for using foul language on TikTok, while lorry driver B Sathiskumar was jailed for a year for verbally assaulting Ms Rajeswary using his TikTok account Dulal Brothers. Five months on, Ms Rajeswary’s family is still looking for answers. “I want to know why my daughter took her own life. I need to know. I’m her mother. I can’t sleep at night. I’m so sad my child is gone,” her mother Puspa Rajagopal told CNA. “The court issued a fine of only RM100. Will this set a precedent for such cases against other women? Even if the trolling and threats end up costing a life?” asked her sister Susila Appahu. The case triggered public outrage, highlighting the risks faced by social media users, especially women....",negative
888,x.com,2024,Screen Time & Device Dependency,ja,"強制デジタルデトックスや
ほな…また……",neutral
889,x.com,2024,Screen Time & Device Dependency,ja,"これを機にちょっとの間デジタルデトックスしてもいいかもしれない

次にツイートする時はロードトリップEXができた時かな",neutral
890,x.com,2024,Screen Time & Device Dependency,ja,"金曜の夜から実家に帰ってて(といっても自転車の距離)
都内とは思えないほど電波が悪くてSNSなかなか繋がらないから自然とデジタルデトックス

子豚たちもお泊まり楽しんでたけど
やっぱりお家が1番よね",positive
891,x.com,2024,Screen Time & Device Dependency,ja,朝から今まで、デジタルデトックスしまくりました,neutral
892,x.com,2024,Screen Time & Device Dependency,ja,"10日くらいTLを追えてなかっただけなんだけど、体感3ヶ月くらいデジタルデトックスしてた気分。
この10日でスイートポテトを作り、セルフネイルを始めて、ノノガを見て、クリスマス飾りを出して、スタバのホリデーシーズンのキラキラボトル(かわいい)を買った。",positive
893,x.com,2024,Screen Time & Device Dependency,ja,スマホ使えなくなってたまにしかツイッター開かなくなるっていいデジタルデトックスになるな、世界が広く見える,neutral
894,youtube.com,2024,Group Dynamics & Peer Pressure,en,"CEO by new AI capabilities. It's a race to A.G.I., though they want to control such, and thats not true A.G.I. at that point. Algorithmic intelligence that can kill without a human in the kill chain. Algorithmic warfare and predictive modeling. Psychological analysis and behavioral modifications. Writes codes, hacks systems, monitors networks. Social engineering and A.I. influincers and botnet like agents influencing. Keywords and phrasing linking to bias echo chambers and bias creep/shifting. Companies pushing conflicts to get engagement and more advertising money. China will want A.I. for controlling the people in ways. Similar but different,  American companies want a version of smart A.I. they can control and in ways exert control over others. Censorship and biases and who or what grouping determines what and why. Psychological profiling of citizens and their networks will be a powerful tool for China to use on it's citizens in ways. This has not even addressed the realistic near real time rendering and deep fakes parts. Agents that look life like and can respond to people. O.F. people slowly being replaced by A.I.. A.I., meets the Facebook experiment evolved, meets psyopps. A.I. in predictive warfare modeling. (  Wargames, eagle eye, persons unknown,  ect. ) but more Google Alpha amalgam and predictive analytics and modeling.",negative
895,x.com,2024,Cultural Norms & Digital Etiquette,ja,街中ですれ違った黒人の人が着てたtシャツ、でっかく「cancel culture 」って書いてあってどこで売ってるんか聞きたかった,negative
896,x.com,2024,Screen Time & Device Dependency,ja,デジタルデトックス、したいもの,neutral
897,bsky.app,2024,Digital Presence & Identity Management,en,"Wow, you must be washed up then. To equate 1991 where both sides agreed on a resolution versus all out war with a country that is controlled by Oligarchs, influenced by China\nwith an embittered population, a large portion having combat experience is laughable.\nThis is toxic positivity. Pure hopium.",neutral
898,x.com,2024,Screen Time & Device Dependency,ja,"ほんとねー
デジタルデトックスだと思って、本でも読みます",neutral
899,reddit.com,2024,Group Dynamics & Peer Pressure,en,"Yeah, the DOCTOR is a net negative to the world, and not this unhinged, ticking time-bomb, champing at the bit to force his seed on some unsuspecting woman. It’s a wonder why anyone would ever flee to a safe-space “eChO ChAmBer”. After all, he’s just expressing “a DifFeRencE oF oPIniON”…",negative
900,x.com,2024,Screen Time & Device Dependency,id,screen time rata-rata gue 9-10 jam jir ini paling lama😭,neutral
901,reddit.com,2024,Group Dynamics & Peer Pressure,en,"Yeah, the DOCTOR is a net negative to the world, and not this unhinged, ticking time-bomb, champing at the bit to force his seed on some unsuspecting woman. It’s a wonder why anyone would ever flee to a safe-space “eChO ChAmBer”. After all, he’s just expressing “a DifFeRencE oF oPIniON”…",negative
902,reddit.com,2024,"Attention, Focus & Cognitive Load",en,"In Romania, the left is the neo communist nomenklatura. We are greatly fudged. Expect another wave of brain drain.",negative
903,x.com,2024,Group Dynamics & Peer Pressure,ja,"> イーロン・マスクが買い取ってくれて …

これは異論、イーロンw  。『 SNS vs メディア 』 という対立構造オンリーで『中身』を見ないという罠に堕ちてしまいます。『中身』です！どちらも問題があります。情報リテラシーが必要。#エコーチェンバー",negative
904,reddit.com,2024,Group Dynamics & Peer Pressure,en,"PSA: there is no way to get unbiased info on Romanian politics from reddit, our national subreddit is an USR (4th largest party) echo chamber that periodically leaks into /r/europe and other subs. Most explanations you can find in the comments come from an extremely reductionist viewpoint that misrepresents actual political positions. I’m probably going to get downvoted into oblivion but hey I tried",negative
905,x.com,2024,Screen Time & Device Dependency,ja,"デトックス日記

スマホ断ち｜2日目
お菓子断ち｜2日目
ジュース断ち｜2日目
コンビニ断ち｜2日目
自販機断ち｜1日目
禁欲 ｜2日目
※スマホ断ちはスクリーンタイム1.5h以下",positive
906,x.com,2024,Social Media & Psychological Well-being,hi,"साइबर ठगों का नया तरीका डिजिटल अरेस्ट लोगों को सिर्फ आर्थिक नुकसान नहीं पहुंचा रहा है, बल्कि मानसिक रूप से भी उन्हें बुरी तरह प्रभावित कर रहा है।

#raipur #chhattisgarh",negative
907,x.com,2024,Group Dynamics & Peer Pressure,en,"India has outright rejected the idea. The loudest voices pushing the BRICS currency fantasy are social media echo chambers, peddling the myth of imminent dollar collapse without grasping the fractured reality of BRICS politics.",negative
908,x.com,2024,Screen Time & Device Dependency,en,This woman had 7 minutes of screen time and I cared for her more then characters with hundreds of episodes worth of screen time. Thank you Tabata for making another series that makes me cry every time I watch a specific scene.,positive
909,x.com,2024,Screen Time & Device Dependency,ja,"昼前に起きてさっきまでデジタルデトックスしてました

やから今みんなのおはツイとかいろいろ反応してるから、今！？ってなってる

昨日の件話聞いてくれてるみんなありがと、
だいぶ楽なった

切り替えて今日のNiziUでHappyに戻るわ！",neutral
910,x.com,2024,Screen Time & Device Dependency,ja,北陸トンネル区間の敦賀⇔南今庄をクッソ往復しまくってデジタルデトックスやろうかな。,neutral
911,x.com,2024,Screen Time & Device Dependency,ja,カードゲームって、デジタルデトックスになって良いよね(お仕事にてパソコンを見続けた結果、目が痛い),neutral
912,x.com,2024,Social Media & Psychological Well-being,hi,"साइबर ठगी का एक ओर हैरान कर देने वाला मामला सामने आया है। जहां एक महिला से साइबर ठगों ने 4 करोड़ 12 लाख रुपये की ठगी की है। इस मामले में अभी दो लोगों को गिरफ्तार किया गया है। पुलिस ने बताया कि साइबर ठगों ने महिला को डिजिटल अरेस्ट कर ठगी को अंजाम दिया है। 

जानकारि के अनुसार,",negative
913,x.com,2024,"Attention, Focus & Cognitive Load",en,and they wonder why india has a brain drain,neutral
914,bsky.app,2024,Screen Time & Device Dependency,ja,週末デジタルデトックスしちゃうと、それまで盛り上がってた心が即枯れて推しに対してスンてなっちゃうの結構つらい。,neutral
915,x.com,2024,Social Media & Psychological Well-being,hi,"साइबर ठगी और डिजिटल अरेस्ट के खिलाफ एक ठोस मैकेनिज्म बनाने की मांग वाली याचिका पर सुप्रीम कोर्ट ने सुनवाई से इनकार किया

सुप्रीम कोर्ट ने कहा इस मामले पर सरकार गंभीरता से काम कर रही है,याचिकाकर्ता सरकार के साथ सलाह  साझा कर सकता है",neutral
916,x.com,2024,Screen Time & Device Dependency,ja,デジタル・デトックス、現代人なら必須の能力かも知らん。,neutral
917,x.com,2024,Screen Time & Device Dependency,ja,デジタルデトックス、来年こそはしよう,neutral
918,x.com,2024,Screen Time & Device Dependency,ja,"しごおつさまでした～
強制デジタルデトックスを経て
無事帰宅からのすまひょ充電ちう。

月曜日とりあえず無事に？？？
終わってよかったですね

朝の時点では1000$くらい
残高増えてたはずなんですけど
何が起こったのかよくわかんないんですけど
下落してからのいまこれ",positive
919,hindi.webdunia.com,2024,Social Media & Psychological Well-being,hi,"साइबर ठगों का कारनामा, महिला को डिजिटल अरेस्ट कर उतरवाए कपड़े, 1.78 लाख भी ठगे",negative
920,navbharattimes.indiatimes.com,2024,Screen Time & Device Dependency,hi,Apple का नया OS Update आने के बाद कई फैसले लिए जा रहे हैं।  iOS 18 अपडेट के बाद बैटरी-ड्रेनिंग की समस्या का सामना करना पड़ सकता है।  iPhone 16 और iPhone 16 Pro यूजर्स को इस समस्या का सामना करना पड़ रहा है।,negative
921,hindi.news18.com,2024,Social Media & Psychological Well-being,hi,भारतीय बैंकों में खाताधारक और बैंक अधिकारियों के सीधे संवाद में साइबर ठगों से अपने को कैसे बचाना है ?.  इसको लेकर जागरूक किया गया.  भारत के प्रत्येक नागरिक का विभिन्न बैंकों में खाते खुले हुए हैं.,neutral
922,zeenews.india.com,2024,Social Media & Psychological Well-being,hi,Bihar Cyber Fraud News:  बिहार में साइबर अपराधियों का आतंक खुलेआम चल रहा है.  इसी पर नकेल कसने के लिए पटना और गया पुलिस ने बड़ी कार्रवाई की है.  पटना पुलिस ने तेलंगाना के 6 साइबर अपराधियों को गिरफ्तार किया है.,negative
923,reddit.com,2024,Cultural Norms & Digital Etiquette,en,"I do not wish for any LGBTQ+ politics into Singapore, they should be treated as normal people like us. We don’t need to be like the west that gives special laws catered to overprotecting them and result in “cancel culture” to any ill comments towards them.",neutral
924,hindi.news18.com,2024,Social Media & Psychological Well-being,hi,उत्तर प्रदेश के मिर्जापुर जिले में स्थित मां विन्ध्यवासिनी धाम में निर्वाध बिजली की आपूर्ति होगी.,neutral
925,x.com,2024,Screen Time & Device Dependency,ja,少し落ち着くためにデジタルデトックスします。連絡ラインで頼みます。,neutral
926,x.com,2024,Screen Time & Device Dependency,ja,古いスマホがあるから家でなんか便利かも。あまりスマホばかり触りたくないけど。デジタルデトックスってのしてみたい。だらだら触って時間無駄に絶対してる(´；ω；｀),negative
927,reddit.com,2024,Screen Time & Device Dependency,en,"This is one of those times where reversing the genders would massively change the reactions. There have been plenty of stories of people talking about lazy and neglectful husbands of their friends and family and people take it as gospel, but as soon as it's a woman a lot of people are like ""you don't know what's going on in their marriage behind closed doors"". From my experience whatever bad behaviour you see in public is only worse in private.

My friend has parents like this. By his admission his mother has never worked and barely does any cleaning. Her days are spent watching TV and doomscrolling. His dad would come home from work and do all the cooking and cleaning and had nothing else in his life. It sounds like a miserable existence. Now that he's retired all he does is whatever she wants.",negative
928,reddit.com,2024,Screen Time & Device Dependency,en,"This is one of those times where reversing the genders would massively change the reactions. There have been plenty of stories of people talking about lazy and neglectful husbands of their friends and family and people take it as gospel, but as soon as it's a woman a lot of people are like ""you don't know what's going on in their marriage behind closed doors"". From my experience whatever bad behaviour you see in public is only worse in private.

My friend has parents like this. By his admission his mother has never worked and barely does any cleaning. Her days are spent watching TV and doomscrolling. His dad would come home from work and do all the cooking and cleaning and had nothing else in his life. It sounds like a miserable existence. Now that he's retired all he does is whatever she wants.",negative
929,x.com,2024,Social Media & Psychological Well-being,hi,"Jodhpur News: रिटायर्ड BPCL अधिकारी से हुई करोड़ की साइबर ठगी, मनी लॉन्ड्रिंग केस में फंसाने के नाम पर लूटे पैसे
| Rajasthan | #ciber #Case #officer #BreakingNews #RajasthanNews",negative
930,x.com,2024,Screen Time & Device Dependency,ja,ブロックされてるのに投稿しなければならないくらいデジタルデトックスの間違いが許せなかったんですね。,neutral
931,krone.at,2024,Cultural Norms & Digital Etiquette,de,"Große Erleichterung um Edoardo Bove.  Nachdem der Fiorentina-Profi am Sonntag im Serie-A-Spiel gegen Inter Mailand in der 17. Minute ohne Fremdeinwirkung zu Boden gegangen und ins Krankenhaus auf die Intensivstation gebracht worden war, dürfte die Nacht gut verlaufen und der Mittelfeldspieler wieder extubiert worden sein.  Wie Insider Fabrizio Romano am Montagvormittag auf Instagram bekannt gab, sei Bove bei Bewusstsein und könne Fragen beantworten.  Der 22-jährige Römer habe keine Hirn- oder Herzschäden erlitten und befinde sich auf dem Weg der Besserung.  Beim Schuhebinden zusammengebrochen  Gerade als Schiedsrichter Daniele Doveri am Sonntagabend das Spiel für einen VAR-Check unterbrochen hatte, war Bove in die Knie gegangen – wohl, um sich die Schuhe zu binden.",neutral
932,reddit.com,2024,Group Dynamics & Peer Pressure,en,"Polarization is a huge problem, and social media companies need to be held responsible. Their algorithms are designed to push content that gets attention, and the easiest way to get attention is by being offensive or divisive. This includes targeting entire groups of people, often with baseless claims, and giving that content more reach.

This creates echo chambers where real racists feel empowered and end up harassing or attacking others. It happens everywhere from people disrespecting our national flag, to attacking hindus on performing their rituals, to indians being slandered in the worst way imaginable,  working-class Muslims being unfairly treated, or even entire communities like the Chinese or Haitians being targeted.

Social media algorithms have made these divisions worse, and it's clear that things are out of control. We need to step in and make sure these platforms don’t keep fueling hate and division. It is a bit to ask it in India tbh, but it affects us way more because of how our demographic is. It's easy to influence them and this is an actual threat.",negative
933,x.com,2024,Screen Time & Device Dependency,ja,"WHAT THE ACTUAL FUCK HOW 
MY PHONE CONKED OFF AMD I STILL HAD A HIGHER SCREEN TIME",neutral
934,reddit.com,2024,Screen Time & Device Dependency,zh,没过硬的关系怎么敢开这种店的？你看那么多网瘾电疗学校，那是真涉及刑事犯罪，还是针对未成年，有人管吗？,positive
935,x.com,2024,Cultural Norms & Digital Etiquette,th,สิ่งที่ไม่ชอบที่สุดในวัฒนธรรมการติ่ง = cancel culture,negative
936,deccanchronicle.com,2024,Screen Time & Device Dependency,en,"""Brain rot"" has been named the Oxford Word of the Year for 2024, following a public vote in which more than 37,000 people participated. This term emerged as the definitive choice after weeks of public conversation and expert analysis, surpassing other contenders like “lore,” “demure,” “romantasy,” and “slop.” The term ""brain rot"" refers to the supposed deterioration of a person's mental or intellectual state, particularly as a result of overconsuming trivial or low-quality online content. In today's context, it specifically addresses concerns about the negative effects of excessive screen time and digital media consumption, especially on social media platforms like TikTok. Its usage saw a significant rise, with a 230% increase between 2023 and 2024, reflecting a broader societal concern. The phrase first appeared in 1854 in Henry David Thoreau's book , where Thoreau criticized society's shift toward simpler, less intellectually demanding ideas. Thoreau equated this trend to a ""brain-rot,"" calling for a cure for the intellectual decline he observed. Over time, the term has evolved, and in the digital age, it resonates more with concerns about the impact of endless consumption of low-value, often absurd content found online. In 2024, ""brain rot"" has gained significant traction among younger generations, particularly Gen Z and Gen Alpha, who engage with viral online trends and memes. Popular content like Alexey Gerasimov's ""Skibidi Toilet"" videos and ""Only in Ohio"" memes has...",neutral
937,x.com,2024,Screen Time & Device Dependency,tr,"Evet, çalışmaların sosyal medyanın ve artan uyaranların etkilerini de içerecek şekilde genişletilmesi gerekir. Evdeki telefon kullanımı, ekran zamanı illa ki okuma alışkanlığını etkiliyordur",neutral
938,bhaskar.com,2024,Social Media & Psychological Well-being,hi,मध्य प्रदेश पुलिस के वरिष्ठ आईपीएस अधिकारी कैलाश मकवाना बतौर डीजीपी सोमवार को मीडिया से मुखातिब हुए।,neutral
939,x.com,2024,Screen Time & Device Dependency,tr,Her yere etiketliyorum kedi köpek videolarına bile ment atıyor kingim adamın ekran süresi 8-9 saat filan sanırım aq,neutral
940,x.com,2024,Group Dynamics & Peer Pressure,en,"Egungun's wife acted as a true family woman. 
She refused to open up her family to more ridicule by shielding her husband.
Most people dragging her are just online clout chasers. 

Offline, she still has her family intact.

How the thing come dey pain u pass her?",negative
941,x.com,2024,Social Media & Psychological Well-being,en,"'Two years on, I'm still being cyberbullied,' says Evan Kail, who donates evidence of Japanese invasion of China
捐贈日本侵略中國證據的埃文凱爾說：“兩年過去了，我仍然受到網路霸凌”",neutral
942,krone.at,2024,Cultural Norms & Digital Etiquette,de,"Neue Offensivkraft für den LASK.  Die Oberösterreicher haben am Montagvormittag den Transfer von Samuel Adeniran offiziell gemacht.  Der US-Amerikaner, der bereits im Juli beim Tabellensechsten der österreichischen Bundesliga unterschrieben hatte, wird im Jänner zur Truppe von Markus Schopp stoßen.  Adeniran geht aktuell für Philadelphia Union in der nordamerikanischen MLS (Major League of Soccer) auf Torjagd.  In Linz unterschrieb der 26-Jährige einen Vertrag bis 31. Mai 2028.",neutral
943,reddit.com,2024,"Attention, Focus & Cognitive Load",en,"The exception being the places with the highest salaries (Nordics, Switzerland, Luxembourg and on a distant last, Netherlands) which manage to brain drain a lot of the most competitive and skilled Romanian specialists with the favorable working conditions for highly educated people.",positive
944,reddit.com,2024,"Attention, Focus & Cognitive Load",en,"Honestly i agree with you, you should save up here in india and get rich, hire a driver and maids and whatever you want, life style is much better here, brain drain is overrated, stay in india get rich and have fun to be fair",positive
945,x.com,2024,Screen Time & Device Dependency,ja,今朝起きたら、スマホの電池残量が16%しか無かったので、機内モードにして帰宅するまで使用しませンでした。はからずもデジタルデトックスしました。,neutral
946,bsky.app,2024,Social Media & Psychological Well-being,en,"😌 💛 “ ”JOMO”  (noun) Joy of Missing Out.\nFeeling of content with stating in and disconnecting as a form of self care.”\n\nIllustration of a woman sitting up propped against a beanbag on a rug, she is wearing comfortable clothes and slippers- she has a content smile, eyes closed with happiness reading a book with a warm cup of tea steaming beside her. She has a small love heart above her head. Behind her there is a table with a small bird also smiling and a miniature book.",positive
947,bsky.app,2024,Screen Time & Device Dependency,ja,あまぞんくんから「明日届ける予定だったコーヒー、今日届けることにしたから！」的なメールを受け取ったため、まだお風呂に入れず、デジタルデトックスの時間も近づいてきてて、ちょっぴり焦っています。\n紫乃はいつも21時に寝て5時半に起きてます。デジタルデトックスは20時。,neutral
948,x.com,2024,Screen Time & Device Dependency,ja,"昨日の夜からはじめたデジタルデトックスが終わりました。
スマホが使えない分、手持ち無沙汰で部屋を片付けたり、目を通さなければならない書類に目を通したりしました。
今日は温活を楽しみ、スキマ時間はたくさん本を読みました。
時々スマホをOFFにするのは、私にとって良さそうです。",positive
949,x.com,2024,Screen Time & Device Dependency,ja,"デジタルデトックス大事ですね！
弊社も顧問先にはITとか財務分析じゃなくてとにかく根性だと教え込むことにしますね笑",neutral
950,x.com,2024,"Attention, Focus & Cognitive Load",en,Agreed a 100%. Indian VCs are not visionaries and cause brain drain of disruptive ideas. It’s easier for me to raise in the US for an audacious idea than in India,neutral
951,x.com,2024,Social Media & Psychological Well-being,hi,"साइबर अपराध से सुरक्षित रहना है तो हर डिजिटल व्यवहार में अपनानी होगी समझदारी व सतर्कता।

अपने लालच व भय पर काबू करते हुए पूरी समझदारी के साथ ऑनलाइन काम करेंगे तो आप अपने साथ-साथ दूसरों को भी साइबर अपराधों से बचा सकते हैं।

#RajasthanPolice #CyberSecurity #CyberCrime",neutral
952,x.com,2024,Social Media & Psychological Well-being,en,Cyberbullying crisis in Malaysia following influencer Rajeswary Appahu’s death,negative
953,x.com,2024,Social Media & Psychological Well-being,hi,"साइबर अपराध से सुरक्षित रहना है तो हर डिजिटल व्यवहार में अपनानी होगी समझदारी व सतर्कता।

अपने लालच व भय पर काबू करते हुए पूरी समझदारी के साथ ऑनलाइन काम करेंगे तो आप अपने साथ-साथ दूसरों को भी साइबर अपराधों से बचा सकते हैं।
@Kundan_IPS
#BalotraPolice #CyberSecurity #CyberCrime",neutral
954,reddit.com,2024,Screen Time & Device Dependency,en,"I have been having a hard time in being consistent while preparing for my interviews. So i would use a accountability partner's help to achieve the goals and build proper discipline in life by building a proper system to achieve goals.

My main goals are to prepare for job interviews, learn data structures and algorithms in java and solve problems, dopamine detox ( need to reduce screen time) and build new hobbies like reading. Apart from that my another main goal is to workout 5-6 days a week and have good diet to ensure i achieve the physique i want (trying to get a little bulky).

So yeah, i am looking for an accountability partner in Indian time zone(ideally). Someone who wants to keep me accountable and who's also looking for someone to help them out in staying motivated. Let's help each other and get better. We can do daily check ins or what ever is feasible for us.",positive
955,x.com,2024,Social Media & Psychological Well-being,en,"This woman created a video in support of Dongduk Women’s University showing her face. In Korea, women who publicly express their support for feminism face extreme cyberbullying and various threats. Please show your support for her with likes and comments
https://youtu.be/hXK_cqkICyg?si=5aDyhEfx9lI9dip6…",neutral
956,x.com,2024,Cultural Norms & Digital Etiquette,en,"I don't understand how a group of people who are so anti-cancel culture and accused of being the ""mob"" wants to humiliate an innocent woman who has NOTHING to do with American politics for celebrating her academic achievement. You don't know much about her but what you believe",neutral
957,x.com,2024,Social Media & Psychological Well-being,ja,"やはり上毛新聞に載りましたね

在留外国人らが伝統舞踊や音楽　多文化共生センター開設を記念　群馬・太田市 | 上毛新聞社のニュースサイト https://jomo-news.co.jp/articles/-/572790…",neutral
958,x.com,2024,Social Media & Psychological Well-being,hi,"साइबर अपराध से सुरक्षित रहना है तो हर डिजिटल व्यवहार में अपनानी होगी समझदारी व सतर्कता। 

अपने लालच व भय पर काबू करते हुए पूरी समझदारी के साथ ऑनलाइन काम करेंगे तो आप अपने साथ-साथ दूसरों को भी साइबर अपराधों से बचा सकते हैं। 

#BundiPolice 
@IgpKota
 @PoliceRajasthan
  #CyberSecurity",neutral
959,x.com,2024,Screen Time & Device Dependency,ja,Appleのスクリーンタイムってザルすぎてイヤだ…。Googleのファミリーリンクのほうがしっかりしてる。,negative
960,bhaskar.com,2024,Social Media & Psychological Well-being,hi,आगरा साइबर क्राइम थाना पुलिस ने साइबर ठगी करने वाले एक इंटरनेशनल गिरोह को पकड़ा है।  इस गिरोह ने आगरा के एक व्यक्ति से 18 लाख की ठगी की थी।  पुलिस ने इस गिरोह के पास 85 बैंक अकाउंट मिले हैं।,neutral
961,x.com,2024,Social Media & Psychological Well-being,en,"#Australia just became the first country to ban kids under 16 from social media like Instagram, Facebook, and TikTok.

Will #India follow suit to protect its youth from the dangers of online addiction, cyberbullying, and mental health issues? #SocialMediaBan #India",neutral
962,x.com,2024,Social Media & Psychological Well-being,en,"#Australia just became the first country to ban kids under 16 from social media like Instagram, Facebook, and TikTok.

Will #India follow suit to protect its youth from the dangers of online addiction, cyberbullying, and mental health issues? #SocialMediaBan #India",neutral
963,x.com,2024,Group Dynamics & Peer Pressure,en,"Who cares if the study of olfactory oppression in literature is a small group? Take up your issue with peer review being an echo chamber (of PEERS, as designed) with The System directly and leave this young woman TF alone. She's got nothing to do with it.",neutral
964,x.com,2024,Screen Time & Device Dependency,ja,"まずは試験お疲れさま仕事もしながらお勉強もしなくちゃいけないのは大変なお仕事だね
誘惑もたくさんあるしデジタルデトックスしないと勉強も頭に入ってかないよね
3月まで無理せず頑張ってね",negative
965,x.com,2024,Social Media & Psychological Well-being,hi,"https://youtu.be/-Ptnwvh6WaU?feature=shared…
प्रधानमंत्री मोदी ने डिजिटल धोखाधड़ी, साइबर अपराध पर जताई चिंता, बोले- सामाजिक जीवन पर पड़ेगा गंभीर असर  
हमारे चैनल को सब्सक्राइब करें और मित्रों से जरूर शेयर करें",negative
966,x.com,2024,Screen Time & Device Dependency,ja,"ｵﾂｶﾚﾋﾞｰｰｰﾑ(｣*`ω´)｣ =͟͟͞͞♡☆*。☆♡
デジタルデトックスとか俺は無理だわ",neutral
967,x.com,2024,Screen Time & Device Dependency,ja,"ここ３日間ぐらいずっとTLがうんこでブロックしまくってるせいか精神状態が汚染されてしまった…

デジタルデトックスはできねぇんだ…ツイ廃だから…",negative
968,x.com,2024,Screen Time & Device Dependency,ja,"正直、私の中の色んなことも

もうええでしょ

になっている。

つかれたなぁ

デジタルデトックスに入りますわぁ。",neutral
969,x.com,2024,Social Media & Psychological Well-being,hi,आगरालीक्स…आगरा में 18 लाख की साइबर ठगी करने वाले 5 साइबर अपराधी पुलिस ने पकड़े. विदेश से लेते थे लोगों को ठगने की ट्रेनिंग. डिजिटल अरेस्ट करते थे. इनके नाम और काला चिट्ठा जानें…,negative
970,x.com,2024,Screen Time & Device Dependency,ja,"デジタルデトックスもたまには良いのかもしれませんね
体調崩さぬようご自愛ください",positive
971,x.com,2024,Screen Time & Device Dependency,ja,"今日みんな浮上しなさすぎじゃない？
デジタルデトックス？",neutral
972,x.com,2024,Social Media & Psychological Well-being,hi,साइबर अपराध से सुरक्षित रहना है तो हर डिजिटल व्यवहार में अपनानी होगी समझदारी व सतर्कता।  आप अपने साथ-साथ दूसरों को भी साइबर अपराधों से बचा सकते हैं।  साइबर अपराध की शिकायत साइबर क्राइम हेल्पलाइन 1930 या http://cybercrime.gov.in  पर करें।,neutral
973,x.com,2024,Group Dynamics & Peer Pressure,th,"สะกดคำว่า จรรยาบรรณ (Ethics) ไม่เป็น สะกดเป็นเฉพาะคำว่า Engagement ต้องการตอบสนองเฉพาะกลุ่มให้อยู่ใน Echo chamber ตลอดไป + เป็นโรคอัลไซเมอร์ 
เชิดชูฝรั่ง ฝรั่งทำชื่นชม ไทย(ที่กรูไม่เชียร์)ทำเหมือนกัน ด่าสาดเสีนเทเสีย",neutral
974,bsky.app,2024,Screen Time & Device Dependency,ja,デジタルデトックス、極限労働,neutral
975,x.com,2024,Social Media & Psychological Well-being,ja,"自称骨伝導部活動報告3
Jomo Audio Nautilus(Universal Fit)
中音域メインの繊細な音を鳴らすイヤホン。骨伝導都と金属筐体の音の響きは非常にに好み。デザインはSランク。
音の響き繊細さはORIGINを超えるが細やかさがもう少し欲しい。
個人的にBA4基ぐらい詰め込んで欲しい。

(TRN conch Lv100)",neutral
976,x.com,2024,Screen Time & Device Dependency,ms,sumpah gua aja yg nganggur aja screen time gua cmn 9 jam,neutral
977,x.com,2024,Social Media & Psychological Well-being,hi,"साइबर अपराध से सुरक्षित रहना है तो हर डिजिटल व्यवहार में अपनानी होगी समझदारी व सतर्कता,अपने लालच व भय पर काबू करते हुए पूरी समझदारी के साथ ऑनलाइन काम करेंगे तो आप अपने साथ-साथ दूसरों को भी साइबर अपराधों से बचा सकते हैं,साइबर अपराध की शिकायत साइबर क्राइम हेल्पलाइन 1930 करें।",neutral
978,x.com,2024,Screen Time & Device Dependency,ja,デジタルデトックスしたい。オタクやってたら無理,negative
979,reddit.com,2024,Group Dynamics & Peer Pressure,en,"Redditors is an extreme echo chamber and most of the people here dont date so I will tell you straight.

  
Most men think Indians are unattractive and most women to as a Gay man I can look at 2 sides of the coin and say pretty much with confidence that yes they are considered unattractive to be with.

This will probably be down voted to oblivion but she must know the truth.",neutral
980,x.com,2024,Screen Time & Device Dependency,ja,デジタルデトックスをしてる旦那氏が私にもデトックスを強要しようとしてくるんだが…,neutral
981,x.com,2024,Screen Time & Device Dependency,en,"It's so very tiring. She's a grown professional woman, and they've written her so meek and one-dimensional (likely due to virtually no screen time to develop her character.)",neutral
982,x.com,2024,Screen Time & Device Dependency,ja,お前らもデジタルデトックスしろよな,neutral
983,x.com,2024,"Attention, Focus & Cognitive Load",id,"Silahkan prof 
@anshory72
 prof 
@yanuarnugroho
 Investigasi 
@hariankompas
 tentang brain drain, hijrahnya talenta unggul Indonesia ke luar negeri, khususnya ke Singapura.",positive
984,bsky.app,2024,Group Dynamics & Peer Pressure,en,"It turns when you challenge #PWIs ,no matter how #leftist they consider themselves, they'll choose preserving a wight echo chamber over listening to a black woman and oust them and anyone looking to take their side.",neutral
985,x.com,2024,Screen Time & Device Dependency,zh,网瘾，游戏上瘾，是脑部过度使用电子游戏导致大脑持续处于过度兴奋状态。慢性过度兴奋也可能有易怒、紧张不安等等症状。大脑中的奖励中心会释放多巴胺，给人一种快乐的感觉，如一个人在玩电子游戏时体验到过度兴奋，大脑就会将这种活动与多巴胺联系起来，消耗多巴胺越来越多，导致不能平衡。,negative
986,reddit.com,2024,Cultural Norms & Digital Etiquette,en,"when its the rich on the other side almost everyone of them but elon its all fine, same with all celebs, talk shows, tv afternoon, evening , msnbc, cnn, new yok times, washingtonn post, bill gates, soros, china with daddy deals.

the right is called violent but the left is violent for the mind, lke a virus its insidious, its the war on ideology and what is and what is not, antifa, woke=extreme left. censorship, cancel culture, intimidation on campus, indoctrination to just one side as the other is always demonized",negative
987,x.com,2024,Screen Time & Device Dependency,id,"platform u adalah instagram, fashion inspo mostly unnie unnie sokor, screen time u lumayan lama tapi cuma 40% aja liatin outfit orang. itu juga bukan karena emang nyari, tapi mantengin yang lewat di home aja. sisanya nontonin reels.",neutral
988,reddit.com,2024,"Attention, Focus & Cognitive Load",en,"This happens when the media has made most people running around masjids and mandir, the politicians have made unofficial oligarchy, where contracts and tenders are pre-decided and given to billionaires, no scope of middle and small businesses to prosper, to research and innovate, on top it off, plunder them with illogical taxations. Crumbling infrastructure, no civic sense. Media has constantly fueled the flame of communalism under the barb of national security and pre-historic accomplishments which are unfounded.
Broke the love and respect between communities, between families and friends. India is headed towards civil unrest if kept unchecked, I don’t wish this on my beloved motherland but last 10 years has bought nothing but pseudo billionaires like Byju’s and Goyals. No real innovation or money invested in research,  in fact last budget reduce the research and education allocations from previous budget. Most people don’t even realise how much of a brain drain we are currently going through, most of my friends engineers and doctors have left the country. Anyone reading this please don’t come at me with your WhatsApp propaganda and tell me to leave the country. Been to 3 countries but Mumbai has a special place in my heart and nobody can take that away from me.",neutral
989,x.com,2024,Screen Time & Device Dependency,ja,しばらく情報追うこともないので、価格アラートつけてまたデジタルデトックスに入ろう,neutral
990,x.com,2024,Social Media & Psychological Well-being,ja,"【募】スタシスクエア特典目当てで3人集めてじまけグローバルからシーグリ買う予定なんですけど、あと1人どなたか共同購入してもいいよという方いたら連絡ください…！
送料込み1人6000円ちょいです
※ジョンモとウビンのオタク以外で※いたらお願いします",neutral
991,x.com,2024,Screen Time & Device Dependency,ja,"タク王子こんにちは
早いもので、12月ですねー！

『今日は…
デジタルデトックスします』宣言
いいじゃないですか

ガチでおデート
素敵
クリスマスも…やってきますので！
思い切り…ときめいちゃてくださいね",neutral
992,boards.4channel.org,2024,Group Dynamics & Peer Pressure,en,"the most important thing IMO is whether the last cycle got ""capped"" (or, saw diminished returns) because of X, Y, Z, as some clout chasers are sayingi.e. china caused the crash, ""it would have gone higher"" etcOr does the market look for a reason to explain what would have happened regardless?",negative
993,x.com,2024,Screen Time & Device Dependency,ja,ライブ当日ギガ0で迎えるわけにはいかんと先月は出先でSNS開かんようにしてたんだけど人間やれば出来るんだな。。程よくデジタルデトックスできてよかったかも,positive
994,x.com,2024,Screen Time & Device Dependency,ja,"年末にデジタルデトックスかな…

ご飯、褒めて頂きありがとうございます食いしん坊なんです",positive
995,x.com,2024,Screen Time & Device Dependency,ja,"キャンプ行ったらdocomoだけ電波通ってないところだった今まで死んでた
私にはデジタルデトックスは無理だと確信した",negative
996,youtube.com,2024,Group Dynamics & Peer Pressure,en,"Social media fake. I think people are just mad that you're dumping the good Asian boy and moving on with a young, rich white entrepreneur type dude. Makes you look like a clout chaser/gold digger.",negative
997,bsky.app,2024,Group Dynamics & Peer Pressure,ja,イーロンが来てから、Twitterに同じ様に憎悪とエコーチャンバーを煽るアルゴリズムが入ってきたと感じるユーザーは私だけじゃなかったんだ。\n\n言語化ありがとうございます。\n同じ様に感じてこちらへアカウントを作りました。\n\n#Infodemic,positive
998,x.com,2024,Social Media & Psychological Well-being,hi,"मुंबई- साइबर ठगी का हैरान करने वाला मामला

 ठगो ने डिजिटल अरेस्ट कर महिला के उतरवाए कपड़े
 26 साल की महिला से 1 लाख 78 हजार रुपए की ठगी 
 19 नवंबर को ठगी का शिकार,28 को केस दर्ज 
 मुंबई पुलिस ने जबरन वसूली,उत्पीड़न का किया केस दर्ज।
#Mumbai #Maharashtra #cybercrime #Today",negative
999,x.com,2024,Screen Time & Device Dependency,ja,"インフルー！！！大丈夫ー？？
大人のインフルマジでつらいよね
復帰おめでとうございます！
ウソク供給祭りで私は頭が痛い…デジタルデトックスしたい欲に駆られてますわ…",positive
1000,bsky.app,2024,Group Dynamics & Peer Pressure,en,"If he ""Could have"" Then he SHOULD HAVE.\n\nYou give so much credit to that POS who signed an executive order to pull people out of Iraq and lost lives. You wanna keep defending him? Perfectly fine with me.\n\nStand next to the fools who live in an echo chamber while trump takes your money",neutral
1001,malaysiakini.com,2024,Social Media & Psychological Well-being,en,Khazanah Research Institute research adviser Jomo Kwame Sundaram said the southern nations must overcome their differences to become more effective and better equipped to navigate global challenges collectively... Please join the Malaysiakini WhatsApp Channel to get the latest news and views that matter.,positive
1002,bhaskar.com,2024,Social Media & Psychological Well-being,hi,भरतपुर पुलिस ने एक BA सेकंड ईयर के छात्र को गिरफ्तार किया है।  आरोपी छात्र ने अपने साथियों के साथ मिलकर भरतपुर के एक अधिकारी को सेक्सटॉर्शन के जाल में फंसाया।,negative
1003,x.com,2024,Group Dynamics & Peer Pressure,en,"Who is young? U sound like a middle aged woman and make posts like a grandma.
Nothing personal, just genuine observation, ask anyone that's outside of your echo chamber.

For example. Ask people listening to your speech the other night if that was ""youthful"". Sounds v traditional",neutral
1004,x.com,2024,Screen Time & Device Dependency,pt,"sim.. ainda não vi os dois últimos episódios, mas acho que seria mto melhor focar na parte da rivalidade dele c o outro piloto do que os romances dele. o tempo de tela da xuxa poderia ter sido reduzido, porém a caracterização é mto boa e deixa a participação dela interessante",positive
1005,x.com,2024,Social Media & Psychological Well-being,hi,"आगरा।
थर्ड पार्टी लिंक से ऐप डाउनलोड कराकर 18.5 लाख की ठगी करने वाले 5 अंतर्राष्ट्रीय साइबर ठगों को थाना_साइबर_क्राइम टीम द्वारा किया गिरफ्तार।

81 बैंक खाते (धोखाधड़ी में प्रयुक्त) 
13 लाख की रिकवरी 
09 मोबाइल, 18 डेबिट कार्ड आदि बरामद।",negative
1006,reddit.com,2024,Group Dynamics & Peer Pressure,en,"Redditors is an extreme echo chamber and most of the people here dont date so I will tell you straight.

  
Most men think Indians are unattractive and most women to as a Gay man I can look at 2 sides of the coin and say pretty much with confidence that yes they are considered unattractive to be with.

This will probably be down voted to oblivion but she must know the truth.",neutral
1007,bhaskar.com,2024,Social Media & Psychological Well-being,hi,इंदौर के परदेशीपुरा टीआई पकंज द्विवेदी को भी साइबर जालसाज का वॉट्सऐप कॉल आया।  इस दौरान टीआई से उनके बेटे के बारे में जानकारी ली गई।  बातचीत के दौरान टीआई समझ गए कि यह साइबर फ्राॅड का कॉल है।,neutral
1008,boards.4channel.org,2024,"Attention, Focus & Cognitive Load",en,">they have a problem with brain drain by other countriesThey have a problem of 2/3 of all newborns being non-white. Not joking. My main TL is still English, and I need German for literally working so I obviously going to learn it, and I haven't ever asked about whether I should learn any language besides each of the Romance (I tried Spanish and it's the worst language in the world, literally, I hate and despise it).",negative
1009,x.com,2024,Social Media & Psychological Well-being,ja,"《群馬のイベント情報》10大学ジャズバンド（太田市）
#gunma #群馬 #上毛新聞
https://jomo-news.co.jp/articles/-/573009…",neutral
1010,x.com,2024,Screen Time & Device Dependency,ja,"デジタルデトックスって……。
おもっくそ、スマホに依存しまくってデトックス出来ていないw",neutral
1011,x.com,2024,Screen Time & Device Dependency,ja,"アーカイブの歌枠をBGMにして作業もあかん
デジタルデトックスすべきかなぁ",neutral
1012,bsky.app,2024,Screen Time & Device Dependency,en,"This movie has everything*: hot Janine in PARTY GIRL mode, Louis the cinephile, Dana the ultimate Renaissance woman, JANOSZ..\n\n*pity it doesn’t have momentum, energy, an engaging story, or enough screen time for Ernie Hudson.",neutral
1013,x.com,2024,Screen Time & Device Dependency,ja,一日の半分以上を会社で過ごす事でデジタルデトックスを……,neutral
1014,x.com,2024,Screen Time & Device Dependency,ja,"突然ですがアズレン一時引退します。
理由は色々。
とは言え情報はチェックしていくので、アズレンにまた魅力を感じたら復帰します。
しばらくはデジタルデトックスかねてｿｼｬｹﾞはニケだけやります。",neutral
1015,x.com,2024,Screen Time & Device Dependency,ja,"デジタルデトックスしたい。
だらだら見ちゃうのほんとよくない。どう考えても不毛な時間。",neutral
1016,x.com,2024,Screen Time & Device Dependency,ja,"もはやデジタルデトックスして国内でも海外でも1人でも大事な人と旅行してリフレッシュ！
自分の好きなことするのが大事！
忙しすぎて疲れるよ！人間だもん！
普通の人からして無理なことしてるだけで如恵留くん含めてトラジャはえらいよ！！",positive
1017,x.com,2024,Cultural Norms & Digital Etiquette,en,"Reports of BBC's handling of Gregg Wallace complaints 'deeply troubling', union says https://news.sky.com/story/reports-of-bbcs-handling-of-gregg-wallace-complaints-deeply-troubling-union-says-13265306… Doesn't help woman that ghastly #KirstyAllsop when asked her opinion says she doesn't believe in cancel culture. #BBC is home to male sexual predators who need cancelling.",negative
1018,x.com,2024,Screen Time & Device Dependency,ja,「その場でネットに繋げない＝デジタルデトックス」だと思ってるのかも？,neutral
1019,x.com,2024,Screen Time & Device Dependency,ja,"一度離れてみてもいいかと思います。
私もYouTube休止してデジタルデトックス効果ありました。",neutral
1020,x.com,2024,Social Media & Psychological Well-being,hi,"साइबर अपराध से सुरक्षित रहना है तो हर डिजिटल व्यवहार में अपनानी होगी समझदारी व सतर्कता।
अपने लालच व भय पर काबू करते हुए पूरी समझदारी के साथ ऑनलाइन काम करेंगे तो साइबर अपराधों से बच सकते हैं।
साइबर अपराध की शिकायत साइबर क्राइम हेल्पलाइन 1930 या http://cybercrime.gov.in पर करें।",neutral
1021,x.com,2024,Screen Time & Device Dependency,ja,"【デジタルデトックス】実践報告 https://plaza.rakuten.co.jp/yukkuriaruku/diary/202412020001/?scid=we_blg_after_tw01… #r_blog 
ニコニコ動画は特に画面を凝視してしまうので、卒業した方がよいのかも・・",neutral
1022,x.com,2024,Social Media & Psychological Well-being,hi,"#Ajmer #किशनगढ़ जयपुर में डिजिटल अरेस्ट करके बुजुर्ग के साथ की 90 लाख की ठगी

किशनगढ़ में 3 सहयोगी आए पकड़ में, मदनगंज थाना पुलिस की कार्रवाई साइबर क्राइम से जुड़े तीन युवक गिरफ्तार, साइबर ठगी की रकम से ज्वेलर्स की दुकान में की खरीदारी खाता फ्रिज होने पर ज्वेलर्स ने पुलिस में दी",negative
1023,x.com,2024,Screen Time & Device Dependency,ja,デジタルデトックスしなきゃですわ…,neutral
1024,x.com,2024,Screen Time & Device Dependency,id,"maksudnya ginilohh, leader kan yaudah leader
jadi leader ga bikin screen time tmap banyak, ga bikin line lagu jd semenit sendiri kan engga ya
gaada benefit special atau perlakuan istimewa juga gitulohh
TERUS KENAPA MERASA DIREBUT?? APANYA????",neutral
1025,x.com,2024,Group Dynamics & Peer Pressure,ja,"流行語大賞、野球の用語がなんかあったなと思ったら2015年だった。その頃からあんまりピンと来ない。爆買い、忖度、3密、ショータイム以外はわからん…。野球が多い感じしますね。
昔と比べて情報を得る手段が多様化してるし、エコーチェンバーもあるとなると今後も選ぶの大変そう。",neutral
1026,x.com,2024,Screen Time & Device Dependency,en,"Doing dishes, cooking and laundry for your woman while she's especially idle and phubbing is NOT an act of love.

You're just stupid and pussified.

You need to fvcking wake up and be a man!

WTF is wrong with you boy?

#CodeOfMan",negative
1027,bsky.app,2024,Screen Time & Device Dependency,ja,先週はゆちゅぶ見過ぎて疲労を感じたので、今週はデジタルデトックスしたい\u3000無理かも\u3000とりあえずゆちゅぶのしょーとはやめとくとこから,neutral
1028,bsky.app,2024,Group Dynamics & Peer Pressure,ja,大体は2:6:2の割合でできてると信じてるけど、エコーチェンバーで否定的な2ばかり見えるから嫌になる。\n本当に私、SNSやめた方がいい。,negative
1029,reddit.com,2024,Screen Time & Device Dependency,en,"Hiii so I am a Drarry fan for about a year now and I'm a filipina, I live in the Philippines. English is obviously not my first language but I do love reading and sharing what I have read. Here in my circle or city Drarry is never heard of. I have went about several rants and discussions about fics I've read and other Drarry stuff and they don't think it even existed. Lots if people put me down for shipping them as it is ""immoral"" and ""untrue to their character"". It didn't help that I have not access the internet yet because I am very strict with my screen time so you can feel my frustrations about wanting to share about Drarry but I live among bigots or just uninterested people. Although I am guilty of knowing The Harry Potter series because of Tom Felton (🩷) I decided to look into it reading the books and watching the movies and I do se it. I just hate how so little I can share to everyone here because they see it as fictional as a unicorn. I hope I meet a real life Drarry fan 🥺",positive
1030,aajtak.in,2024,Social Media & Psychological Well-being,hi,Feedback  आगरा पुलिस ने 110 करोड़ की साइबर ठगी करने वाले अंतरराष्ट्रीय गिरोह का पर्दाफाश किया।  गिरोह ने 239 लोगों को ठगा और 85 बैंक खातों का इस्तेमाल किया।,negative
1031,x.com,2024,Screen Time & Device Dependency,ja,デジタルデトックスのためにあえてゴミ選びたい,neutral
1032,x.com,2024,Screen Time & Device Dependency,ja,"なるほどな。
変なやつに絡まれて明け方まで引っ張られたり。ワシも暇やけど、もっと暇な人が多いのかな？と思っていました。
ワシもデジタルデトックス？
しつつ、お帰りお待ちしておりす。
またねー。",neutral
1033,x.com,2024,Screen Time & Device Dependency,ja,デジタルデトックス開始,neutral
1034,x.com,2024,Social Media & Psychological Well-being,hi,"साइबर ठगी का एक नया केस सामने आया है, जहां कोच्ची की रहने वाली महिला के साथ 4.12 करोड़ रुपये की ठगी करने के आरोप में दो लोगों को गिरफ्तार किया गया है. पुलिस ने इस मामले की जानकारी रविवार को दी.

#digitalarrestfraud #KeralaNews #cybercrimedefense #newsfeed #newsupdate2024",negative
1035,x.com,2024,Screen Time & Device Dependency,ja,電波から離れたデジタルデトックスです。,neutral
1036,bsky.app,2024,Screen Time & Device Dependency,ja,まずは体調良くすること！\n療養の基本はよく休むこと😪\nデジタルデトックスもよく休むに含まれますよ！\nデジタルデバイスは健康になってから！☝️,positive
1037,x.com,2024,Screen Time & Device Dependency,ja,デジタルデトックスしてみたいなー,neutral
1038,x.com,2024,Group Dynamics & Peer Pressure,es,"Lo que diga la CNN es la ley en cuanto a política internacional. Por eso no entenderán nunca por qué Trump ganó incluso el voto popular. Bien metiditos en sus camaritas de eco, tachando de loco, conspiranoico o ignorante a quien piense diferente o se forme una opinión distinta",neutral
1039,x.com,2024,Screen Time & Device Dependency,ja,"日曜深夜にあったF1カタールGPの決勝レース。
日中は月初の仕事で見る暇もなく。
デジタルデトックスでネタバレを防御しながら
Dさんの帰宅を待って、遅れての観戦。
セーフティーカー3回にパンクにDNFが5台。
ペナルティもわんさかで、
みんなどーした？！という大荒れレース。",neutral
1040,x.com,2024,Screen Time & Device Dependency,en,"The Izu Marriott Hotel Shuzenji in Japan's Shizuoka prefecture will soon offer a unique accommodation plan for heartbroken idol fans featuring spa therapy, a digital detox and a shrine ritual where fandom items are purified and respectfully disposed of.",neutral
1041,x.com,2024,Screen Time & Device Dependency,tr,tuanayi cok ozledim doomscrolling icin yataginda bekliyodum dustan cikip geldi cok heyecanliyim cok iyi kokcak ve sanat sepet hicbi sey anlamadigim film izletcek yine bana,positive
1042,x.com,2024,Social Media & Psychological Well-being,hi,"सावधान, धोखे से भरी है डिजिटल दुनिया। साथ रखे समझदारी का हथियार, सर्तकता से नाकाम करे साइबर ठगों का हर बार।",neutral
1043,x.com,2024,Screen Time & Device Dependency,ja,"ありだよな〜。正直デジタルデトックス的なことしてみたい。
多分自分の心でワガママも言えなくなったら終わりよなぁ",neutral
1044,x.com,2024,Screen Time & Device Dependency,ja,ヤケになると自分でも歯止めがきかん、デジタルデトックスした方がいい,neutral
1045,x.com,2024,Screen Time & Device Dependency,ja,デジタルデトックス日を週に一度くらい作ってはどうですか？,positive
1046,reddit.com,2024,"Attention, Focus & Cognitive Load",en,"I have to say that your points on wanting to move out of KL (overseas) is not warranted. 

On the first count, you are not correct. Our city has one of the best transportation infrastructures in the region. I lived in Melbourne for 5 years. Sure, their public transportation is fairly on time and access to hired cars are easily available, but they cost you a bomb. So does owning a car. God help your wallet if you're trying to get access to a ride past midnight. 

Currency? Unless you're planning frequent big time European/North Asia/America holidays, I think it's not really a problem. Plus, we have quite a liberal investment market. Park your money in USD holdings to safeguard against fluctuations? 

In an island up north called Penang, you get access to many very competent public and private schooling, at sensible rates. So outstation rather than overseas could be an option?   
  
All in all, why are you so heart up on moving away? Malaysia not good enough for you? Can tell you that socio-economic conditions around the world are not far better off than what you get here. 

I also have a low-key disdain for people like you. Sowing seeds of relocation and contributing to the brain drain. Stay and contribute to this country. If not, quietly eff off and go.",neutral
1047,reddit.com,2024,Screen Time & Device Dependency,en,"Was gonna say dr Grace Augustein from Avatar but then they gave her a child in the second film- i mean, it works narratively i guess but either her avatar was pregnant when she died or theres a much more sinister thing that happened- so i guess only if you count the first film??

MARVEL SPOILERS BELOW

On the other hand, Natasha and Yelena from Marvel, Yelena, is also canonically Aro Ace too

Actually most marvel characters (at least in the MCU) are child free except for i think like two that actually get on screen time iirc and thats Pepper Potts and T'challa's mothers (cannot remember her name im so sorry)

Unfortunately, they gave Wanda kids, but i guess it does kinda make sense, especially given her story in the comics, too

Wonder Woman is, right? And shes powerful and beautiful and incredible, and also Harley Quinn as well, i highly recommend birds of prey too",positive
1048,bsky.app,2024,Group Dynamics & Peer Pressure,en,Hmmm yes one is a POC queer woman with amazing art skills and the other is a racist South African ultra-colonizationalist loser who bought an entire social media platform to turn it into a right-wing echo chamber. Yes I see the similarity 🤦\u200d♂️\n\nGod I want to choke these people,negative
1049,x.com,2024,Screen Time & Device Dependency,zh,反正不是送到精神病院，就是送到网瘾学校，就是不能正常成长就对了,neutral
1050,bsky.app,2024,Group Dynamics & Peer Pressure,en,"The real issue here - which you aren\'t acknowledging - is the long, disgraceful track record of MAINSTREAM U.S. ""journalism"", acting as an echo chamber for U.S. ruling elite policy. For example consider the NYT\'s misconduct relative to ""Weapons of Mass Destruction"" in Iraq.\n\nHow could Musk do worse?",negative
1051,x.com,2024,Cultural Norms & Digital Etiquette,it,cancel culture berlaku gak sih di indonesia?,neutral
1052,x.com,2024,Persuasive Design & Algorithm Ethics,en,"Praveen Herat answers 7 questions in our November issue about his debut novel, what makes an effective thriller, his time in Cambodia, the antitrend of stepping away from the attention economy, and more.

https://worldliteraturetoday.org/2024/november/7-questions-praveen-herat-michelle-johnson…",neutral
1053,x.com,2024,Screen Time & Device Dependency,ja,"ワシも、デジタルデトックスやるべきかな？右手が痛い！

ワシのことを、おじいちゃん、おばあちゃんと罵ることは平気ですけど。

頑張っていわゆる、『アスリート』認定の人を貶めるのはよくないよ？

あんたもおじい、おばあ、になるからね？

あ？すでにそんな感じかも",positive
1054,x.com,2024,Screen Time & Device Dependency,ja,デジタルデトックス,neutral
1055,x.com,2024,Screen Time & Device Dependency,ja,"オーラス諦めつかないけど諦める
取引垢でずっと生きてたら1日でXのスクリーンタイム6時間なの笑えない
ちなみに明日数学、化学、古典だけど化学古典は捨てだからノー勉だけど数学来年も取るのにノー勉だしそもそも授業なんも書いてない色んなストレスで泣きそうとにかく4日楽しませてくれゼベワン",negative
1056,reddit.com,2024,Group Dynamics & Peer Pressure,en,"Americans want free education? Want to romanticize its military? Want to spend more on its military than the next top 7 governments combined? Americans need a break from social media, easy dopamine, and an escape from their echo chamber?

Make three years military service after high school mandatory barring extreme exemptions. Obviously don’t put any of them in combat roles until that’s absolutely necessary, which would happen regardless of my pitch.",neutral
1057,x.com,2024,Screen Time & Device Dependency,ja,"奇しくも似たようなタイミングでデジタルデトックスしておりました。
iPhoneもせなたんもばんでん、いや万全にして明日からに備えられそうで何よりですね。",neutral
1058,x.com,2024,Cultural Norms & Digital Etiquette,en,"Honestly give the guy a break, middle aged woman is right , bloody women, bloody media making a mountain out of a no hill!!! Pathetic

Cancel culture is a disgrace!!!!!

Gregg Wallace apologises over 'women of a certain age' video",negative
1059,x.com,2024,Group Dynamics & Peer Pressure,en,"Woman think this a filter of : is this safe to say

and the most impressionable are always the militant trans eco-terror, global warming, cow farts  is death since they are the loudest in their echo chamber and goons like this will be single on a Sunday at 38 all",neutral
1060,x.com,2024,Screen Time & Device Dependency,ja,"教えてもらったガラホとかも候補にしつつ土日に色々中古スマホとか見に行くかな…
とりあえずデジタルデトックス()と集中できる環境のためにSNSはパソコンでしかできないくらいの状況におこう………",neutral
1061,x.com,2024,Cultural Norms & Digital Etiquette,id,Jadi inget dulu gofar dituduh melecehkan. Padahal yg menuduh orangnya suka ngehalu. Efeknya gofar kena cancel culture sampai sekarang. Padahal gak salah apa-apa,negative
1062,x.com,2024,Screen Time & Device Dependency,ja,自分にとってデジタルデトックスというより、田舎の土地を買って新田や町を開拓してみたい気持ちがあるな。,neutral
1063,x.com,2024,Screen Time & Device Dependency,hi,"बिलकुल सही कहा आपने। बच्चों के स्क्रीन टाइम को संतुलित करना जरूरी है, ताकि उनका मानसिक और शारीरिक स्वास्थ्य प्रभावित न हो। माता-पिता को सक्रियता और खेल को प्रोत्साहित करना चाहिए..",positive
1064,reddit.com,2024,Group Dynamics & Peer Pressure,en,"Conspiracy has also been completely taken over by these morons.  


There used to be some fun stuff there but now it’s just stupid far right extreme fear mongering bullshit. 

Actually in late 2019 I heard about Covid first in that sub and they were reporting some of the more insane things we were hearing out of China when they were first hit by Covid.   They had satellite data showing an increase in burning outside major cities.  Then when the sub realized it would be bad for Trump they tried to make it a conspiracy despite their earlier comments.  


Honestly most of my posts in that sub were calling OPs an idiot or trying to fight misinformation but it still got me blanket banned from other subs and that’s not good either as it only strengthens these echo chambers people are supposed to dislike.

Conspiracy also has a mod that bans people for calling Trumps bullshit what it is.",negative
1065,bhaskar.com,2024,Social Media & Psychological Well-being,hi,"जयपुर में एक बुजुर्ग से 90 लाख की ठगी की गई।  इसके बाद ठग उसी रकम से ज्वेलरी खरीदने एक शोरूम पर पहुंचे, जहां आरटीजीएस से भुगतान किया।",neutral
1066,aajtak.in,2024,Social Media & Psychological Well-being,hi,Feedback  इस तरह के साइबर ठगों के रडार पर उन कंपनियों के मालिक हैं जिनकी नेटवर्थ अच्छी-खासी है.,neutral
1067,reddit.com,2024,Cultural Norms & Digital Etiquette,en,"Hey girls,

I’m 25 and always been treated quite poorly by guys since around high school age. They always are the one to start off chasing me intensely, i end up falling for them back and then they get bored and just breadcrumb me or end things. I always end up stuck in situationships because of it and I think my self esteem has been really effected by feeling like I’m just the option. It’s not the type of guys I go for, because often times when I finally move on to the next guy they’ll end up in a proper relationship. 

These guys start out heavy with the compliments and then just stop, and it leaves me chasing and feeling shitty. I now have this feeling that I’m not good enough or I’m boring. I have so many friends and do really well socially, I just have zero luck when it comes to guys. I worry that my self esteem issues are contributing to romance never working out either. On the outside I look super confident, always post selfies on instagram and wear hot outfits. Sometimes I do feel like I’m pretty and sexy and interesting and then other times I don’t, it feels very conflicting all the time. I also very rarely get hit on on nights out and that makes me second guess myself too. I don’t want my self esteem to be tied into how guys treat me anymore.

I just don’t even know where to start?",neutral
1068,reddit.com,2024,Screen Time & Device Dependency,en,"The show could have easily been spread into twice as many seasons with more episodes in each season.

There was just so much going on. So many characters and storylines. 

All of it could have been broken up and separated and we could have digested it more slowly like fine dining with several courses over a long meal.

In that way we could have discovered all of the lands and the peoples in a different way and from different perspectives. We could have had more time with some characters that didn't get much screen time. 

I'm watching it a second time with my husband who is watching it for the first time. What stands out the most for me is how much the storyline is crammed into each 1 hour episode like cramming a fat woman into a tight corset. 

How different it could have been if the writers slowed things down.",negative
1069,reddit.com,2024,Group Dynamics & Peer Pressure,en,"Think we dodged it this time, but the brain rot, holy shit it's bad, they used TikTok to create like a huge echo chamber only targeting idiots, China and Russia know how to weaponize idiots in order to weaken a democracy.",negative
1070,x.com,2024,Group Dynamics & Peer Pressure,en,"@LAFitness
 should be tagged in this so this woman can be thrown out. If that were my man she blasted online I’d be furious. This disgusting clout chaser should have her membership revoked.",negative
1071,x.com,2024,Screen Time & Device Dependency,en,"#LeeMinHo sharing screen time w/#GongHyoJin is a kick for a K-drama.Lee’s ability to craft enduring & emotionally resonant romantic moments w/his leading ladies is a well-established aspect of his on-screen portrayals & his chemistry w/GHJ is poised to elevate
#WhenTheStarsGossip",positive
1072,x.com,2024,Screen Time & Device Dependency,ja,いやほんとそうわかる！デジタルデトックスだいじ！！！,neutral
1073,reddit.com,2024,Screen Time & Device Dependency,tr,"Enteresan mevzu , benim bildiğim insanlar kuvayi milliye ile ilgili porno cizime kalmadı. Phub içerik dolu. En azından abaza ergenler kuvayi milliye ile ilgili 1-2 meseleyi öyrenirdi.",neutral
1074,bsky.app,2024,Screen Time & Device Dependency,ja,強制デジタルデトックス悪くないかもな…思ったけどツイステやれない時間あるの結構な損失だわ😇マスシェフ素材いっぱい集めてたのにイ😭😭,neutral
1075,reddit.com,2024,Group Dynamics & Peer Pressure,en,"Gigantic means jackshit. You were sold bullshit by Reddit. Just another case of echo chamber falling appart in Election. That happens all the time. Reddit was certains Trump would lose. Those MOFO here are the dumbest. If you take your news from here, you deserved to be miss-informed.

Georgia is not even in europe. They will NEVER join. We will make sure of that. The EU imperialistic nonsense expansion will stop.",negative
1076,reddit.com,2024,Group Dynamics & Peer Pressure,en,"Probably the same as all the Korean business owners on Yonge with signs in their windows that say no bike lanes.

I know this is hard to believe on this echo chamber, but there is not nearly the universal support for this stuff that this sub would have you believe.",neutral
1077,reddit.com,2024,Screen Time & Device Dependency,en,"In the Supernatural fandom,  a Sam/Jess shipper told me that Dean/Castiel didn’t make sense.

SAM/JESS.

Jess probably had a total of 10 minutes of screen time, and for most of it she was dying!!!!

The most popular het pairings in the SPN fandom feature Sam or Dean with women they’ve barely known for days, but the one friendship that’s spanned 13 seasons is the one that’s unrealistic???

Dean/Castiel—the two characters who share a profound bond (in their own words!!), who’ve saved each other over and over and over, who’ve sacrificed themselves for each other time and time again—*they* don’t make sense???

Castiel literally told Dean he loved him on his deathbed and fans are still saying “it’s a platonic love” despite the show runners *and* the actor saying it was romantic. You can’t make this shit up. 😭😭

It’s fine to not ship Destiel, but come tf on. If Castiel has ended up in a female vessel, they would’ve been canon by s5 


Damn, sorry, I ended up ranting. The SPN fandom irks the hell out of me sometimes.",negative
1078,x.com,2024,Screen Time & Device Dependency,ja,"デジタルデトックスのやり方調べた。
ながらスマホは確かにやめたいし、スマホ使わない休日も過ごせたらなぁと思う。 https://alinamin.jp/tired/digital-detox.html…",neutral
1079,x.com,2024,Screen Time & Device Dependency,ja,ここ数日というか、数週間ですか。デジタルデトックス的なことをしたんですが、なんとなーく分かったこともある。人に依存してしまったのかなとぼんやり…。,neutral
1080,bsky.app,2024,Cultural Norms & Digital Etiquette,en,"We make an unholy concoction we\'ve named the ""scrapserrole"": roast veg, potatoes, stuffing, shredded turkey, sprouts... whatever was left over, slorped together with a bit of turkey broth and spread into a baking dish. This gets topped with breadcrumbs, baked, and served with cranberry sauce/gravy.",neutral
1081,reddit.com,2024,Cultural Norms & Digital Etiquette,en,"Maybe you could call it that, but all the examples you can give from the right have a massive difference with the left that makes it doubtful if it even deserves to be called like that: When the right does it, it's simply a big group of people, when the left does it it receives mass media support from the news, massive companies and even the government or NGOs. Tell me when an employee is fired or ridiculed because of having basic (not radical) left wing opinions, or a woman or LGBT person instantly blacklisted from the industry after being accused as agressors with 0 proof by their (hetero white male) partners while hetero white males get jobs, are praised by social media and get minimal legal consequences after repeteadly attacking people in bars and taking children to live with them. Or fathers praised by the media for leaving their children alone to go to party. All this happens on the reverse. THAT is real cancel culture. The left is the master at it.",neutral
1082,bsky.app,2024,Group Dynamics & Peer Pressure,en,I opened X and was greeted with discourse abt a woman getting her phd?? see that’s why I don’t be on there anymore it’s a frightening echo chamber,negative
1083,reddit.com,2024,Group Dynamics & Peer Pressure,en,"I love how reddit can become an echo chamber of sorts if you hate a person blindly, you don't need a source or proof to shit on Vanga your confirmation bias does that for you.

The post doesn't clarify when was the interview given or published although there was a post in tollywood sub in which vanga was saying to men that they should be 'one woman man"" not the other way around as post claims to be.",negative
1084,x.com,2024,Cultural Norms & Digital Etiquette,en,"Far from it! Let us not do a Bush over the Iraq war, declaring victory while the insurgents organised!The weapons of cancel culture are being upgraded. We should know about the allports 5 levels,that appears to be basis in the UK of the morals &ethics of non-crime hate incidents.",negative
1085,x.com,2024,Cultural Norms & Digital Etiquette,en,"I don’t believe in cancel culture, but this woman is just as bad as, if not worse than, other “influencers” I’ve seen and some of them have been banned for much lesser issues with followers/views in the millions. She needs to be removed from yt.",negative
1086,x.com,2024,Cultural Norms & Digital Etiquette,en,I find it astonishing that our government can say his remarks are 'inappropriate and misogynistic' when none of them could say what a woman was post-election. They stand with women when it suits them. I smell cancel culture.,negative
1087,hindi.latestly.com,2024,Social Media & Psychological Well-being,hi,"दिल्ली, दो दिसंबर साइबर जालसाजों ने मुख्य कार्यकारी अधिकारी की फर्जी प्रोफाइल बनाकर कंपनियों को सात करोड़ रुपये का चूना लगाया है।",neutral
1088,x.com,2024,Screen Time & Device Dependency,ja,デジタルデトックスやったら、ストレスが溜まりすぎるのは…(-_-;),negative
1089,reddit.com,2024,Group Dynamics & Peer Pressure,en,"A huge amount of young men have deep contempt for education. They are taught to despise higher education and evidence-based STEM. They spend their days in echo chambers telling each other that no one should ever defer to a subject matter specialist's expertise, or admit they don't know something.

For a few decades, women have been crushing men in academia. Since 2019, there are more college educated women than man in the US workforce.

Men who aren't this terminally insecure are proud of women and the redefinition of womanhood in recent decades. This deep, bloodthirsty loathing of successful women is nothing more than the projection of inept manbabies who can't cope with getting their metaphorical shit kicked in by women who apply themselves.

Given the profile pic of this boy, it's fair to say this is coming from a wheezing, cheeto dust covered, entitled little NEET.",negative
1090,bsky.app,2024,Group Dynamics & Peer Pressure,en,"It's funny, I've been blocked by pro-Palestine accounts apparently. And I'm literally one of the more pro-Palestine people in my community irl.\n\nEhh, oh well. I'm probably just gonna head over to the Japanese apolitical side of Bsky, not a fan of the politics echo chamber side",positive
1091,x.com,2024,Cultural Norms & Digital Etiquette,en,"Banks are cutting people off for their beliefs. This is de-banking—cancel culture’s most dangerous tool. With governments pressuring banks to act, it’s a runaround of the Constitution.   What’s next? A U.S. version of China’s social credit system?",positive
1092,x.com,2024,"Attention, Focus & Cognitive Load",en,"Concerns about brain drain are valid, but France faces similar challenges - erratic policies and high taxes are pushing fintech talent to more favorable environments like the UAE.",negative
1093,reddit.com,2024,Group Dynamics & Peer Pressure,en,"I didn’t call my stepmother from 2020 until her passing.
I loved her, but she’d become a hollow echo chamber for my father and his vitriol since they both retired.
He said some awful things in February of that year, and it was just time to cut contact.
She died in 2023, and I do not regret not speaking to her. 
I choose to remember when she was a woman of her own thoughts who loved the children she mothered since we were teens, so the shadow she became.

People love to pop off at the mouth about why I didn’t/don’t speak to them, without stopping to consider why.

I am sorry for your loss, and I hope that you are able to protect your peace always.",negative
1094,x.com,2024,Screen Time & Device Dependency,tr,Bacım Twitter ekran süreni biraz arttır,positive
1095,timesofindia.indiatimes.com,2024,Screen Time & Device Dependency,en,"Tamil actor Sivakarthikeyan , basking in the success of his new movie ‘Amaran’, recently shared his insights on the impact of social media on mental health and career at the 2024 International Film Festival of India (IFFI) in Goa. The actor revealed how he has been intentionally limiting his social media usage, particularly on platforms like Twitter, for over two years. He believes that this digital detox has significantly improved his mental clarity and decision-making abilities. In a chat session with IANS at the event, Sivakarthikeyan revealed that he had been maintaining a distance from social media, especially X (formerly Twitter) for over two years and it has helped him improve his career. Sivakarthikeyan said, “In the last two years, I've been using social media very less. If you want to use it, you use the internet. This is my kind advice, but don’t use much social media, especially Twitter. Maybe, I think Elon Musk might block my account, that will be the first success I think for me.” Why this 'Big No' to social media Sivakarthikeyan explained that constant exposure to social media can lead to unnecessary stress and self-doubt, especially when facing negative feedback or criticism. By distancing himself from these distractions, he has been able to focus on his craft and make more informed choices about his projects. ""I feel like if we come out of X, I have a very free mind space because no one is feeding their thoughts into my mind. When something goes wrong in my...",positive
1096,decider.com,2024,Screen Time & Device Dependency,en,"Moves are being made in the hours after Sarah Atwood was murdered by private sector corporate assassins. Rory Cochrane, the always fantastic character actor, is getting his best chunk of Yellowstone screen time as Detective Dillard, who would probably just laugh at Jamie Dutton’s outrageous denials of his obvious impropriety and completely toothless threats if he wasn’t also Montana’s attorney general. As it is, Dillard simply declares Jamie a suspect in the Atwood killing and prepares a search warrant for his premises. But while a frantic, freaking out Jamie desperately shreds incriminating paperwork, we have to talk about the bulk of Yellowstone episode 12, and its considerable emotional breadth. As Taylor Sheridan gallops his western epic to its end, he continues to kill off characters, and the latest one is a real heartbreaker. Jamie was seduced and manipulated by a maneater named Sarah Atwood. But it’s a horse known as “Maneater” who mauls Colby Mayfield (Denim Richards) when the easygoing Yellowstone cowboy defends a cornered Carter in the stables. Colby wasn’t the most vocal guy in the bunkhouse, but his romance with Teeter was a quiet series highlight. Which just makes it so much more terribly sad that this episode begins with them exchanging “I love you”’s over the phone. “He was a cowboy; suffering’s part of the job,” Teeter says through tears as the Texas crew heads back to Montana. “I just wish he could’ve suffered a little longer so I could say goodbye.” Yep,...",negative
1097,reddit.com,2024,Persuasive Design & Algorithm Ethics,en,"Hello.  
What a journey. Being an empath I feel it which is why it is going to be contradictory when I say I think the 4 lines at a time seems an odd choice because of how erratic the narrators mental state is which suggested to me the rationalizing of someone who'd accidently killed someone during a environmental disaster which there's something darkly comic about that like yeah, with the tsunami. I'm really sorry maybe that's f++ked up of me but that is what I hear because it is gentle and slow and reflective which would work better if this poem was broken up into sections where this is the panic and then the calm then the panic then the calm or yeah, it is all very one level which is hard or rather was hard for me because in an attention economy I don't think it will get as many eyes on it if your intention is to share it. I like the rymbes a lot and think they especially in the second half when the stanza are shorter add that urgency and capture the rhythm of a brain  shocked either by guilt, shame and blame as you say. Theres just alot to read, its a really good poem for putting you in the mind but speaks more to prose perhaps, really beautiful prose but not so much what I personally come for in poetry. But that's just me. Please keep up the good work and telling stories in work that speak to the macarb and almost grotesqueness of real everyday things, more poems with soil and corpses. It felt very romantic poetry esque combined with a very emo 2000s kid which is peak feeling in my opinion.",negative
1098,x.com,2024,Screen Time & Device Dependency,ja,時にはデジタルデトックスも必要ですね('ω')ノ,neutral
1099,bsky.app,2024,Group Dynamics & Peer Pressure,en,"No body complained when Biden left all the tariffs in place from the last Trump occupancy. Nobody has complained about China's imposed tariffs that we have been paying for decades now. This is, the echo chamber everyone talks about. Posting without understanding what you are talking about.",negative
1100,x.com,2024,Group Dynamics & Peer Pressure,en,"All I have to say to this is YES 

I have been watching the Classics and all these jumped out to me too. I also like the idea that no humans are allowed on Gallifrey. They are locked to mostly their own species. It's an echo chamber. Like China. They are filled with propaganda",neutral
1101,x.com,2024,Cultural Norms & Digital Etiquette,en,WE are the government. We hold the power which was displayed during the cancel culture. All those in North Korea have to do is spend their attention wisely. Do not PAY(spend) your attention to anything but what makes peace and meaning. Stop being a soldier for NARCISSISTS!,neutral
1102,x.com,2024,Cultural Norms & Digital Etiquette,de,""" Versuchen Sie das mal in China. ""

Was in China passiert, ist bekannt.
Weniger Einsperren, sondern es schlägt eher das Social Credit System zu. Funktioniert im Prinzip ganz ähnlich wie Cancel Culture
Beides mit Meinungsfreiheit nicht kompatibel. 

Denn die geht im Grundsatz so:",neutral
1103,x.com,2024,Screen Time & Device Dependency,ja,"特徴をみると、僕は神経質ではないようなのでよかったです
デジタルデトックスで心にゆとりを作っていきます",positive
1104,x.com,2024,Screen Time & Device Dependency,ja,"3日火曜日おはようございます

近視から遠視になった事でスマホが見えにくく、スマホを触る時間が減りデジタルデトックスになってる。
今日も素敵な1日分なりますよう。",negative
1105,bsky.app,2024,Cultural Norms & Digital Etiquette,en,"you kind of have to follow the breadcrumbs-it doesn\'t require a label because it\'s not a parody of an actual person--there\'s no CA 54th dist., in the photo he\'s holding Noem\'s dog with an armed woman in the background, and he\'s ""Nominated to lead Departments of Government Efficiency Department""...",neutral
1106,amarujala.com,2024,Social Media & Psychological Well-being,hi,Bijnor News: साइबर अपराधियों के खातों से वापस कराए 10 लाख,negative
1107,france24.com,2024,"Attention, Focus & Cognitive Load",ar,تونس: سحب مبادرة تشريعية مثيرة للجدل حول هجرة الكفاءات,neutral
1108,x.com,2024,Group Dynamics & Peer Pressure,id,BWAHAHAHAHASNORTHAHAHAHA MAGAT ECHO CHAMBER,positive
1109,reddit.com,2024,Cultural Norms & Digital Etiquette,en,"1. I use a blender to mix my cake and biscuit mixtures.


2. I don't know how to carve a chicken or turkey, so I'll rip the meat off the bones.


3. Majority of the time, I will refuse to use scales and instead measure by eye, gut or heart feeling (looking at garlic for the last one).


4. If I run out of breadcrumbs, I will substitute with pretzels or ritz crackers that are sitting in the cupboard.",neutral
1110,x.com,2024,Cultural Norms & Digital Etiquette,en,"I can't believe I'm reposting this (pre-Trump) Azerbaijanophobe. However, the idea of ending NGO-driven terror, which, together with traditional media, has imposed cancel culture on the world, is worth reflecting on.",neutral
1111,reddit.com,2024,Social Media & Psychological Well-being,en,"Seems like you're refusing to listen to others in here who actually lived through the timeframe you're romanticizing about.

I entered middle school around 2004/2005 when MySpace exploded and it had more immediate effects than smartphones at my high school. By the end of 2005, my school district was sending out multiple letters warning parents about MySpace and the problems it was already causing like cyberbullying and declining student productivity. AIM was also widely used at my middle school and it was where a good chunk of the conversations were taking place outside of school. This is also when sexting was becoming an issue. ""What you post on the internet stays there forever"" was a common refrain. All of this was used by adults to paintbrush teens for the very same reasons you state.

I also got my first cell phone in 2005 and I was considered a late adopter among my peers. I can also guarantee you that our heads were firmly buried in our phones by 2009.",negative
1112,x.com,2024,Screen Time & Device Dependency,ja,"Wi-Fi通じたので、デジタルデトックスは半日で終わりました
どれだけ依存しているか、よくわかりました",neutral
1113,x.com,2024,Screen Time & Device Dependency,ja,"まるちゃん、おはようございます
デジタルデトックスの重要性、年々増してきていますね
人間もやっぱり自然の中の一つですもんね",positive
1114,boards.4channel.org,2024,"Attention, Focus & Cognitive Load",en,"Isn't there like 1 NGO for every 100 Georgians? Is a foreign agents act REALLY pro-Russian? The US has one.Why join a failing ethnic hierarchy (EU) where you are at the bottom of the totem pole? Get FDI through other channels. EU loans are not the only way to skin a cat, and if you get easy visas you're just going to brain drain even more than you do now (u can still send me a smoky black eyed qt) and be a perpetual shithole, which suits russia just fine since they only want a buffer state.",negative
1115,x.com,2024,Screen Time & Device Dependency,ja,"私の方は通知が全然来なくなりました
デジタルデトックスしろってことですかね",neutral
1116,x.com,2024,Screen Time & Device Dependency,ja,"デジタルデトックスするほうがストレス溜まるのわかっちゃう
けど無事に移せてよかった！おかえり！

ロングせなたんもやっぱかわいいねぇ",positive
1117,reddit.com,2024,Group Dynamics & Peer Pressure,en,"And I disagree because locs and braids are not mutually exclusive to black people. These hairstyles were in use for thousands of years in multiple parts of the world, the oldest documented references are from Greece and India. Gotta leave the echo chamber and realize that the world is bigger and older than the United States of America.",neutral
1118,x.com,2024,Screen Time & Device Dependency,ja,聡ちゃんデジタルデトックス中かな,neutral
1119,x.com,2024,Screen Time & Device Dependency,ja,"おはようございます
こ、こらっ！
デジタルデトックスのことをデジっくすって略すんじゃない！
えっち！！！",neutral
1120,x.com,2024,Screen Time & Device Dependency,ja,"デジタルデトックスとしてXにポストしたいことをアナログメモに書くって動画を観た。
ポストって作業の気が散るものね。ポストだけで終われば良いけどうっかり他の方のポストに集中しちゃったり……。
アナログメモ活用しよー。",neutral
1121,x.com,2024,Screen Time & Device Dependency,ja,"noteにも書いたんですがしばらくデジタルデトックスします！！
どの程度やるとか決まってないけど適当にやります！そのうち帰ってきます！！",neutral
1122,x.com,2024,Screen Time & Device Dependency,ja,いやこれ裏側ばっか見ちゃう　今日家出てからずっとスマホ裏見ながら駅の階段も登ってたよこの人　これデジタルデトックスできるやつやん…これで寝る前のスマホ禁止できるわありがとう黒尾くん天才好き世界一カッコいいありがとう,positive
1123,japantoday.com,2024,Cultural Norms & Digital Etiquette,en,"Fast food wars aren’t new in Japan, as rival chains often go head-to-head serving up similar seasonal offerings for limited-time periods. However, at this time of year you’ll find a particularly unusual showdown taking place, between fast food giant McDonald’s Japan and the much smaller, Japanese coffeehouse chain Komeda. The menu item at the centre of the storm is the Croquette Burger, with McDonald’s serving up the “Gurakoro” and Komeda selling the “Gurakuro."" Although both burgers are a portmanteau of “gratin” and “croquette“, the difference lies in the pronunciation, because although “コロッケ ” ( korokke ) and “クロケット” ( kuroketto ) are commonly referred to as “croquette”, they’re defined as two different things, with the former containing “mainly crushed potatoes formed into an oval shape, coated with breadcrumbs or other batter and deep fried”, while the latter doesn’t need to conform to any such conditions. With McDonald’s having registered the trademark for “Gurakoro“, Komeda has used the “kuroketto” definition to its advantage, muscling in on the big chain with its Gurakuro. This year, both chains released their rival burgers on 27 November, perhaps at the chagrin of McDonald’s, but this was good news for burger lovers like us, who went out and purchased both burgers on release day. Despite being similar, they’re entirely different in terms of looks and price, so we took them back to the office for a taste test, starting with the McDonald’s Rich Demi & Tartar Gurakoro,...",neutral
1124,x.com,2024,Group Dynamics & Peer Pressure,ja,"Echo chamber 効果

まさにアノ界隈だね",neutral
1125,x.com,2024,Screen Time & Device Dependency,en,"You're fuckin' delusional. Touch grass. Stop doomscrolling. 1% of the population does not represent the entire world. It hasn't been acceptable to be violent towards women in the Western world since I've been alive. So, unless you live in Afghanistan...",negative
1126,x.com,2024,Screen Time & Device Dependency,ja,"＼デジタルデトックスで脳をリフレッシュ／

スマホやPCから少し距離を置くだけで、勉強効率がグンとアップするって知ってた？ 科学的な根拠をもとに、その効果をサクッと解説するよ

① 注意力が回復する！
長時間のデジタル機器使用で、脳が「情報過多」状態に",positive
1127,x.com,2024,Group Dynamics & Peer Pressure,en,"8/

Baaz’s coverage tends to amplify claims of Indian interference without always providing robust evidence or engaging with alternative perspectives. This risks turning public perception of complex geopolitical issues into deranged CBC echo chambers that only amplify one side.",negative
1128,bsky.app,2024,Social Media & Psychological Well-being,ja,初期の詩、直筆原稿を展示\u3000群馬県立文学館\u3000谷川俊太郎さんを追悼 | 上毛新聞社のニュースサイト www.jomo-news.co.jp/articles/-/5...,neutral
1129,x.com,2024,Cultural Norms & Digital Etiquette,en,“romanticizing rapists” okay man now ur just regurgitating twitter cancel culture slop unprovoked sooooo blocked !!,negative
1130,reddit.com,2024,Screen Time & Device Dependency,en,Yeah no. I dont think 60% of romanian voters are doomscrolling radical right tiktok.,neutral
1131,x.com,2024,Group Dynamics & Peer Pressure,ja,"流行語大賞がこれほどにも廃れて影響力が減ったのは、かつて程特定メディアが占有してないし、メディアのターゲティングがはっきり分かれてるから流行る言葉もバラけてるからかと思ってる。
いやいや、すげぇバズワードかるからって言う向きもいると思うけど、それエコーチャンバー",negative
1132,x.com,2024,Group Dynamics & Peer Pressure,ja,ワイも世間でもSNS上でも大多数がそういった特殊な行動をするヤカラに対して「あたまおかしいだろw」って思ってるだろうが、 問題は奴らはエコーチェンバーで偏った情報しか目にしていなかったり、そもそもSNSなんぞ使わない層で、「おまえおかしいぞ」って声がそ奴らには永遠に届かない事ですね,neutral
1133,x.com,2024,Group Dynamics & Peer Pressure,ja,"ブリンケンといった
米国ネオコン勢を見れば、
己が資金を出し記事を書かせ
番組放映させている、
所謂「戦時プロパガンダ工作」を、
あろうことか己も信じてしまう
という末期症状が起こっており、
「エコーチェンバー&認知バイアス」
どっぷりなウク脳界隈に至っては
仕方ないと思います。(´・ω・`)",negative
1134,x.com,2024,Screen Time & Device Dependency,ja,"ありゃま… 何日入るんだろ？もはやイヤホン買ってしまうとか
もうデジタルデトックスするしかないね…(:3_ヽ)_",positive
1135,x.com,2024,Cultural Norms & Digital Etiquette,id,Naudzubillah ada ulama begini. Plis lah indonesia bener2 ga ada cancel culture apa ya di negara ini,neutral
1136,x.com,2024,Screen Time & Device Dependency,en,Brian Altemus should’ve played Aaron Samuels instead of Shane Oman. Chris Brinley didn’t fit the role. Avantika should’ve gotten more screen time for her face card alone.,neutral
1137,x.com,2024,Screen Time & Device Dependency,ja,デジタルデトックスがなかなかできない,neutral
1138,x.com,2024,Group Dynamics & Peer Pressure,id,"echo chamber ini bahaya bgt sih wkwkwkw, biasanya munculin mindset ""berasa paling benar"" krn sekelilingnya juga mikirnya sama, padahal cuman algoritmanya aja yg menyesuaikan",negative
1139,x.com,2024,Screen Time & Device Dependency,ja,デジタルデトックスでTwitter消すから繋がりたい人きてくへ,neutral
1140,x.com,2024,Group Dynamics & Peer Pressure,en,"Trump pulled the plug on Afghanistan & Biden had to follow through on it. If people want info on history don't rely on Twitter, too many liars here thinking it is their duty to lie for Trump. Packs of trolls howling people down and glibly lying in an echo chamber marks the fall.",negative
1141,x.com,2024,Screen Time & Device Dependency,ja,"おはようございます！山一広報担当のサヨです

私用スマホでdocomoのsimカードを使用しているのですが製造工程処理不足のsimに該当したようで使用できなくなりネット繋がらず

引っ越して家のwifiも整備中で、
強制的デジタルデトックス中w

早く解決しなければ",neutral
1142,x.com,2024,Screen Time & Device Dependency,ja,sns疲れかなわたしは第一子妊娠を機についったー登録したんだけど、いろんな情報ありすぎて他人に厳しい意見も多いし何でそんな考え方なの？そんな発言するの？とかあってデジタルデトックス繰り返してた24時間だけでも離れてみると頭スッキリするからおすすめうまく付き合っていくと楽しい,neutral
1143,x.com,2024,Group Dynamics & Peer Pressure,en,yeah I mean I grew up in an Indian-American suburban community I get it. that's why I moved to the city first chance I got. I try to keep my family out of reactionary echo chambers when I visit (fairly frequently). but most ppl in my generation aren't really doing that,neutral
1144,reddit.com,2024,Screen Time & Device Dependency,en,"We are scaling back the screen time into bursts of 20 minutes at most for the nearly 3 yo. try to limit to 10 mis or 2 cartoons. 

sometimes she watches for an hour or more and when we turn off she throws something or kicks, hits. it's not good. also every morning she says ""shall we get up and eat apple sauce and watxh tv?"".

so trying to wean off rather than going cold turkey.

we have not used tv for car trips, she has a yoto player thst she listens to. we have used the phone when we eat out or at car dealerships to keep her quiet when needed but not at home while we eat. 

hope that helps!",neutral
1145,bsky.app,2024,Screen Time & Device Dependency,ja,最近X開くたびに必ず広告が挟まるので開く頻度減った\nデジタルデトックスを推奨されている気分,neutral
1146,x.com,2024,Group Dynamics & Peer Pressure,en,"this is what it looks like when a woman desperately needed a man to come into her life & take her out of her feminine echo chamber & show her another way to live, & how not to be insane, but that man never came, & she'll go to her grave having no idea she's missed out on anything",negative
1147,x.com,2024,Screen Time & Device Dependency,id,"Kecanduan teknologi diam-diam mengintai kehidupan kita!
Sering banget scroll medsos tanpa henti, ngecek HP tiap menit, atau cemas kalau jauh dari gadget? Jangan-jangan kamu butuh Digital Detox!",negative
1148,x.com,2024,Group Dynamics & Peer Pressure,ja,なんか最近、お産やばい+子育ては地獄+支援制度もカス+男女の争い+政治家もクズ+…が混在してエコーチェンバーみたいになってて結局一人で生きて一人で死ぬのが一番平和では？みたいになってる,neutral
1149,x.com,2024,Screen Time & Device Dependency,id,"Detoks digital bukan cuma tren, tapi solusi nyata untuk kesehatan mental kita! Dengan bantuan mindfulness, kita bisa bangun hubungan lebih sehat dengan teknologi.",positive
1150,x.com,2024,Screen Time & Device Dependency,ja,"ほんとに、、、見ながら寝落ちが常なので
デジタルデトックスには最適です
今日docomoショップへ駆け込みます",neutral
1151,x.com,2024,Screen Time & Device Dependency,ja,繰り返しとノルマ感出てきちゃってストレスの方が上回ったからちょっと今月ポケスリと信長GO起動やめてデジタルデトックスですわ〜　ポケスリにクリスマスあるだろうからその辺でチョト触るかもだが,negative
1152,x.com,2024,Screen Time & Device Dependency,ja,今日はデジタルデトックス日和ということで…,neutral
1153,x.com,2024,Screen Time & Device Dependency,ja,デジタルデトックスしたら少し調子いい気もする。気のせいかもしれないw,neutral
1154,x.com,2024,Social Media & Psychological Well-being,ja,"2024/12/3【三山春秋】子どもが小学生のころ、放課後児童クラブ…
#gunma #群馬 #上毛新聞
https://jomo-news.co.jp/articles/-/573417…",neutral
1155,x.com,2024,Screen Time & Device Dependency,ja,デジタルデトックスすると余計に病むタイプなのよね…1人だって自覚するとよくないみたい。でも情報の取捨選択はしなきゃいけないなとおもう…私の人生半分以上Twitterと共にあるからもはや息継ぎ感覚なんよね…w,negative
1156,x.com,2024,Screen Time & Device Dependency,ja,"デジタルデトックスしてえなぁ…
なんかいいアイディアありませんか",positive
1157,x.com,2024,Screen Time & Device Dependency,ja,デジタルデトックス、いいぞ,neutral
1158,reddit.com,2024,"Attention, Focus & Cognitive Load",en,Animation in Singapore... about as valuable as a fart. We can't experience a brain drain when we actively avoid cultivating it in the first place. Singapore does not have the population numbers to waste resources on something as niche as cartoons. That's just one of the things you only have when you have excess labor and insufficient jobs. This applies to arts in general.,neutral
1159,x.com,2024,Screen Time & Device Dependency,ja,"ゆうなさん、おはようございます

デジタルデトックスもそうでしたが、色んな感情が動いて一気に色んなブロックが外れて行った日でもありましたね！

もうさっき見ましたよこれ...笑
もうまんま王子当てはまってますから...
朝からグサグサ来ておりますわ...(￣▽￣)",neutral
1160,x.com,2024,Screen Time & Device Dependency,ja,"もう逃亡中はデジタルデトックスという名目でスマホ(とTwitter)封じた方が安全でしょ……
写真は一眼レフで撮ってもろて……",neutral
1161,x.com,2024,Group Dynamics & Peer Pressure,ja,ここ最近のアルゴリズムの優秀さは寧ろエコーチェンバーを生み出して、自分の出会ったこと無い芸術や音楽、または視点や価値観に出会う機会を失っているというのは皮肉なことだね。自分自身で殻を常に剥こうという態度が求められているんだろうね。,positive
1162,x.com,2024,"Attention, Focus & Cognitive Load",id,"Satu2nya hal yg bikin brain drain ini gak terjadi di dunia medis kita adalah pengakuan terhadap ijazah dokter sp kita. 

Atur ulang kurikulum sesuai negara maju (commonwealth/lainnya) itu Pandora's box yg saya ragu bakal berani dibuka pemerintah.",neutral
1163,x.com,2024,Cultural Norms & Digital Etiquette,id,"Dispatch itu yang nyelametin kim seon ho dari cancel culture ketika semua berita udah negatif tentang dia. Dan dispatch reveal semuanya yang terjadi.

Well, ig ppls will always hate media",negative
1164,x.com,2024,Screen Time & Device Dependency,ja,"なんかごちゃごちゃ
言われて疲れたら一旦
LINEもインスタも消した
デジタルデトックスなるかな笑",neutral
1165,x.com,2024,Social Media & Psychological Well-being,hi,".सेवा में,
माननीय मेरे D.L. का अनाधिकृत प्रयोग किया जा रहा है। जिसके संबंध में साइबर थाना गया था जहाँ कोई कार्यवाही नही की गई।अतः आप से अनुरोध है कि मेरी शिकायत पर FIR सुनिश्चित करते हुए उचित कार्यवाही करने की कृपा करें। @Uppolice @dgpup @dcp_north @CyberCellLko",negative
1166,reddit.com,2024,Cultural Norms & Digital Etiquette,en,"In a situationship with a Capricorn man. Initially we met for NSA sex. Ironically, he was very sweet, kind and understanding when texting but somewhat cold when we met in person. I attached pretty quickly and expressed my feelings quickly as well. A few months in he started withdrawing. We had a minor fight and he wouldn't see me for the next 2 months. Then we met once and he broke up with me the next day. I was chasing him at this point and seeking any small kind of validation. We met again twice after that. He tells me is sexual preference. He's honest when I ask him direct questions but doesn't tell me everything. When I pull away and move on, he breadcrumbs me. I sound really pathetic even as I am writing this.  I'm Indian and he's white. He's told me he likes white Latina women.I would like to know if there is any hope of a relationship with him.",positive
1167,x.com,2024,Social Media & Psychological Well-being,hi,"#Jodhpur शहर में डिजिटल अरेस्ट की घटना

1 करोड़ 84 लाख 50 हजार की ठगी की, साइबर ठगों ने 6 दिन डिजिटल अरेस्ट रखकर की ठगी, 11 चेक के जरिए की गई ठगी, हिंदुस्तान पैट्रोलियम में कार्यरत था पीड़ित...
@CP_Jodhpur
 @JdprRuralPolice
 @Rbhardwaj_1978
 #LatestNews #RajasthanNews",negative
1168,bsky.app,2024,Screen Time & Device Dependency,ja,胃と頭が痛いや。\n今日はデジタルデトックスしてのんびりしよう〜,negative
1169,x.com,2024,Social Media & Psychological Well-being,hi,"#Jodhpur : शहर में डिजिटल अरेस्ट की वारदात, साइबर ठगाें ने ठगे 1 कराेड़ 84 लाख 50 हजार 
@CP_Jodhpur
 @Rbhardwaj_1978
 #LatestNews #RajasthanNews #RajasthanWithZee",neutral
1170,x.com,2024,Screen Time & Device Dependency,ja,"今日の目標：デジタルデトックスをする

返信できなくなると思うけど、フォロワーさん・リア友ごめんね！
自分を取り戻す！！",neutral
1171,x.com,2024,Screen Time & Device Dependency,ja,デジタルデトックスも時には大事よね。そして、推しに癒されることも！,negative
1172,scmp.com,2024,Screen Time & Device Dependency,en,"[ By KTimes n nMoon, who portrays Seo Yong-rye, a brilliant vocalist in a drama about traditional Korean all-female theatre, revealed she could not refuse the role. She imagined her late teacher playfully scolding her from above for not putting the skills they had imparted to her to good use. n n“That teacher adored me so much,” Moon recalled in a recent interview. “Even though the teacher knew I wasn’t going to pursue pansori professionally, she always encouraged me. n n“I could just picture the teacher saying, ‘I taught you this, and you’re not even using it?’ That thought stayed with me.” n nMoon’s performance of the pansori piece “Chuwolmanjeong” in the drama enthralled audiences. Despite her limited screen time, she trained rigorously for nearly a year. ]",neutral
1173,x.com,2024,Screen Time & Device Dependency,ja,デジタルデトックス程々にできてるー！！緑見過ぎて視力も多分上がった。,neutral
1174,x.com,2024,Screen Time & Device Dependency,ja,先月設定ミスって今月はめっちゃギガ少ないので、WiFi駆使しつつデジタルデトックス期間と思って外ではスマホ利用控えるぞ…,neutral
1175,x.com,2024,Group Dynamics & Peer Pressure,en,"Is this your source of information and motivaion? Based on comments and rhetoric of India it should be doing very bad, but to the contrary its flourishing. Your source of information and data is questionable. Social media is an echo chamber, it'll show you what you want to see.",negative
1176,x.com,2024,Social Media & Psychological Well-being,hi,"वाराणसी - वाराणसी में महिला से 14 लाख 70 हजार रुपये की ठगी, डिजिटल अरेस्ट कर महिला से 14 लाख 70 हजार की ठगी, बेटे को गिरफ्तार बता कर रिहाई के लिए जालसाजों ने मांगे पैसे, साइबर ठगों ने महिला से 14 लाख 70 हजार रुपये की ठगी की, वाराणसी के सिगरा थाना के महमूरगंज का मामला.

#varanasi",neutral
1177,x.com,2024,Screen Time & Device Dependency,ja,スマホを無くして1日だけ強制デジタルデトックスしてた,negative
1178,priangan.tribunnews.com,2024,Social Media & Psychological Well-being,id,"Puluhan pelajar tingkat Sekolah Menengah Pertama (SMP) dan Sekolah Menengah Atas (SMA) mengikuti kegiatan tentang perundungan (bullying) yang diselenggarakan oleh mahasiswa magister Psikologi Sains Jakarta, Senin (2/12/2024).  Diselenggarakan di Aula Kantor Kecamatan Garut Kota,  , para siswa yang menghadiri itu diberikan materi soal perundungan yang saat ini kerap terjadi di kalangan pelajar.  Adapun pemateri disampaikan oleh enam orang mahasiswa magsiter Psikologi.  Mahasiswa Magister Psikologi Sains ,  Octavia Purnomo menyampaikan, bahwa edukasi psikologi penting bagi anak-anak sekolah dalam rangka mengurangi kasus perundungan.",negative
1179,x.com,2024,Screen Time & Device Dependency,ja,"デジタルデトックスのために液晶をe-iknにして、そのe-ink画面の反応を改善するって
健康のためなら死んでもいいっていう理屈ぐらい意味わからんのやけど",negative
1180,khaleejtimes.com,2024,Physical Health & Digital Ergonomics,en,"UAE doctors warn of 'tech neck', back pain due to prolonged exposure to screens",negative
1181,x.com,2024,"Attention, Focus & Cognitive Load",id,"Kunci menanggulangi brain drain ya banyakin brainnya. Ga papa kita misal dapat 2nd or even 3rd best selama 2nd and 3rd bestnya standarnya sudah sangat tinggi, seperti di China dan Korea.",positive
1182,x.com,2024,"Attention, Focus & Cognitive Load",en,"China is doing war exercises every month in taiwanese waters and air. War is coming soon!

Maybe Australia could prepare land mass for fleeing Chinese to form a new State and move all their silicon companies over!

Then freedom loving Chinese can brain drain China of people.",neutral
1183,x.com,2024,Group Dynamics & Peer Pressure,en,"White people massacred Australian and New Zealand natives till they were no longer the majority. Fall back with your white privilege BS. White prople massacred the American natives. The British raped India, Africa aswell. South Africa apartheid?? Fall back clout chaser.",negative
1184,boards.4channel.org,2024,Group Dynamics & Peer Pressure,en,"This topic always confuses me. I get thinking that a famous athlete ""should"" have some hot girlfriend or wife, but you'd think that people would understand, especially in today's age of gold digging, clout chasing women who are frequently prostituting themselves on Onlyfans on social media, that having a woman who's been with you since the dead times is much more desirable than one of those instagrammed-up sluts who just runs though tons and tons of guys trying to get money an shit from him.Guess that's not how it works though.",negative
1185,x.com,2024,Cultural Norms & Digital Etiquette,en,"Teclemariam, a black woman contributed to cancel culture in the food blog industry. She stood up for POC workers and resurfaced racist tweets and picture of the editor in chief of ‘ Bon Apetit ‘. This fueled underpaid and mistreated workers in the food industry to speak up about",negative
1186,x.com,2024,Group Dynamics & Peer Pressure,en,"A congresswoman who lives in an echo chamber, inside of a bubble. Her party is in dissaray and rudderless, so you distract and focus on the opposition. Make America Great Again is on its way, so get aboard and enjoy the successes. The glass is half full :-)",positive
1187,x.com,2024,Screen Time & Device Dependency,ja,あとゆるデジタルデトックスがんばる。,neutral
1188,x.com,2024,Screen Time & Device Dependency,ja,"黒豆味噌の行方が気になってました

ちょうど日照時間と重力の変わり目でしたね

私もデジタルデトックスしてました（笑

これからもM’sさんのライフハック
期待しております",positive
1189,bsky.app,2024,Screen Time & Device Dependency,id,"📱 Kecanduan teknologi diam-diam mengintai kehidupan kita!\nSering banget scroll medsos tanpa henti, ngecek HP tiap menit, atau cemas kalau jauh dari gadget? Jangan-jangan kamu butuh Digital Detox! 🛑✨",negative
1190,reddit.com,2024,Screen Time & Device Dependency,en,"Lefiya fans can be almost as delulu as ""Freya did nothing wrong"" fans. Like, all of her feats is basically doing the final strike on powerful enemies that gotbworn down by team effort. Like there's nothing wrong with that but her fans make it seem like she's doing this solo, as if she didn't also have an ability that lets her cast every single spell, bypassing the ""3 spells per person"" limit.

Like her characterization is ok I guess. She basically written as Bell but an elf woman. Except Bell was built from the ground up as a level 1 and Lefiya was trained from basically an elite private school before joining the Loki familia with all the resources she need to succeed.

And even after all that she's basically Megumin but less funny. Also I hate her cutting her hair. There, I said it. I don't care if it's a unpopular opinion. It's dumb. Oh and guess what? The most recent novels has her using swords not too different from Bell being a fighter and mage. Lefiya would have been better of she's written being being in Bell's shadow.

Screen time =/= good characterization. People like Bell because he started from zero. Lefiya started as a level 4 and never suffered as badly as Bell. It's also why people like Ryu so much because her dark past sets her apart. Lefiya feels like having all of Bell and Ryu's good parts and rewards without going through as much trauma as or hardwork as them. (Cause she's a genius remember?)",negative
1191,bsky.app,2024,Screen Time & Device Dependency,id,"💡 Detoks digital bukan cuma tren, tapi solusi nyata untuk kesehatan mental kita! Dengan bantuan mindfulness, kita bisa bangun hubungan lebih sehat dengan teknologi. 🧘\u200d♂️📵",positive
1192,x.com,2024,Group Dynamics & Peer Pressure,en,"You don’t see hybes mistreatment of newjeans. Anyways, general public in Korea support newjeans, while you apathetic person who can’t reason should tell exactly to yourself in this echo chamber.",neutral
1193,reddit.com,2024,Group Dynamics & Peer Pressure,en,"You brought up cultural differences in your post, what made you think to bring it up? Do you think there could be different expectations of what partnership looks like between the two of you, that potentially could have been stewing over time since long before this episode that is now bubbling over? 

I wonder, what if you posted on a Chinese sub for a different perspective? For example, the physical hits is not as much of a red flag as it is in US culture. Not my own take, but as a Chinese person I’ve lived it. How whitewashed is your wife or how much is she still tied to her roots? Does she have family saying things to her? Some Chinese generations see the man as the sole provider while the pregnant woman is hands-off all labour. Chinese culture is also context heavy with fewer explicit communications, your wife if with a Chinese husband may not need to outward express them because some things are culturally intrinsically understood, but she could be neglecting to communicate with you. 

I am in no way seeking to defend her actions but you did bring up cultural differences so I’m just focusing on that dialogue that no one else has continued. I am Chinese with an Aussie husband, I know “cultural differences”. It takes understanding and compromise and, if I may so, it takes the white person being able to see the other perspective seeing as she is the one living in your country, in your society. She lives *your* experience firsthand while potentially almost all of hers and her background is only second- or third-hand seen (seen, potentially not even lived or experienced) by you. Reddit is predominantly White. You’ll only ever be in an echo chamber.

Again, I’m not saying this with any consideration to your/her *actions*. I am very strictly focusing on the “mixed race couple” tag that your relationship has. I am just keen to advocate **in general** what it takes to make a mixed race relationship work, *in general*. Like, make them work outside of fights like this.

Be aware if she does have family saying things in her ear. I know my mom has tried. It really messes with you (by you I mean me and your wife).",positive
1194,navbharattimes.indiatimes.com,2024,Social Media & Psychological Well-being,hi,"बेटे से बात कराइए... जब थाने में बैठे थाना प्रभारी को साइबर ठगों ने लगाया कॉल, देखिए VIDEO",negative
1195,reddit.com,2024,Group Dynamics & Peer Pressure,en,"Hi! I am a woman and a feminist (by it’s technical definition of believing in equality) and just wanted to both get out of my echo-chamber, and give you guys a chance to get out of yours. Is there anything specifically that you feel like feminists should be aware of? Anything you want to know about my views/experiences? This can be both an AMA/tell me anything sort of vibe.",positive
1196,reddit.com,2024,Screen Time & Device Dependency,en,"I hate YouTube. It turns kids into zombies. My son gets a decent amount of screen time but YouTube is pretty much banned. It’s just a dopamine machine 

Go cold turkey, you won’t regret it.",negative
1197,x.com,2024,Social Media & Psychological Well-being,ja,初期の詩、直筆原稿を展示　群馬県立文学館　谷川俊太郎さんを追悼 https://jomo-news.co.jp/articles/-/572766… …群馬県立土屋文明記念文学館（高崎市）は、谷川さんの詩「ネロ―愛された小さな犬に」の直筆原稿を展示している。原稿は400字詰めで3枚あり、谷川さんが約70年前に書き、世に知られるきっかけとなった作品…,positive
1198,x.com,2024,Screen Time & Device Dependency,ja,ちょっとデジタルデトックス成功しすぎてた(やや遡る),positive
1199,x.com,2024,Screen Time & Device Dependency,ja,入ってくる情報とか評価が嫌すぎてデジタルデトックスするために一旦アカウントごと消してみました。すいません。メンタル嫌になってません。健康です。,negative
1200,x.com,2024,"Attention, Focus & Cognitive Load",en,"The audacity of Islamic Republic weasels like you is something to marvel at.
Iran has a lot of potential but that potential will only be realized in the absence of Islamic republic that has  brought nothing but theft of its resources, corruption, brain drain, murder of Iranian",positive
1201,youtube.com,2024,Screen Time & Device Dependency,en,"Insane Social Media Ban. In theory, more accountability online actualy doesn't sound so bad to me, but if those in control of it (the Government) go & misuse it, it can end in a very scary distopian nightmare of further online survailance & the loss of online privacy for us all and it juat gives off major vibes to me of china's social credit/monitoring/control system.
Now I do like the idea of people being more accountable for what people post online, but there also still has to be room for whistle blowers to stay anonymous & for people to have free & open discussions with out fear of unnecessary censorship. 
While missinformation & dissinformation are both major problems online these days. As well as social media algorithms that incentivize our worst impulses & surely have negative impacts on all our emotions & mental health.
The age stuff to me really isn't that big of an issue as parents can already set screen time limits with commonly available parental controls that we already have currently.",negative
1202,reddit.com,2024,Screen Time & Device Dependency,en,"The one ship I like enough to actively ship is not a presented option (I'm not much of a shipper; I'm mostly neutral towards the vast majority of ships, assuming they're not problematic, so there's really only one ship in CRK that I actively like), so I'mma cast my vote for Wildberry and Crunchy Chip. It might not be something I actively ship, but it is on the list of ships that I more passively enjoy and will nod my head in understanding-respect for, cause they did have some very cute interactions in Odyssey. Plus the majority of the ships here don't get a ton of screen time together (at least as far as I've seen), and the only ones aside from Wildberry and Crunchy chip that do have ample screen time together either have a lot of interpersonal stuff that they'd need to sit down and extensively talk out before I think it could work out (Pure Vanilla and White Lily) or has an unfortunate element of the lore working against them (I feel bad having to mention it, but Sherbet Cookie seems to have stopped aging when he turned into a frost spirit or whatever he's meant to be, while Cotton Cookie kept aging to be an old woman, and presumably will at some point die while Sherbet Cookie is stuck as an immortal being).",negative
1203,x.com,2024,Screen Time & Device Dependency,ja,"デジタルデトックスもたまには必要♪
良い機会だと受け止めて♫",positive
1204,theage.com.au,2024,Group Dynamics & Peer Pressure,en,"There is no tinderbox quite like that which sits at the heart of industrial relations in Australia’s aviation sector.  So one has to question why Virgin would risk igniting a flare-up with the powerful Transport Workers Union (TWU) by appointing a chief executive that the union is attempting to veto.  n nFor its part the union is firing a shot across the bow – designed to let its private equity owner Bain know that former Qantas executive Paul Jones could be a dangerous decision for the future of industrial relations harmony.  n nThis week, the TWU threatened it would withdraw its support for Virgin’s tie-up with Qatar Airways if the airline appointed Jones, who is currently Virgin’s chief customer and digital officer.  The partnership with Qatar is an important element in Virgin’s move to re-launch long-haul international services.  n nBut it’s a big swing for the union given having a say in any executive appointments sits well outside any union’s wheelhouse.  It doesn’t play directly into workers’ pay and conditions or even wider public interest issues like the environment.  n nSecondly, there is no confirmation that Jones is on the short list for the top job at Virgin that is being vacated by Jayne Hrdlicka.",neutral
1205,x.com,2024,Screen Time & Device Dependency,ja,"ありがとうございます！
急になんですよ　どちらかというと酔いが先行かもしれません
パソコンスマホでも酔い出したのでデジタルデトックスせいということかもしれません　在宅にしてもらいましたが進捗ダメです",neutral
1206,x.com,2024,Screen Time & Device Dependency,ja,"デジタルデトックス 
ケータイぶん投げてさっきの方の展示見に行こう",neutral
1207,x.com,2024,Screen Time & Device Dependency,ja,"デジタルデトックスは良いですねw
お風呂にゆったりつかったりしてまよいかも！
お大事にですー",positive
1208,bsky.app,2024,Cultural Norms & Digital Etiquette,en,"Made a casserole from leftover turkey, shell noodles, Velveeta, bonus kielbasa sausage, and breadcrumb top.\n\nQuite tasty. I think I may be making this in the future. A cheesy casserole with breadcrumb top in a 9x13 glass baking pan. Partially eaten. A serving spoon stuck unceremoniously in the dish.\n",neutral
1209,x.com,2024,Screen Time & Device Dependency,ja,"こばさん！こんにちは！
デジタルデトックスいいですよね
僕も昨日登山でデトックスしてきました",neutral
1210,says.com,2024,Screen Time & Device Dependency,en,"Yup, you read that right. Brain rot. After two weeks of public voting that included over 37,000 voters, the language experts have declared 'brain rot' as the definitive Word of the Year for 2024. The term has seen a 230% rise in usage over the past year. :O Last year, the word 'rizz' was crowned the winner. Rizz is a shortened term for 'charisma' and is used as a slang term that means someone's ability to attract a romantic partner through style, charm, or attractiveness. The term first became popular among Gen Z and Gen Alpha communities. It has since been used in a mainstream way to describe low-quality, low-value social media content. According to , it's ""the supposed deterioration of a person's mental or intellectual state, especially due to overconsumption of trivial or unchallenging material — now particularly online content."" Think hours of doomscrolling through memes, viral Reels and TikToks, videos, and more. All of that leads to 'brain rot'. ""There's no evidence that brain rot is a real condition,"" said Oxford University professor Andrew Przybylski. ""Instead, it bundles our anxieties about social media into a term that's equal parts critique and self-deprecating humour."" In the book writer and poet Henry David Thoreau wrote, ""While England endeavours to cure the potato rot, will not any endeavour to cure the brain-rot — which prevails so much more widely and fatally?"" His usage described society's tendency to devalue complex ideas, which leads to a general decline...",neutral
1211,mdr.de,2024,"Attention, Focus & Cognitive Load",de,"Dieses Buch, das 2024 den bekommen hat, führt mitten ins Gestirn.  Nyx, Aamon, Salvan, so und ähnlich göttlich heißen Figuren in Martina Hefters neuem Roman, und mittendrin stehen Juno und Jupiter.  Ein Künstlerpaar in mittleren Jahren, in Leipzig lebend, er leidet an Multipler Sklerose, sie an Schlaflosigkeit.  Aber ums Leid geht's hier kaum, sondern um das, was aus den Momenten wächst.  Da scrollt die schlaflose Juno durch ihre Nachrichtenanfragen bei Instagram und landet bei Love-Scammern, die mittelalten Frauen das Geld vom Konto säuseln.  Mit Witz und Ironie hebelt Juno diese Insta-Playboys aus – und geht trotzdem mit Benu aus Nigeria eine sonderbar-romantische Chatbeziehung ein.  Tanzen, Chatten, Tätowieren lassen,",neutral
1212,amarujala.com,2024,Social Media & Psychological Well-being,hi,"Ajmer News: साइबर ठगों को बैंक खाता देने वाले शातिर पुलिस के हत्थे चढ़े, डिजिटल अरेस्ट कर ठगे थे 90 लाख",neutral
1213,x.com,2024,Cultural Norms & Digital Etiquette,en,Cancel culture traumatized the woman who actively sought to cancel innocent Americans.,negative
1214,heraldo.es,2024,Cultural Norms & Digital Etiquette,es,"Hay costumbres en la cocina que, como el saber, se transmiten de generación en generación. En un hogar donde se trata de no desperdiciar nada, , sino que también . Por suerte, y que podemos tener listos en poco tiempo, o bien que no requieren muchos ingredientes. Si los protagonistas de estas elaboraciones son, encima, , es todavía mejor. Y es que, más allá , el recetario aragonés nos brinda gran cantidad de posibilidades para elaborar platos deliciosos que nos ayudan a . Uno de los mejores recursos para no tirar este alimento a la basura es hacer pan rallado, y con él podemos preparar recetas para chuparse los dedos. Es el caso de y que no nos lleva demasiado tiempo. Te contamos cómo hacer esta sencilla receta para la que necesitarás ingredientes que seguro que tienes en casa. Los , al que se puede añadir pimiento rojo que, con mayonesa y otros ingredientes hace que nos queden melosos por dentro y, rebozados con pan rallado, crujientes por fuera. Pero lo cierto es que el abanico es muy amplio y se puede . Aunque hay algunas donde los huevos van ""rellenos de azafrán"", una elaboración tan sencilla como deliciosa para la que necesitamos y que nos permite que, por la razón que sea, no se ha consumido.",neutral
1215,hindi.news18.com,2024,Social Media & Psychological Well-being,hi,"हरिकांत  शर्मा/आगरा:  अगर आप भी ऑनलाइन ट्रेडिंग, आईपीओ में इन्वेस्टमेंट या फिर ऑनलाइन शेयर में इन्वेस्टमेंट करने की सोच रहे हैं, तो आपको पहले यह खबर देख लेनी चाहिए.",neutral
1216,brisbanetimes.com.au,2024,Group Dynamics & Peer Pressure,en,"There is no tinderbox quite like that which sits at the heart of industrial relations in Australia’s aviation sector. So one has to question why Virgin would risk igniting a flare-up with the powerful Transport Workers Union (TWU) by appointing a chief executive that the union is attempting to veto. For its part the union is firing a shot across the bow – designed to let its private equity owner Bain know that former Qantas executive Paul Jones could be a dangerous decision for the future of industrial relations harmony. This week, the TWU threatened it would withdraw its support for Virgin’s tie-up with Qatar Airways if the airline appointed Jones, who is currently Virgin’s chief customer and digital officer. The partnership with Qatar is an important element in Virgin’s move to re-launch long-haul international services. Paul Jones, Chief Customer and Digital Officer for Virgin Australia. But it’s a big swing for the union given having a say in any executive appointments sits well outside any union’s wheelhouse. It doesn’t play directly into workers’ pay and conditions or even wider public interest issues like the environment. Secondly, there is no confirmation that Jones is on the short list for the top job at Virgin that is being vacated by Jayne Hrdlicka. He has been widely reported in the echo-chamber of media reports as the front-runner and Virgin’s only internal candidate. Loading Unions across most industries wouldn’t consider buying into an owner or board’s right...",neutral
1217,theage.com.au,2024,Group Dynamics & Peer Pressure,en,"There is no tinderbox quite like that which sits at the heart of industrial relations in Australia’s aviation sector. So one has to question why Virgin would risk igniting a flare-up with the powerful Transport Workers Union (TWU) by appointing a chief executive that the union is attempting to veto. For its part the union is firing a shot across the bow – designed to let its private equity owner Bain know that former Qantas executive Paul Jones could be a dangerous decision for the future of industrial relations harmony. This week, the TWU threatened it would withdraw its support for Virgin’s tie-up with Qatar Airways if the airline appointed Jones, who is currently Virgin’s chief customer and digital officer. The partnership with Qatar is an important element in Virgin’s move to re-launch long-haul international services. Paul Jones, Chief Customer and Digital Officer for Virgin Australia. But it’s a big swing for the union given having a say in any executive appointments sits well outside any union’s wheelhouse. It doesn’t play directly into workers’ pay and conditions or even wider public interest issues like the environment. Secondly, there is no confirmation that Jones is on the short list for the top job at Virgin that is being vacated by Jayne Hrdlicka. He has been widely reported in the echo-chamber of media reports as the front-runner and Virgin’s only internal candidate. Unions across most industries wouldn’t consider buying into an owner or board’s right to...",neutral
1218,theage.com.au,2024,Group Dynamics & Peer Pressure,en,"There is no tinderbox quite like that which sits at the heart of industrial relations in Australia’s aviation sector. So one has to question why Virgin would risk igniting a flare-up with the powerful Transport Workers Union (TWU) by appointing a chief executive that the union is attempting to veto. For its part the union is firing a shot across the bow – designed to let its private equity owner Bain know that former Qantas executive Paul Jones could be a dangerous decision for the future of industrial relations harmony. This week, the TWU threatened it would withdraw its support for Virgin’s tie-up with Qatar Airways if the airline appointed Jones, who is currently Virgin’s chief customer and digital officer. The partnership with Qatar is an important element in Virgin’s move to re-launch long-haul international services. Paul Jones, Chief Customer and Digital Officer for Virgin Australia. But it’s a big swing for the union given having a say in any executive appointments sits well outside any union’s wheelhouse. It doesn’t play directly into workers’ pay and conditions or even wider public interest issues like the environment. Secondly, there is no confirmation that Jones is on the short list for the top job at Virgin that is being vacated by Jayne Hrdlicka. He has been widely reported in the echo-chamber of media reports as the front-runner and Virgin’s only internal candidate. Unions across most industries wouldn’t consider buying into an owner or board’s right to...",neutral
1219,x.com,2024,Screen Time & Device Dependency,tr,"Twitter dili ve edebiyatına hakim olmayanlarla yazışmak çok zor aq herkes lütfen ekran süresini arttırsın 
İçerde yak diyorum yangın mı çıkarayım diyor…",neutral
1220,amarujala.com,2024,Social Media & Psychological Well-being,hi,UP: साइबर ठगों का वो गैंग...जिसमें बने एजेंट और छह महीने में 110 करोड़ कमाए; सरगना सहित पांच गिरफ्तार,negative
1221,x.com,2024,Screen Time & Device Dependency,ja,すみません、出張用のSIMカードの仕様なのかビザ緩和されてネット規制も緩和されたのか分からないんですが、なんか普通に日本のネット使えました！！！！！デジタルデトックス断念します……,neutral
1222,x.com,2024,Social Media & Psychological Well-being,ja,"【次回ハテンコウこちらDEATH】

2025/2/2新宿club SCIENCE
shosai is chottomatte... 

ヴォ！フクモト原点
ギタ！JOMO
ベス！???
ドラ！HARA-CHANG

予約
hatenkoufromjapan@gメール
DM
ハテンコウ公式LINE",neutral
1223,x.com,2024,Screen Time & Device Dependency,ja,デジタルデトックスってデジタル機器を使ってデジタルな世界にツイート,neutral
1224,x.com,2024,Cultural Norms & Digital Etiquette,id,"Cancel culture ga ngaruh, soalnya yg bisa nge cancel nih gus2an cuma Pak 
@prabowo
 

Gmn nih, Pak? Cancel ajalah nih staf Bapak",neutral
1225,x.com,2024,Cultural Norms & Digital Etiquette,en,"Watching Woke culture from India,it seemed like USA was a decaying,degenerate society with no common sense. How else would you explain cancel culture,legalised theft,pronoun insanity,mutilation of children etc?
Turns out most Americans were normal people who were equally appalled",positive
1226,reddit.com,2024,Screen Time & Device Dependency,en,"My two cents 

India takes great pride in being an emerging economy, but unfortunately, things are not moving in the right direction. Politicians and their policies are failing to do enough to improve the standards of living, whether through education, job opportunities, or socioeconomic safety. To make matters worse, apps like Instagram, Facebook, and Snapchat are diminishing people’s attention spans and encouraging excessive screen time with little to no benefit. In short, if this trend continues, we are bound to face dire consequences.",negative
1227,reddit.com,2024,Screen Time & Device Dependency,en,"My two cents 

India takes great pride in being an emerging economy, but unfortunately, things are not moving in the right direction. Politicians and their policies are failing to do enough to improve the standards of living, whether through education, job opportunities, or socioeconomic safety. To make matters worse, apps like Instagram, Facebook, and Snapchat are diminishing people’s attention spans and encouraging excessive screen time with little to no benefit. In short, if this trend continues, we are bound to face dire consequences.",negative
1228,x.com,2024,Screen Time & Device Dependency,ja,ちゃんとデジタルデトックスをしろ　はい,positive
1229,x.com,2024,Screen Time & Device Dependency,ja,風くんの服で金欠になるしデジタルデトックスしよ…（ただしアプリは回す）,neutral
1230,x.com,2024,Screen Time & Device Dependency,ja,サウナはそこまで好きじゃないんだけど、アレの魅力って強制的にデジタルデトックスの時間を作れることにあるのかしら,neutral
1231,x.com,2024,Screen Time & Device Dependency,ja,メルカリ人と喋らなあかんのだるいわ匿名やからってなんでも言ってきやがってという気持ち。デジタルデトックス希望。,neutral
1232,x.com,2024,Group Dynamics & Peer Pressure,ja,"最後のアレで

｢これがエコーチャンバーというもの……｣

みたいになって芸術点高い。",positive
1233,reddit.com,2024,Group Dynamics & Peer Pressure,en,"And so, the complete separation of Americans into their own echo chambers has begun.

In a year, the left and the right will have 0 common interactions and will not be able to agree on any version of reality.

Kinda impressive by whoever is doing it (likely Russia, or China).",neutral
1234,x.com,2024,Screen Time & Device Dependency,ja,デジタルデトックスのススメ。,neutral
1235,x.com,2024,Screen Time & Device Dependency,en,"Jimmy O. Yang Of ‘Silicon Valley’: Asians Who Aren''t Hunks Need Screen Time, Too!. What are you going to tell me? Don’t represent me on TV because I don’t look like Chow Young Fat? Like f**k you, dude! #SiliconValley",negative
1236,x.com,2024,Social Media & Psychological Well-being,en,"of ways. Unchecked abuse of social media is creating a toxic environment, where cyberbullying, online harassment, defamation, and copyright violations abound.
https://kuenselonline.com/making-social-media-safe-constructive-and-vibrant/…
#socialmedia #Bhutan",negative
1237,x.com,2024,Group Dynamics & Peer Pressure,en,"Since the fall of autocrat Sheikh Hasina, there is an increase of inflammatory media commentary and political rhetoric against Bangladesh coming from certain Indian quarters. There is now an echo chamber filled with misinformation, fuelling persistent anti-Bangladesh sentiment.",negative
1238,x.com,2024,Screen Time & Device Dependency,ja,"温泉入ってアカスリして岩盤浴して涼み中 アロマが入ってて爽やか空間で、整えてます ラグジュアリー空間なクールダウン部屋だわ

良い感じにデジタルデトックスだなぁ

さて、何食べよう…",neutral
1239,x.com,2024,Screen Time & Device Dependency,es,"Descubre cómo una de las 10 principales empresas de e-commerce en la India acelera la migración a la nube identificando las dependencias de las aplicaciones. Gracias a CAST Highlight, migraron las 265 aplicaciones a AWS en menos de dos meses.
https://hubs.la/Q02Z-DPh0",positive
1240,x.com,2024,Screen Time & Device Dependency,ja,"3時間くらいしたよ？デジタルデトックス
忙しくて見れんかっただけだけどw",neutral
1241,x.com,2024,Screen Time & Device Dependency,ja,今日デジタルデトックスする,neutral
1242,x.com,2024,Cultural Norms & Digital Etiquette,id,"kalo army tolol lu apa? lu ngefans sama cowo yg punya banyak skandal salah satunya merendahkan perempuan, bahkan di negaranya sendiri udh dapat cancel culture, lah lu masih memuja muja dia.",negative
1243,x.com,2024,Screen Time & Device Dependency,ja,"Ｙ田はまだソイラテやむぎこがどうしたとかやっているのか
リアルで存在感がないからSNSではっちゃけているのか？
デジタルデトックスをお勧めします。",neutral
1244,openpr.com,2024,Screen Time & Device Dependency,en,"Myopia And Presbyopia Treatment Market Key Trends, Innovations, and Growth Opportunities Shaping the Future of Vision Health 12-03-2024 07:29 AM CET | Health & Medicine Press release from: Polaris Market Research & Consulting Myopia And Presbyopia Treatment Market The rising screen time of smartphones, tablets, and other media devices is causing more harm to people's eyesight. Based on myopia treatment type analysis, in 2021, the corrective segment accounted for the largest revenue share. By region, in 2021, North America held the largest revenue share. This Report Addresses: •The myopia and presbyopia treatment market was valued at USD 15.82 billion in 2021 and is expected to grow to USD 30.66 billion by 2030. •The market is anticipated to exhibit a CAGR of 7.6% during the forecast period. •The market is mainly segmented on the basis of myopia treatment type, presbyopia treatment type, and region. •During the projection period, Asia Pacific is anticipated to exhibit the highest CAGR. Get Exclusive Sample Pages of This Report: https://www.polarismarketresearch.com/industry-analysis/myopia-presbyopia-treatment-market/request-for-sample Market Overview: Presbyopia and myopia are words that refer to eye problems. Myopia hinders the ability to see distant objects, while presbyopia hinders the natural lens from focusing on both near and far objects. Presbyopia impacts individuals in the age range of 40 to 50 years old. Surgical procedures and pharmaceuticals can both be used to...",positive
1245,reddit.com,2024,Group Dynamics & Peer Pressure,en,"Whatever ,  the  argument you are supporting is also a product of the eco chamber  and many people like you don't want to criticise such antics as they relate it deeply to identity or how you could they  admit that this is their guilty pleasure. I enjoy watching circuses but that  doesn't  make circus work of art

Those who at any  cost win the argument and if someone doesn't give importance , start using kid for demeaning .Grow up bro , there are many people in India who don't like such antics  and it's you who is living in echo chamber",positive
1246,x.com,2024,Cultural Norms & Digital Etiquette,id,"tolong cancel culture gus gus yg sangat tidak mendidik seperti ini.
dia menghina bapak penjual es teh TAPI LUPA NGGAK NGACA KALAU DIA BERKALI-KALI LEBIH HINA.

NGGAK ADA YG SALAH DENGAN JUALAN ES TEH YA GUS ANJING.",negative
1247,x.com,2024,Social Media & Psychological Well-being,en,"Malaysia amending comms law to address online gambling, scams

Read more here: https://asiacasino.org/post/malaysia-amending-comms-law-to-address-online-gambling-scams/?utm_source=twitter-article120324d&utm_medium=social…

#malaysia #onlinegambling #law #crime #scam #cyberbullying #onlineharm #pantaidalam #kualalumpur #asiacasinonews",neutral
1248,x.com,2024,Group Dynamics & Peer Pressure,id,"Sodara gue yg anti islam isi twtnya echo chamber kelakuan jelek imigran dan refugee all around the world

Terus gue anti patriarki isi twtnya jadi opini jelek laki2 atau perempuan misoginis AHELAHHHH",negative
1249,x.com,2024,Screen Time & Device Dependency,ja,"熱のみならず気も落ちてて
デジタルデトックスをしてるかと思うくらい携帯に触ってなかった…

なんとか出勤できるくらいには治りました…が…お通し作れるほどの余裕はありませんでした

まぁよくうるさいと言われるのでこれくらいがちょうど良いんじゃないと思う方は是非お越しくださいw",neutral
1250,x.com,2024,Social Media & Psychological Well-being,en,"The I/O under directions of the employment agent has now put together a file to 
@ODPP_KE
 to cover up their mischief, claiming the poor woman is party to cyberbullying. All she did was tell friends about her dilemma with the confiscated passport 
Aoko
Riggy G 
Farouk Kibet 
Uhuru",negative
1251,x.com,2024,Screen Time & Device Dependency,ja,"もうX見たくない
デジタルデトックスします",neutral
1252,x.com,2024,Screen Time & Device Dependency,ja,"デジタルデトックスする時間作ろう。

スマホだけに色んな機能を要請するのはやめて分散する。",neutral
1253,x.com,2024,Screen Time & Device Dependency,ja,これはほんまにそう、デジタルデトックスしても大学行くだけやとそんなに不便なかったりする,neutral
1254,x.com,2024,Screen Time & Device Dependency,ja,"おはよう！！！！！！！
携帯持って出掛けるの忘れてこの時間までデジタルデトックス(強制)してました、、さかたさんのツイートすら見られなくて寂しかったよえんえん、、
ご移動の際はお気を付けて！！！",positive
1255,x.com,2024,Cultural Norms & Digital Etiquette,en,I think he is really smart for trying to seize every opportunities &earn as much money as possible.Being an artist is only time limited especially Cancel culture is easy in China even for such trivial things & you're innocent.Better to live comfortably afterwards with lots of,positive
1256,x.com,2024,Group Dynamics & Peer Pressure,ja,現行の制度は世界でも稀な不合理な制度です。本当です。SNSアルゴリズムやエコーチェンバー現象を避けるため、できれば検索エンジンで調べてみてください。,neutral
1257,bsky.app,2024,Persuasive Design & Algorithm Ethics,ja,アテンション・エコノミーて初めて聞く言葉だったけど、日頃漠然とそのような傾向が強くなっているなあと思っていた事象を表す言葉だった。情報の質より話題性重視した方が経済的利益が大きいことを指摘した言葉か…。,positive
1258,x.com,2024,Social Media & Psychological Well-being,hi,"INDORE–सायबर धोखेबाजों के फर्जी कॉल में अचानक बढ़ोतरी, पुलिस अधिकारियों तक को ठगने की कोशिश जारी.... 
.
.
.
.
.
.
.
.
.
.",negative
1259,x.com,2024,Cultural Norms & Digital Etiquette,ja,ナウルの件など国際問題を起こしたりキャンセルカルチャーを起こす人たちですからね…合成音声というᗩ 𝐈を使ってる企業サイドとしては当然のリスクヘッジかと思います,negative
1260,x.com,2024,Cultural Norms & Digital Etiquette,id,"Gus pler ya gus2 mereka orang , nir etika. Semoga gus2 pler itu kena cancel culture",positive
1261,capitalfm.co.ke,2024,Social Media & Psychological Well-being,en,"NAIROBI, Kenya, Dec 3 — The National Treasury has begun searching for a new Director General (DG) for Public-Private Partnerships (PPP), following the ouster of former office holder Christopher Kirigwa in March. Click here to connect with us on WhatsApp In an advertisement issued through the Public Service Commission (PSC), the Treasury stated that the DG will spearhead efforts to enhance the efficiency and effectiveness of PPPs across the country. “The details of the post and mode of application can be accessed on the Commission’s website,” the advertisement noted. “Interested and qualified persons are required to submit their applications online.” This recruitment drive comes at a time of heightened scrutiny of PPPs, following the controversial cancellation of Adani Group deals by President William Ruto on November 21. The cancellations came after the U.S. Department of Justice indicted the Indian conglomerate for orchestrating a $250 million bribery scheme to secure solar energy contracts in India. In his State of the Nation address, Ruto announced the termination of PPPs for the expansion of Jomo Kenyatta International Airport (JKIA) and projects under the Kenya Electricity Transmission Company Limited (KETRACO), citing recent revelations.",negative
1262,navbharattimes.indiatimes.com,2024,Social Media & Psychological Well-being,hi,ग्वालियर:  साइबर ठगों के हौंसले बुलंद होते जा रहे हैं।  ग्वालियर के रहने वाले एक आयुर्वेदिक डॉक्टर को ठगों ने दो दिनों तक डिजिटल अरेस्ट करके रखा।  उनसे 21 लाख रुपए ठग लिए।,negative
1263,bsky.app,2024,Persuasive Design & Algorithm Ethics,ja,そういえば「アテンション・エコノミー（注意経済）」という言葉、知名度も高くなってきたので注釈なしで使ってしまってるけど、何？となる人は、とりあえずNetflixのドキュメンタリー『監視資本主義 デジタル社会がもたらす光と影』とか見てもらえれば。\n「注意（アテンション）」は現代最強の資源と言ってよく、テクノロジー大手らが大金を費やして奪い合っている。程よく付き合えればいいが、それに振り回されれば弊害も大きい。日常使ってるSNSやサービスが「関心を引く」「ハマらせる」プロが全力を投じた技術の結晶という事実は認識しておいて損はないかと…。\nwww.netflix.com/title/81254224,neutral
1264,x.com,2024,Cultural Norms & Digital Etiquette,en,"Yet tell a grown woman she has nice legs and you are hounded…..
Self righteous cancel culture gone mental",neutral
1265,x.com,2024,Cultural Norms & Digital Etiquette,id,"Ngrasa udah booking rumah di surga itu si miftah goblok ,,please bawa cancel culture ke indonesia,,biar kapok org2 kayah miftah itu ga ada penghasilan",neutral
1266,reddit.com,2024,Group Dynamics & Peer Pressure,en,"You definitely haven't used China's TikTok. In fact, it's full of anti-intellectual remarks and all kinds of conspiracy theories. I even saw many people on China's TikTok arguing over what the result of 0.4\*0.5 is, and nearly half of the TikTok users will get it wrong.

And in fact, China's TikTok is where you can see the most anti-CCP remarks. On TikTok, a large number of people believe that the current CCP has betrayed its original intention and is no longer for the people. So every time I see you say that the CCP controls TikTok, I feel very surprised.

So whether in China or abroad, TikTok is a place without supervision and full of echo chambers, where all anti-government people gather. If a government is changed, they will criticize the government again, and then they will not make any practical suggestions, but just criticize and vent their emotions. There are many, many fools echoing each other. Many Chinese people really hate TikTok.",negative
1267,x.com,2024,"Attention, Focus & Cognitive Load",ja,"【PUNK新品 新入荷情報】

●DEECRACKS WITH ANDREA MANGES / BRAIN DRAIN
輸入CD
輸入LP
●V.A. / AFRIKA CORPS. 10 PUNK BANDS FROM REPUBLIC OF SOUTH AFRICA
輸入LP
●YOBS / THE WORST OF THE YOBS
輸入LP
ect…",neutral
1268,x.com,2024,Group Dynamics & Peer Pressure,ja,支持されてると思ってるのはお仲間で好意を循環させてるからエコーチェンバーで勘違いしてる,neutral
1269,x.com,2024,Screen Time & Device Dependency,id,"Iya bjil... jeongwoo seakan gk dibolehin menonjol di starlight boys maaf yaa.. bukan gimana² tapi di starlight boys yg di sorot itu² mulu, yg kelihatan nyata dia famous fansnya banyak dan royal, lainnya cuma seuprit. Bener-bener jeongwoo dapet screen time itu berharga bgt",neutral
1270,x.com,2024,Cultural Norms & Digital Etiquette,ms,lebih kesel lagi udah tau kalo sering ngelakuin kesalahan tapi ngga di cancel culture,neutral
1271,x.com,2024,"Attention, Focus & Cognitive Load",en,"Fuel at its highest.
Electricity at its highest 
Cost of living at its highest
No 100 billion dollar investment via daddy whiskey 
Massive brain drain because of dictatorial throttling of Internet and no opportunities.
Killing Pakistani citizens/ lashon ki sayasat. 

Ghaddar Saad",neutral
1272,x.com,2024,Cultural Norms & Digital Etiquette,id,sumpah ya Allah pliss terapin cancel culture buat tuh orang,neutral
1273,x.com,2024,Cultural Norms & Digital Etiquette,id,"Tapi herannya org kaya gini panjang umur, di dunia dikasih enak trs, ga ada cancel culture pula",negative
1274,threads.net,2024,Screen Time & Device Dependency,ja,"『マッチングアプリ依存症』
香山リカ
内外出版社",neutral
1275,bhaskar.com,2024,Social Media & Psychological Well-being,hi,अम्बेडकरनगर पुलिस ने साइबर ठगी के शिकार हुए 11 लोगों के खाते में 21 लाख 75 हजार रुपए वापस कराए।  यह राशि 1 अगस्त से 2 दिसंबर के बीच ठगी के मामलों में बरामद की गई।,neutral
1276,npr.org,2024,Screen Time & Device Dependency,en,"Last October, Claire Pauley and her husband Mitchell Rutherford learned they were expecting their first child. However, Rutherford kept forgetting about his wife's pregnancy. There was something else on his mind. ""I mean, when I went to school, I would forget that we were pregnant and I would come home and I wouldn't remember until my wife would say something about it,"" Rutherford said. ""I'd come home and just collapse on the floor. I was suicidal at times."" He was a high school biology teacher in Tucson, Ariz. and his students' near-constant smartphone use was taking a toll on his well-being. So when summer rolled around after his eleventh year in the classroom — he quit. ""I came to realize that the phone addiction that the students were struggling with was causing severe mental health problems for me, preventing me from being a good husband,"" Rutherford said. Some states are trying to legislate against pervasive phone use in schools. Florida, South Carolina and Louisiana have statewide restrictions — and states like California, Indiana, Minnesota, Ohio and Virginia have policies requiring districts or schools to create policies banning phones, according to findings from EducationWeek . During the 2023-2024 academic year, Rutherford says his students were significantly more disengaged. He felt like he wasn't making a difference. ""Most of the people in the class, they've got their headphones in, they've got their phones on. They're not actually listening,"" Rutherford said....",negative
1277,x.com,2024,Cultural Norms & Digital Etiquette,id,Sudah saatnya cancel culture itu,neutral
1278,x.com,2024,Cultural Norms & Digital Etiquette,id,he told sexist jokes too????  sadly ini manusia ga kena cancel culture padahal dari dulu uda problematik (?),negative
1279,x.com,2024,Screen Time & Device Dependency,ja,"人生と仕事に役立つという「映画」②

〝スマホ疲れ〟にも効果的
スマホのもたらす刺激に依存している多くの人は、その状態が不健全であることを本能的に感じている
自己嫌悪に陥っているときに映画を観ることは、ある種のデジタルデトックスになるのだと
詳しくはラジオで",neutral
1280,x.com,2024,Digital Boundaries & Relationships,en,"Go protect the newly invented digital boundaries of Pakistan.

Just remembered your another core commander is now settled in Qatar as ambassador 

Keep sucking the blood out of Pakistani people",neutral
1281,x.com,2024,Group Dynamics & Peer Pressure,en,"Since the fall of autocrat #SheikhHasina, there is an increase of inflammatory media commentary and political rhetoric against Bangladesh coming from certain Indian quarters. There is now an echo chamber filled with #misinformation, fuelling persistent anti-Bangladesh sentiment.",negative
1282,bhaskar.com,2024,Social Media & Psychological Well-being,hi,साइबर ठगों के निशाने पर इन दिनों एसीबी के डीजी को निशाना बनाया हुआ हैं।  उनकी फोटो का इस्तेमाल कर के पैसे की डिमांड की जा रही हैं।,neutral
1283,x.com,2024,Screen Time & Device Dependency,ja,知らない人の興味無いツイートに一喜一憂したくないので、そろそろデジタルデトックスします。,neutral
1284,x.com,2024,Social Media & Psychological Well-being,hi,"साइबर अपराध से सुरक्षित रहना है तो हर डिजिटल व्यवहार में अपनानी होगी समझदारी व सतर्कता। 

पूरी समझदारी के साथ ऑनलाइन काम करेंगे तो आप अपने साथ-साथ दूसरों को भी साइबर अपराधों से बचा सकते हैं। 

साइबर अपराध की शिकायत साइबर क्राइम हेल्पलाइन 1930 या http://cybercrime.gov.in  पर करें।",neutral
1285,x.com,2024,Group Dynamics & Peer Pressure,ja,B層がネットをするとアルゴリズムによるフィルターバブルとエコーチェンバーにより、ネトウヨができあがります。貴方も気をつけてください。,neutral
1286,x.com,2024,"Attention, Focus & Cognitive Load",en,"Indians are not provided loans by local banks for overseas studies, that is not true.

There’s no way Pakistan should support the brain drain, unless students are committed to coming back to the country to help it develop.",neutral
1287,x.com,2024,Cultural Norms & Digital Etiquette,id,Dia ngajarin apa di pesantrennya kelakuannya aja kek biawak. Cancel culture,neutral
1288,x.com,2024,Social Media & Psychological Well-being,en,"#Australia just became the first country to ban kids under 16 from social media like Instagram, Facebook, and TikTok.

Will #India follow suit to protect its youth from the dangers of online addiction, cyberbullying, and mental health issues? #SocialMediaBan #India",neutral
1289,x.com,2024,Screen Time & Device Dependency,ja,"X(蔑称)からしばらく離れて、デジタルデトックスするのも悪くないのかもしれない…
もう完全に中毒なんですけどね、手遅れ",neutral
1290,x.com,2024,Screen Time & Device Dependency,ja,デジタルデトックスしとく時間やな,neutral
1291,x.com,2024,Screen Time & Device Dependency,ja,"ALT「デジタルデトックスなのに」

 #腐れ縁の遥香",neutral
1292,x.com,2024,Cultural Norms & Digital Etiquette,ja,有名大学の極左化は世界的な傾向。WOKE(目覚めた者)となりLGBTQ、ポリコレ、キャンセル・カルチャー、移民推進などの極左思想を実践する。パレスチナ支持を謳いイスラム勢力と結びつき易く時に暴力も厭わない。公務員、判事・検事・弁護士、政治家、金融機関、有名企業などに幅広く存在してそう。,neutral
1293,x.com,2024,Cultural Norms & Digital Etiquette,id,"Ini gus2san kenapa gak kena cancel culture ya padahal pernah viral yang nyakitin istrinya, sekarang malah goblok’in bapak penjual es. Semoga rezeki bapaknya setelah ini amat sangat melimpah aamiin…",positive
1294,x.com,2024,Screen Time & Device Dependency,ja,デジタルデトックス,neutral
1295,x.com,2024,Screen Time & Device Dependency,ja,"デジタルデトックス
ツイ禁とかをちょいちょいやってみて割とまあやりたいことやれたからどれだけSNSに時間取られとるか身をもって感じてるので来年もちょこちょこツイ禁したい",neutral
1296,x.com,2024,Social Media & Psychological Well-being,en,"#Australia just became the first country to ban kids under 16 from social media like Instagram, Facebook, and TikTok.

Will #India follow suit to protect its youth from the dangers of online addiction, cyberbullying, and mental health issues? #SocialMediaBan #India",neutral
1297,x.com,2024,Screen Time & Device Dependency,hi,माता-पिता को इस बारे में जागरूक रहना चाहिए और बच्चों के स्क्रीन टाइम पर ध्यान देना चाहिए।,neutral
1298,x.com,2024,Screen Time & Device Dependency,ja,5日までデジタルデトックスや(,neutral
1299,bsky.app,2024,Screen Time & Device Dependency,ja,バレ踏んでないしどうせなら紙で手に入れるまでデジタルデトックスしようかな･･･\n明日の午後まで🤔\nＫ学の続きも劇場版も楽しみ😆,neutral
1300,theweek.in,2024,Screen Time & Device Dependency,en,"Ernakulam, Kerala, India – Business Wire India Federal Bank has launched an extraordinarily transformative initiative ""Kaliyum Karyavum"", an event aimed at educating school children on essential life skills through captivating traditional art forms. With a history spanning over 90 years, Federal Bank, deeply rooted in Kerala, is leveraging its profound understanding of the state's cultural legacy to make learning engaging and impactful. Today’s students are the future architects of our economy. And the Bank’s mission has always been more than just banking – it’s about empowering the next generation. ""Kaliyum Karyavum"" is designed to bring age-old cultural forms to the present generation, using them as a medium to teach financial literacy, time management, and healthy digital screen usage habits. The event will feature traditional art forms such as Theyyam, Chakkayarkooth etc, which will be creatively adapted to convey important messages about managing finances, the value of time, and the importance of balancing screen time with other activities. According to M V S Murthy, Chief Marketing Officer, Federal Bank, “Kerala is the land of mystique, mystery and majesty. The richness and diversity of its culture is reflected in the topography, the architecture, the food and the art forms. A day in the life of any Keralite cannot pass without touching the Federal Bank. With such a deep and everyday connect, we are attempting to bring in the legendary art forms in a contemporary...",positive
1301,x.com,2024,Group Dynamics & Peer Pressure,en,"Not though is it.

Woman celebrates her PhD and gets massive piles on.

We used to celebrate knowledge. Imagine spending another 7 years or so in academia and then get slaughtered and rape threats for saying look what i did

Twitters a massive echo chamber..
It's an echo chamber",neutral
1302,youtube.com,2024,Social Media & Psychological Well-being,en,"Social Media Ban. There is another point: children and young people can use their parent's accounts. There have been a lot of such incidents in China after access to online gaming was banned for all minors in the country. Soon, some children started to use their grandparents' ID cards to register gaming accounts and others sent as many as 20k yuan (a few thousand AUD approximately) to internet celebrities through their parents' accounts logged on their parents' smartphones. Such incidents overwhelmingly happen to parents with low socioeconomic backgrounds who have little tech literacy, so they are not aware of the fact that they can be easily outsmarted by 10-year-olds.
Turns out, parents are responsible for everything. If parents can't have a grip on their children's online life, nothing will work. I am so pissed off by all these old politicians who believe that they are better at technology than kids, which is so obvious for us who were once the most tech literate person in the family as pre-teens. And that eventually leads to the problem of widening socioeconomic inequality, especially since the Great Recession, which unsurprising is the problem that nobody wants to talk about.",negative
1303,hindi.news18.com,2024,Social Media & Psychological Well-being,hi,"आगरा.  आगरा पुलिस ने एक ऐसे गैंग का खुलासा किया है, जो अलग-अलग लोगों से लगभग 110 करोड़ रुपये की ठगी कर चुका है.  गैंग के पांच शातिर सदस्यों को गिरफ्तार किया है.",negative
1304,x.com,2024,Social Media & Psychological Well-being,hi,"ऑनलाइन हॉस्पिटल अपॉइंटमेंट बना साइबर ठगी का जरिया। फेक फिशिंग पेज बनाकर लोगों के साथ ठगी कर रहे हैं साइबर अपराधी। 

इससे बचना है तो डिजिटल प्लेटफॉर्म पर नजर आने वाली डॉक्टर या अस्पताल की जानकारी को पुख्ता करना न भूलें

साइबर अपराध की रिपोर्ट तुरंत http://cybercrime.gov.in पर करें",negative
1305,youtube.com,2024,Group Dynamics & Peer Pressure,en,Iraqi President Trump VND RV Celebrate December 2024. If its not on forex then it's bullshit and u clout chasing for views and likes.. putting out false news or information that was already spoke on. Clout chasing 101,negative
1306,x.com,2024,Screen Time & Device Dependency,ja,また余計なこと呟き始めたのでデジタルデトックス、、、,neutral
1307,x.com,2024,Screen Time & Device Dependency,ja,効果測定ですが、来週に控えてるデジタルデトックスウィークにしてこようと思います　報告はデトックス明けにしますね,positive
1308,x.com,2024,"Attention, Focus & Cognitive Load",en,"India faces a brain drain as students flock to U.S. grad programs. Rising costs strain families, and local institutions lose talent. Investing in education & opportunities is key to retaining talent.

#Data #HigherEducation #IndianStudents #DataAnalytics #indiausrelations",neutral
1309,x.com,2024,Screen Time & Device Dependency,ja,スマホを忘れ出勤したからいい感じにデジタルデトックスになるかと思いきや、社用携帯が鳴りまくりでそれどころじゃなかった。,neutral
1310,x.com,2024,Cultural Norms & Digital Etiquette,id,Udah saatnya ada cancel culture di sini,neutral
1311,x.com,2024,Cultural Norms & Digital Etiquette,en,CANCEL CULTURE HARUS ADA DI INDONESIA UNTUK ORANG MACAM MIFTAH. BOIKOT AJA NIH ORANG. MUAK GW,neutral
1312,x.com,2024,Cultural Norms & Digital Etiquette,id,"Miftahul miftahul gus2an itu mending diabaikan, jangan dikasih panggung deh, cancel culture yang sesungguhnya. Kalo ada media yang beritain dia, hate comment aja page beritanya....",negative
1313,x.com,2024,Cultural Norms & Digital Etiquette,id,Orang ini bisa ga sih dapet cancel culture aja,negative
1314,x.com,2024,Cultural Norms & Digital Etiquette,id,"Ini kalo ada event yg masih ngundang gus2an ini, trus diserang netijen ngata2in si gus2an ini, ngundangnya bakal batal ngga ya??? 
Apakah bisa dilakukan cancel culture dengan cara begitu?",negative
1315,x.com,2024,Cultural Norms & Digital Etiquette,id,Sudah waktunya cancel culture gus-gusan gak jelas ini,neutral
1316,x.com,2024,Cultural Norms & Digital Etiquette,id,"Enak buat di cancel culture cing, orang kayak gitu sampah yang sesungguhnya sampah",negative
1317,x.com,2024,Cultural Norms & Digital Etiquette,id,"Yuk normalize cancel culture mulai sekarang, jangan kasih panggung dah Gus2 gak jelas ini..",neutral
1318,x.com,2024,"Attention, Focus & Cognitive Load",en,"In 2023, 2.16 lakh Indians gave up their citizenship—a stark indicator of deeper societal issues. While this is often attributed to ""brain drain,"" focusing solely on wealth and career opportunities abroad oversimplifies the reality. 

Many are leaving for fundamental rights and a",neutral
1319,x.com,2024,Cultural Norms & Digital Etiquette,id,gue rasa beneran ni orang kudu di cancel culture. si yg katanya ngerti agama tp kelakuannya kek setan begitu. gue yakin kl istrinya speak up pasti banyak kebongkar kelakuan2 gilanya. tolong sadar wey gausah ngundang ni orang lagi dah dihh boycott,negative
1320,x.com,2024,Cultural Norms & Digital Etiquette,en,"""there is no such thing as bad publicity""
""bad publicity better than no publicity""

cancel culture doesn't exist in Indonesia, dengan sedikit pengelolaan perhatian yg ketarik karena negative publicity, yang tenar tetap bisa makin tenar",negative
1321,x.com,2024,Group Dynamics & Peer Pressure,id,"Ya udah kalo menurut lu wajar block gua juga, bukti lu emang denial sama fakta dan cuma pengen echo chamber aja kaya si Pladidut.",neutral
1322,x.com,2024,Social Media & Psychological Well-being,hi,"साइबर अपराध से सुरक्षित रहना है तो हर डिजिटल व्यवहार में अपनानी होगी समझदारी व सतर्कता।

अपने लालच व भय पर काबू करते हुए पूरी समझदारी के साथ ऑनलाइन काम करेंगे तो आप अपने साथ-साथ दूसरों को भी साइबर अपराधों से बचा सकते हैं।

#RajasthanPolice #CyberSecurity #CyberCrime",neutral
1323,x.com,2024,Group Dynamics & Peer Pressure,id,"Di era digital ini, setiap orang yg berkarir jadi influencer, yg semula bkn siapa2 lalu jadi populer, punya follower, akan menemui tembok confirmation bias.

Echo chamber dari follower membuatnya overconfident & kalau org itu gagal melewati tembok ini, pasti kepeleset.
Pasti.",neutral
1324,x.com,2024,Screen Time & Device Dependency,hi,"#Smartphone की लत ने अंधेरे में धकेला | छीनी आंखों की रौशनी 
#addiction #Smartphonevisionsyndrome",neutral
1325,reddit.com,2024,Cultural Norms & Digital Etiquette,en,"Sounds like your ex Mark wants to have his cake (you) and eat it to (breadcrumbs). Enjoy your 20s. Don’t attach yourself to any guy.

FYI, Mark cheated on you. He doesn’t get to dictate who you date…ever. you are not a possession. You are a person. Your ex Mark is very emotionally immature. Be glad he cheated on you. He showed you his true colors. You’re better off without that loser. Don’t let him breadcrumb you with emotional threats. He’s a douche bag and his mutual friends. No man gets to dictate who you date. 

Sounds like your mutual friends side with Mark, so you need to stand up for yourself better. 

Use this time of your life to figure out who you are and what you deserve when it comes to respect in your romantic relationships. Always stand up for yourself. 

Never let anyone dictate your choices for you.",neutral
1326,x.com,2024,Cultural Norms & Digital Etiquette,ms,rakyat menengah ke bawah yg main gus gusan mana ngerti cancel culture,neutral
1327,x.com,2024,Social Media & Psychological Well-being,hi,"बच्चों की मासूमियत का फायदा उठाकर उन्हें ऑनलाइन ठगी का शिकार बना रहे हैं साइबर ठग। 

#RajasthanPolice #CyberCrimeWithKids",neutral
1328,bsky.app,2024,Screen Time & Device Dependency,ja,デジタルデトックスしたいなぁ,neutral
1329,reddit.com,2024,Group Dynamics & Peer Pressure,en,"Wala na akong care kahit matalo tayo multiple times. Philippines will always be red and will stay red.

 Nakakatamad na rin.

Now please, leave me alone in this echo chamber.",neutral
1330,reddit.com,2024,Screen Time & Device Dependency,en,"I agree. We never had to do it with screen time specifically but we’ve always been proponents of cold turkey for everything else we’ve had to wean her off of (pacifiers, bottles, etc) and historically, the first 1-2 days are terrible, but then they get over it really quick. Better, in my opinion, than dragging it out over several weeks",neutral
1331,reddit.com,2024,Screen Time & Device Dependency,en,"I feel like any resolution will be fine as long as all the characters get enough screen time and end somehow fulfilled at the end. Second lead syndrome is about frustration that the characters didn't get what they deserve, or that they lost relevance in order to give the spotlight to the couple, so keep everyone relevant and give them what they deserve, even if what they deserve isn't the romance.

Maybe the love triangle helps the second lead discover something important about himself, maybe part of why the love triangle ends is that one of them develops feelings for someone separate from the triangle, etc. Just make it feel like everyone gained something from the experience, even if that something wasn't getting in a relationship with the heroine, and I think it will feel alright. 

I think it's also important to show the one that isn't chosen moving on from it. Oftentimes love triangles end with the one who isn't in the couple being just sadly pinning on the side, and that just feels kinda sad. Give him some scenes where we see that he isn't just acting tough in order not to intrude in the others' happiness but that he's genuinely ok with it now",negative
1332,x.com,2024,Screen Time & Device Dependency,ja,"今朝ワイ「よーし今日も新しいお仕事頑張るンゴ～～～～～！」ｽﾏﾎ ﾎﾟﾛｯ

\ﾊﾟｧﾝ/

ブラックアウトする画面

鳴り続ける音楽

デジタルデトックス編、開幕ーーーーー",neutral
1333,x.com,2024,Group Dynamics & Peer Pressure,en,"Dropped by the DDS echo chamber and I have to laugh. They've become so delusional and desperate, grasping at straws and blaming everyone but themselves. The two most corrupt political families in the Philippines are destroying each other. It really is more fun in the Philippines.",positive
1334,bsky.app,2024,General Concept,ja,Pixel9の落とし穴\n昨夜、緊急連絡があったのだけど携帯が鳴らないという事案が発生\n音設定で夜のサイレントモードでも連絡先登録している人からは着信できるはずなのに何故と思ったら、別の設定場所におやすみ時間があって、こちらはスター付きの連絡先だけを鳴らすとな\n\nこんなん分かるかい！(^_^; サイレントモードの例外設定 Digital Wellbeingと保護者による使用制限のオプション,neutral
1335,x.com,2024,Cultural Norms & Digital Etiquette,en,Thats the power of cancel culture. The FA should always be neutral and should not have entered the LGBTQ space to start with. Even the Roman catholic church excluded Africa when they allowed gay marriage because we are not the same as people. It's unfair to impose LGBTQ on others,negative
1336,x.com,2024,Cultural Norms & Digital Etiquette,id,"kata gue sih boikot juga dia, cancel culture, ngapain berguru sama orang yg jelas2 dia ga sadar kalo yg dia bilang goblok tuh, lagi bilang dirinya sendiri",negative
1337,reddit.com,2024,Social Media & Psychological Well-being,en,"There’s an entire “Leave BL” movement in Korea whose members regularly cyberbully BL artists/authors and fans on social media. They cite the genre as both homophobic and misogynistic despite the fact that BL has become a lot more inclusive in regards to queer representation in recent years (and more LGBTQ readers) and has its roots in women’s issues (early BL of the 1970s was a way in which women’s issues could be explored obliquely through manga).

Really is crazy to have BL attacked from both the left and right of political spectrums globally.",neutral
1338,x.com,2024,Group Dynamics & Peer Pressure,en,Asian leftist twit is toxic af and clout chasing af. Yall complain about boba libs and being social climbers yet chase after the same few leftist influencer types.,negative
1339,x.com,2024,Cultural Norms & Digital Etiquette,id,Pingin nangis nontonnya. Kok bisa ya Miftah ini ngga kena cancel culture.,neutral
1340,reddit.com,2024,Group Dynamics & Peer Pressure,en,"Social media.

What we’re seeing now is the culmination of nearly 20 years of being siloed into our various echo chambers by the Facebook, Twitter, YouTube etc algorithms, only having our opinions validated and never being challenged. When you spend so long in that environment, you forget that others exist and you aren’t really given much incentive to look into **why** people feel the way they do. Add in a bit of mob mentality and psychological factors encouraging you to be more extreme with your views and how you express them, and you have a recipe for disaster. 

The US is a particularly bad example, but it’s even worse in places like South and South East Asia, where social media is actively used for the perpetration of genocide.",negative
1341,x.com,2024,"Attention, Focus & Cognitive Load",en,India has the talent. The only challenge India faces is to preserve it and stop the brain drain of critical human resources.,positive
1342,reddit.com,2024,Cultural Norms & Digital Etiquette,en,"A man who returns is a man who will leave again, the vast majority of the time. The truth of the matter is he thought he could do better - and then he didn't. So now he wants to go back to his last hookup for validation.

Men who operate in this way are not mature men. They are emotionally stunted and lack the maturity and discipline to let connections go. They are typically looking for a ""perfect"" woman but in the meantime, they don't mind returning to someone who was good to them to fill their time.

Don't fall for their breadcrumbs. Find a partner who would never dream of letting you go.",neutral
1343,x.com,2024,Cultural Norms & Digital Etiquette,en,"A Proverb 31 Woman whose AUTHORITY demons bow to! In same generation enslaved by witchcraft/marine spirits’ peers?

GOD is raising daughters.

Future mothers-in-Israel!

Social media is a tool for a foolish cancel culture that cancels even the “cancellers” from their destinies.",negative
1344,x.com,2024,Cultural Norms & Digital Etiquette,id,Kalau orang yang mungkin lebih melek kaya kita gampang buat cancel culture kak. Yang susah itu dimana kita coba buat jelasin ke orang-orang yang sudah terkontaminasi  sakit hati banget ada org beneran jualan diolok² seakan itu candaan? Pls ayoo gimana caranya bikin kapok dia?,positive
1345,x.com,2024,Cultural Norms & Digital Etiquette,ms,Serius orang kyk gini g kena cancel culture aja,neutral
1346,x.com,2024,Cultural Norms & Digital Etiquette,id,Kenapa masih dikasih panggung ya. Harusnya cancel culture berlaku disini jg.,neutral
1347,x.com,2024,Cultural Norms & Digital Etiquette,id,Bisa gak sih ni orang kena cancel culture?????,positive
1348,x.com,2024,Screen Time & Device Dependency,en,"i dont think its that bad, she has been providing entertainment for us week in and week out.  i prefer the constant screen time even if there is no wrestling compared to roman reigns' monthly tv appearance when he was champ",neutral
1349,x.com,2024,Group Dynamics & Peer Pressure,en,"Hi Vexed - this may shock you, but men are allowed opinions too! Gender ideology doesn't JUST affect women, and maybe you should spend some time outside of your Twitter echo chamber. 

No one’s saying a cross-dressing man magically becomes a woman just because someone likes them",neutral
1350,hindi.asianetnews.com,2024,Social Media & Psychological Well-being,hi,जयपुर: राजधानी में साइबर ठगों ने एक नई ठगी की साजिश को अंजाम देने की कोशिश की है।,neutral
1351,bleacherreport.com,2024,Screen Time & Device Dependency,en,"Cody Rhodes has been an exceptional champion and the top protagonist WWE needed following Roman Reigns' historic run, but his storylines have been hit or miss. We've defended his reign and praised his ability to defy the odds and remain hot in 2024. Most of his vocal critics would even agree that his title defenses have been spectacular, but many viewers want to see more intriguing stories. Although the 39-year-old has carved out his own corner of WWE programming, SmackDown still undeniably feels like The Bloodline's show. That's largely because the faction gets a bulk of the screen time, and it still regularly opens and closes the show. It's hard to argue Rhodes hasn't emerged as the face of WWE, but his feuds often come off as the B-plot on the blue brand. That's a valid complaint for someone who is holding the top prize. Scheduling his upcoming match for Saturday Night's Main Event will further support some claims that he is still second in the hierarchy to Reigns. Nevertheless, his latest rivalry has been a step in the right direction for viewers hoping to see him in long-term storylines. With that in mind, let's rank his feuds since he dethroned The Tribal Chief to become the reigning undisputed WWE champion. 4. Logan Paul Rhodes and Logan Paul produced a tremendous match at King and Queen of the Ring in May, but the build left much to be desired. Initially, it was unclear if the YouTuber would also defend his U.S. title. It's hard to tell if this was an example of the...",positive
1352,udn.com,2024,Screen Time & Device Dependency,zh,"兒少手機成癮問題日益嚴重, 醫師 指出,科技愈來愈便利、影響也就會隨之增大,而不同年齡層有不同的時間定義,",neutral
1353,x.com,2024,Cultural Norms & Digital Etiquette,id,THANK GOD. akhirnya netijen bisa menerapkan cancel culture ke orang yang tepat,positive
1354,x.com,2024,Screen Time & Device Dependency,ja,デジタルデトックスも時には大事(๑•̀ㅂ•́)و✧,neutral
1355,x.com,2024,Screen Time & Device Dependency,ja,デジタルデトックスはよい,positive
1356,x.com,2024,Screen Time & Device Dependency,ja,"こういう時はデジタルデトックスするのがおすすめですよ。
お散歩に出たら風や匂いや草木に集中してみたり、お家にいるときはお風呂の暖かさや水圧に集中してみたり。
ぜひ試してみてくださいね",neutral
1357,x.com,2024,Screen Time & Device Dependency,ja,"仕事以外デジタルデトックスしようかな。
ちょっと本格的にしんどくなってきた。
情報の真偽はともかく、流れてくる量もスピードも尋常じゃない上に仕事でも情報に触れるから、かなりきつい。",neutral
1358,bsky.app,2024,"Attention, Focus & Cognitive Load",en,"NEW: Pakistan\'s annual exports total $30 bn, while its import bill is $60 bn. Where are the extra dollars coming from?\n\nEnter remittances, the ""brain drain"" keeping Pakistan\'s economy alive. \n\nasadpabani.substack.com/p/brain-drai...",neutral
1359,x.com,2024,Screen Time & Device Dependency,ja,デジタルデトックス,neutral
1360,x.com,2024,Social Media & Psychological Well-being,id,"Si paling susah direkomen anime. Sehype apapun... lebih sulit lagi kalo lagi hype-hypenya. 

JOMO bcs I have slow pace dan menikmati lamban itu sendiri, (seumur hidup diburu-buru mulu)

Let me enjoy my freetime with me, myself, a cup of chocolate and anime of my choice lah.",positive
1361,x.com,2024,Cultural Norms & Digital Etiquette,en,You know how badly this country is obsessed with cancel culture when Gregg Wallace saying bad things is more important news than chaos in South Korea.,negative
1362,dainiktribuneonline.com,2024,Social Media & Psychological Well-being,hi,"रोहतक, 30 नवंबर (निस) साइबर ठगों ने फर्जी कस्टम अधिकारी व पुलिसवाला बनकर एक युवक से लाखों रुपये की नकदी ठगने का मामला सामने आया है।",negative
1363,scmp.com,2024,Screen Time & Device Dependency,en,"By KTimes Moon, who portrays Seo Yong-rye, a brilliant vocalist in a drama about traditional Korean all-female theatre, revealed she could not refuse the role. She imagined her late teacher playfully scolding her from above for not putting the skills they had imparted to her to good use. “That teacher adored me so much,” Moon recalled in a recent interview. “Even though the teacher knew I wasn’t going to pursue pansori professionally, she always encouraged me. “I could just picture the teacher saying, ‘I taught you this, and you’re not even using it?’ That thought stayed with me.” Moon’s performance of the pansori piece “Chuwolmanjeong” in the drama enthralled audiences. Despite her limited screen time, she trained rigorously for nearly a year.",positive
1364,naidunia.com,2024,Social Media & Psychological Well-being,hi,"HighLights  नईदुनिया प्रतिनिधि,  रायगढ़।  थाना प्रभारी मोहन भारद्वाज को सूचना मिली थी कि एफसीआई गोदाम नाका क्षेत्र में स्थित दुकान से गांजा की बिक्री की जा रही है।",neutral
1365,x.com,2024,Screen Time & Device Dependency,ja,今の時代、一日中スマホやパソコン、タブレットに向かい合って脳が過剰な情報でダメージを受けているので、1日のうち一定時間デジタルデトックスが必要と聞きました。この様な素晴らしい趣味が持てれば最高のデジタルデトックスの時間となりますね,neutral
1366,x.com,2024,Cultural Norms & Digital Etiquette,en,"Vets that are inexplicably proud of fighting in Vietnam piss on special made waterproof urinal stickers of Hanoi Jane at the VFW, but sure, leftist kids invented cancel culture in 2019.",positive
1367,x.com,2024,Group Dynamics & Peer Pressure,ja,"オンライン依存が強くなるほど、エコーチェンバーの影響から、越境できるリーダーの価値が上がる

他文化、他業界、他業種、他コミュニティに能動的に参加することは大きい圧力を伴う

しかし越境して創造性を発揮できた時に生まれる価値の期待値は大きい

その恩恵を受け取る者が次の時代の勝者となる",positive
1368,x.com,2024,Screen Time & Device Dependency,ja,"【Xさんに怒られた】
メイン垢で5,500人に到達し頂いたお花
を引用リポストしていたら「1日の制限
回数に達した」と怒られました明日の
夜までデジタルデトックスします
↓紅葉ですね",neutral
1369,x.com,2024,Digital Presence & Identity Management,en,"And so the endless crying about being a victim has a name, “Sadfishing.”  When you can’t get to people feel sorry for you, bring out the tears & Middle aged Meghan cries & falls to the floor, Megs must have ruined pillows than any woman I have seen. Cue! Tears! It could be a",negative
1370,x.com,2024,Cultural Norms & Digital Etiquette,en,"Breadcrumbing can happen in familial relationships and the workplace, but it's most common in romantic contexts, Balan said — especially with the rise of online dating, 

MILKLOVE FANDAY BKK 
#GMMTVFandayinBKKxML",neutral
1371,x.com,2024,Group Dynamics & Peer Pressure,id,"bner bgt. pertama memang harus ada kemauan buat keluar dari lingkaran setan. 

konten yg bner relate juga merupakan echo chamber yg bikin pemikiran kurang berkembang. maka bermainlah agak jauh...",neutral
1372,x.com,2024,Screen Time & Device Dependency,ja,"一日だけでもSNS離れるのはありだよ。
デジタルデトックス大事。
少し離れるだけでだいぶ変わる。",neutral
1373,x.com,2024,Screen Time & Device Dependency,ja,デジタルデトックス,neutral
1374,x.com,2024,Screen Time & Device Dependency,ja,日曜日はデジタルデトックスの日。,neutral
1375,x.com,2024,Screen Time & Device Dependency,ja,"えー、デジタルデトックスしてました。
Twitterは、変わらずキモくて良いなと感じました。",positive
1376,x.com,2024,Group Dynamics & Peer Pressure,ja,"いえいえ、めちゃバランス感覚あって素晴らしいと思います！

アカばかりで固まってるので、エコーチェンバーみたいになるので、貴重なツイート助かってます！",positive
1377,reddit.com,2024,Screen Time & Device Dependency,en,"I started watching the show of Nasty Cherry and I want to point some things.

First of all, Charli basically picked G cause of her looks and cause she had the ""rockstar"" vibes, the first moment of her singing is kinda awful, the other girls were playing just fine and her voice was a bit weird.

Then, you can realize that she doesn't highlight on the show, she's the frontman and she's not charismatic enough to give her more screen time or to make the group interesting.

The other girls are fine, everyone seemed sweet at the time, I can kinda tell she's a bit shy and that her behavior is cause of the recent fame she's having lately.

On the other hand, why the fuck do they show so much her parents, are at least 3 episodes where they appear too much.

My conclusion is that the band wasn't going to last long cause of the lack of personality she has, you can compare to The 1975, the band works cause the frontman has personality and is interesting and a good performer, Nasty Cherry do not have that, their front woman is a mid singer, mid performer and mid songwriter.",negative
1378,zeenews.india.com,2024,Screen Time & Device Dependency,hi,"आजकल मोबाइल पर रील देना, लैपटॉप पर घंटों काम करना आदत और मजबूरी दोनों में शुमार हो चुका है, लेकिन ये आपकी सेहत के लिए कितना खतरनाक हो सकता है, इसको लेकर नई रिसर्च सामने आई है.  Don't Watch Too Much Reels On Mobile:",neutral
1379,capitalfm.co.ke,2024,Social Media & Psychological Well-being,en,"NAIROBI, Kenya Dec 3 – President William Ruto on Tuesday reaffirmed his administration’s commitment to rebuilding the Jomo Kenyatta International Airport (JKIA) to meet global standards. Following the cancellation of a previous deal with the Adani Group, Ruto assured that plans are underway to secure a new partner for the project. Click here to connect with us on WhatsApp The Adani partnership was terminated in November 2014, after the group’s chairman, Gautam Adani, faced bribery charges in the United States. Before the deal’s cancellation, Kenya’s partnership with the Indian conglomerate had sparked concerns among some Kenyans, who questioned the group’s credibility due to its past dealings with other countries. “We are going to build a new airport because we are going to get a new framework. We are going to work with people who believe in this country because that is how the future is going to look like,” he said. President Ruto expressed regret that some Kenyans celebrated the cancellation of the Adani deal instead of focusing on the urgent need to rebuild the deteriorating airport. In a strong rebuke to his development critics, he pointed out that many of those opposing the deal had never even visited the airport, thus failing to understand the extent of the renovations required. “We do not have a spare country, we must be patriots and defend our country and we must work for Kenya,” he said. Acknowledging the presence of negative forces in the country opposing his...",negative
1380,mirror.co.uk,2024,Screen Time & Device Dependency,en,"Director Sean Wang impressed film buffs with his feature-length debut Didi (弟弟), a sweet yet unflinchingly honest portrayal of Taiwanese American teen Chris Wang in 2008 that's already put him on the map. Wang was recently chosen to join the BAFTA Breakthrough cohort, supported by Netflix , which highlights up-and-coming creatives in the film, television and video game industries who are talents to look out for over the next few years. Speaking exclusively to Screen Time, the director opened up on his decision to cast his own grandmother, Chang Li Hua, in a key role opposite Twin Peaks and cinema legend Joan Chen. ""[Chen] really feels like family,"" he said. ""And she brought such a warmth to the production. ""She was acting alongside my grandmother and I think any actress of her calibre could have easily been like, 'What is this? What a joke of a production. This first-time director casts his grandma...' ""It was a recipe that could have very easily gone off the rails but I look back and everything went right and I'm just like, 'Wow, we're so lucky everything went well'. ""But it wasn't until later on that I realised it was because Joan is so generous and patient. And the reason that my grandma's performance is so good in the movie is because Joan was her scene partner, too. ""Joan, as an experienced actress, could kind of be the water that kept everything afloat. She could modify her performance and be reacting to what these first-time actors were doing with her. She wasn't...",positive
1381,aajtak.in,2024,Social Media & Psychological Well-being,hi,"इस साल हुआ 19 हजार करोड़ का साइबर फ्रॉड, वापस मिले सिर्फ 2400 करोड़",neutral
1382,reddit.com,2024,Screen Time & Device Dependency,en,"I read a lot of books but now that I really think about it I LOVED magazines!!! Skip all around, read whatever, doodle all over, cut pics out and make art. So much fun stuff to do!

Going up to those giant racks with all the attention grabbing covers on an endless range of topics was the greatest dopamine rush for me! I had subscriptions to all the celebrity gossip ones, WWF, Nintendo Power, MAD, Cracked etc.  Plus all the catalogs and magazines my mom got like Woman’s World and Reader’s Digest. 

When I decided to cut down on my screen time and try to retrain my brain to go back to reading physical media and revisited that section, I felt the same rush of excitement…..until I saw the average magazine is now 20 pages long and cost $10-$20. 

Malls were also super fun just to explore before they went dead and have been replaced by the Best Buy/Dick’s/Staples/Michaels combo strip malls. ",positive
1383,reddit.com,2024,Cultural Norms & Digital Etiquette,en,"I’ve been emotionally stuck on my first crush for over a decade.Let me just say it upfront:  I’m 23F, in a stable, loving relationship with my current boyfriend, and yet, I can’t seem to shake off my first crush.  This isn’t a casual “oh, I wonder how they’re doing”  kind of thing—it’s a decade-long emotional entanglement that’s both exhausting and confusing.  Here’s the story: We met in middle school when we were 13. He was smart, gentle, and introverted—the kind of person who seemed mysterious in a way that pulled me in.  In our first year, he confessed his feelings for me, but I turned him down because I felt we didn’t know each other well enough.  That could’ve been the end of it, but instead, we became incredibly close friends—soulmate-level close.It felt like discovering a mirror to my soul.  Not in a romanticized way, but in a quiet, undeniable recognition—like he was someone I had known forever, even though we are just kids.  We were so similar in ways that felt almost eerie, like we were cut from the same fabric.",neutral
1384,x.com,2024,Screen Time & Device Dependency,ja,"pixel 7aは最高のスマホなので、OSアップデートでバッテリーが80%を切ると電源が落ちるデジタルデトックス機能が搭載された

工場出荷状態に戻すことでデジタルデトックス機能を解除できると、サポート様からご教示いただき、無事解決

お前らを工場出荷状態に戻してやろうか",positive
1385,x.com,2024,Cultural Norms & Digital Etiquette,id,plis jangan kasi panggung lah orang ini. normalize cancel culture,neutral
1386,x.com,2024,Cultural Norms & Digital Etiquette,id,"Cancel culture khususnya buat public figure itu real n berlaku, jadi segala tindakan or perilaku lu tu dijaga ya miftah kontol",neutral
1387,x.com,2024,"Attention, Focus & Cognitive Load",en,India is 5th biggest economy fastest growing economy in the world & soon will overtake Japan& Germany by 2030 Indian's in India are enough to run to India there is no brain drain,positive
1388,x.com,2024,Cultural Norms & Digital Etiquette,id,"Cancel culture khususnya buat public figure itu real n berlaku, jadi segala tindakan or perilaku lo tu dijaga ya miftah kontol",neutral
1389,x.com,2024,Cultural Norms & Digital Etiquette,id,"Ayo terapkan budaya cancel culture kayak orang Korea, buat cancel orang2 problematik",neutral
1390,x.com,2024,Cultural Norms & Digital Etiquette,id,Ok suwun wes ngomong ngene Om. Selanjutnya digimanain yo om enake ? Cancel culture is real. Iso banget diberdayakan netizen iki.,neutral
1391,x.com,2024,Group Dynamics & Peer Pressure,ja,特にオールドメディアはネット(とネットメディア)の隆盛により嘘がバレて信用を失いつつあるけど、ネットの嘘を検証する場は限られてる上にネット上の情報は膨大なので、嘘をつかずとも上手にエコーチェンバーを作れば容易に世論を操作できてしまう。Googleとかは興味なさそうだけどイーロンは…,neutral
1392,x.com,2024,Group Dynamics & Peer Pressure,en,"South Korea and other Asian countries aren't babies, they can get angry about shit on their own and deal with it, they don't need you doing your performative activism on Twitter dot com to help their fight for justice.

No I am not going to call it X fuck that shit",negative
1393,x.com,2024,Cultural Norms & Digital Etiquette,ms,"bukan mau fomo atau ikut-ikutan terkait ""Gus"" Miftah, tapi di daerah ku sendiri beliau udah kena cancel culture sejak lama..
karena setiap pengajian yg beliau jadi pendakwah nya, kata-kata yg disampaikan bukan layak nya seperti ""Gus"" pada umum nya",negative
1394,bsky.app,2024,Screen Time & Device Dependency,ja,新しい趣味を始めたいです～普通に、デジタルデトックスをしたいね～（大嘘）,neutral
1395,bsky.app,2024,Group Dynamics & Peer Pressure,zh,NO DISCUSSION AT ALL ONLY ECHO CHAMBER,neutral
1396,themirror.com,2024,Screen Time & Device Dependency,en,"Film enthusiasts are raving about director Sean Wang's feature-length debut Didi (弟弟), a raw and touching look into the life of Taiwanese American teen Chris Wang back in 2008, showcasing a talent that's being watched closely. Wang was recently chosen to join the BAFTA Breakthrough cohort, backed by Netflix, which highlights up-and-coming creatives in the film, television and video game industries who are talents to look out for over the next fear years. In an exclusive chat with Screen Time, Wang divulged why he chose his own grandmother, Chang Li Hua, for a pivotal role alongside cinematic icon Joan Chen from Twin Peaks and Lust and Caution. “[Chen] really feels like family,” he said. “And she brought such a warmth to the production. Navigating the risks of casting non-professionals, he noted, ""She was acting alongside my grandmother and I think any actress of her caliber could have easily been like, 'What is this? What a joke of a production. This first-time director casts his grandma...'"", reports the Express . According to Wang, Chen's attributes avoided what seemed like inevitable disaster: ""It was a recipe that could have very easily gone off the rails but I look back and everything went right and I'm just like, 'Wow, we're so lucky everything went well'. ""But it wasn't until later on that I realised it was because Joan is so generous and patient. And the reason that my grandma's performance is so good in the movie is because Joan was her scene partner, too. ""Joan, as...",positive
1397,bhaskar.com,2024,Social Media & Psychological Well-being,hi,कानपुर के सर्वोदय नगर में रहने वाले बुजुर्ग को प्रपौत्र का पैनकार्ड बनवाने के लिए ऑनलाइन हेल्पलाइन का नंबर निकालना भारी पड़ गया।,neutral
1398,bhaskar.com,2024,Social Media & Psychological Well-being,hi,मनी लॉन्ड्रिंग केस में फंसाने की धमकी देकर बिजनेसमैन को घर पर 3 दिन तक डिजिटल अरेस्ट रखने वाले तीन साइबर ठगों को कमिश्नरेट की साइबर थाना पुलिस ने मंगलवार को गिरफ्तार कर लिया।,negative
1399,reddit.com,2024,Group Dynamics & Peer Pressure,en,"So CBC releases an article, citing unnamed and anonymous sources that Indian consular officials interfered in the CPC leadership race by acting to undermine Patrick Brown - who is close to the Sikh community in Brampton and has had a public falling out with Indian Prime Minister Modi - even perceived to have personally insulted him. 

The article, alluded to unnamed agents, unnamed sources, vague allegations and no direct evidence. The allegations are directly denied by all the people named in the story and the only source that CBC cites is ""Baaz News"" - which a platform that operates with an openly activist framework championing chases aligned with the Khalistani narrative. 

Nothing inherently wrong with that, but it blurs the line between reporting facts and pushing an agenda, which CBC fails to mention, when using them as the only named source in any of the allegations. 

Baaz’s coverage tends to amplify claims of Indian interference without always providing robust evidence or engaging with alternative perspectives. This risks turning public perception of complex geopolitical issues into deranged CBC echo chambers that only amplify one side. Baaz often dismisses mainstream Indian media as propaganda (sometimes valid), yet offers little scrutiny of its own sources. Media platforms with strong ideological leanings should be identified as such. CBC risks its credibility by presenting Baaz as neutral when it is not.

Patrick Brown denies the story; Michelle Rempel Garner categorically denies everything in the story; Pierre Poilievre and the communications team denies the story. And the CBC has provided zero credible evidence to support the story.

This Pravda-like ""piece"" might pass muster if presented as an op-ed on the murky waters of foreign interference through speculation on a fractured relationship between Modi and Patrick Brown. However, it presents itself as an informational piece - which it clearly isn't.

At a time when foreign interference in Canadian politics is a valid concern, stories like this dilute the conversation. CBC, do better.",negative
1400,reddit.com,2024,Screen Time & Device Dependency,en,">face that looks nothing like Peter Parker to change

While I agree that the change shouldn't have been made, it'd be even more confusing if it changed now. Best to stick to it rather than go through that mess again.

>MJ’s career cries are boring and makes no sense when you are saving the earth

It makes sense as an importance to Peter Parker, which is a major part of the character.

>Miles should have less screen time because this is Peter’s game

Personal opinion and entirely valid, I enjoyed the use of two characters and think it was a great addition to the game. 

>Some fans keep wanting Superior Spider-Man storyline but that story would be a disaster right now because Peter was already not himself with Symbiote storyline,

Yep, fully agree. It'd be very strange to include now.

>they should throw her lesbian story in the garbage because that felt so forced and was unnecessary af.

Storyline? Unless I've missed something, I thought it was a throwaway line of dialogue in a mini-mission. 

Regardless, the romantic interests of characters close to the protagonists feel relevant to me. Especially if they're the motivations of their actions.",negative
1401,x.com,2024,Cultural Norms & Digital Etiquette,id,"Apalagi bapak es teh nya gerimis2 jualan nya blm laku2, bener2 dzolim emang orang yang menghina pencari rezeki yg halal. We need cancel culture immediately for him",negative
1402,x.com,2024,Cultural Norms & Digital Etiquette,id,"Perlu cancel culture ngga sih nih, miris bgt liatnya",neutral
1403,reddit.com,2024,Group Dynamics & Peer Pressure,en,"“When you go to the main, 80% of the post every single day are either negative post about Trump, Elon Musk, or JD Vance. Or very positive post about Obama, Biden or Harris.“

This is very true, but it has only hurt liberals because it reinforces the echo chamber that they live in and have no clue about the world outside. The result is they thought they were going to win two different presidential elections, when Trump actually won. It even cost them a US Supreme Court Justice who thought she would stay on the bench and have her replacement appointed by the certain to win first woman president ever. Let them have their echo chamber. It only hurts them and helps conservatives.",neutral
1404,bsky.app,2024,Screen Time & Device Dependency,ja,"名古屋 Delight\n\nR.I.K.U 踊ろまい\u3000歌おまい\u3000騒ごまい 名古屋 Delight You are, You are who you are Show me what you got デラデラックス\u3000心デジタルdetox 出たとこ忘れない\u3000名古屋発 Home town This is my soul tongue Hold what you've got ベラベラ\u3000東京弁歌ってsell out 耳がこそばいってGet out どえらうみゃあで喰ってきゃあ\u3000の前 飲みゃあ\u3000よけ頼みゃあ やろみゃあ\u3000遊んだろみゃあ ハードな面あるで名古屋弁 負けぇせん言葉\u3000量産\u3000ぎょうさん…",neutral
1405,x.com,2024,Cultural Norms & Digital Etiquette,id,"Kalo bisa, cancel aja si miftah. Tapi ya, masyarakat indo gabisa nerapin cancel culture, 1 atau 2 bulan ke depan  udah rame lagi si miftah.",neutral
1406,x.com,2024,Cultural Norms & Digital Etiquette,id,gw masi gedeg bgt liat video tukang es di katain sm gus2 itu jelek bgt jelekk udh lah udah saat nya indo menerapkan cancel culture ke org2 gk punya attitude,negative
1407,x.com,2024,Screen Time & Device Dependency,ar,"المسكين ما كان عنده تلفزيون بالبيت 
Digital Detox before it was cool",negative
1408,x.com,2024,Cultural Norms & Digital Etiquette,id,"konsep ""cancel culture"" emang dimengerti oleh demografi yang jadi target audiensnya tuh orang",neutral
1409,reddit.com,2024,Screen Time & Device Dependency,en,"IMO Miranda and Jack are the best choices for male Shep. Both appear to be very tough at first, but later you discover their softer sides, and I think it's just beautiful and interesting. Great character development there.

Tali seems to be too young and immature for Shepard. She is behaving like an 18 year old, while Shep is like 30. I honestly get the little sister vibes rather than wife vibes. She is cool though.

Liara is great in terms of screen time, but I always find her quite boring, and the perspective of dating someone 70 years older just sounds wrong to me. I also think asari' back of the head is weird. Yes I am space-racist.

Ashley is super annoying in ME1, and in ME2 she doesn't even trust Shepard after all they have been through together. I understand her reasons but it still pisses me off. Other squad members are more trustworthy.",negative
1410,x.com,2024,Cultural Norms & Digital Etiquette,id,"Yuk mulai cancel culture orang2 yang gak sesuai. Yang dakwahnya asik gak cuma dia doang kok, lu pada dibuat ketawa tapi tanpa sadar itu ngetawain orang lain dan jadinya dosa.",negative
1411,x.com,2024,Group Dynamics & Peer Pressure,ja,"おすすめのほうにTLには韓国と万引き音楽評論家と角田の話題しかない
これもエコーチャンバーかな",neutral
1412,x.com,2024,Cultural Norms & Digital Etiquette,id,"Saatnya kita para warga indonesia menerapkan cancel culture, cancel orang orang yg problem tanpa hulu pandang.",negative
1413,reddit.com,2024,Group Dynamics & Peer Pressure,en,"echo chamber nature of reddit. He has higher chance of getting flamed/downvoted in a thai sub if he simply said ""Japanese 7/11's are better"".",neutral
1414,x.com,2024,Social Media & Psychological Well-being,hi,"चंडीगढ़ में मिलिट्री का हवलदार हुआ साइबर ठगी का शिकार

12 लाख 47 हजार 880 की लगाई चपत

पुलिस ने साइबर ठग गिरोह का किया भंडाफोड़

आधा दर्जन आरोपी राजस्थान से पकड़ा गया

#Haryana #CyberCrime #Crime #Bharat24Digital",negative
1415,bsky.app,2024,Social Media & Psychological Well-being,en,"Did a collaboration (we both drew both!) with @oldest-sport.bsky.social of my character (Cabrera, right) cyberbullying her character (Ónoma, left) 🦈! [Ónoma, a green haired young scientist with dark goggles, types furiously at her laptop in the dark with cartoon steam coming out her ears] [Cabrera, an incredibly tiny Latina woman in comfortable shorts and a sports bra, with dyed blonde hair, sits in the dark on a gamer chair surrounded by computer screens. She wears a look of smug satisfaction on her face, as she types out a message insisting on the smoothness of sharks]",neutral
1416,x.com,2024,Cultural Norms & Digital Etiquette,en,I love woke twitter acting as if maris and anothony's careers are over. Lmao. Bfr. The Philippines doesnt have cancel culture they will be fine or they might even get more fame/projects lol,positive
1417,youtube.com,2024,"Attention, Focus & Cognitive Load",en,"Protests in EU bid suspended News.  What we're seeing in Georgia is just the tip of the iceberg:  yes, it is indeed a pushback to the oligarch-ruled government's anti-constitutional hijacking of Georgia's European aspirations (the Article 78 of the country's constitution emphasizes ''the full integration of Georgia into the European Union and the North Atlantic Treaty Organization''), reflecting the country's civilizational, cultural and historical drive to the West (the idea supported by the overwhelming majority of its population: over 80%), but it is also an angry (very angry!) reaction to what the ruling party (ironically calling itself ''Georgian Dream'') has done to Georgia in the last decade:  absence of the rule of law, unaccountability, clientelism, nepotism and corruption at every level of the state system,  rise of crime, widespread poverty, increased emigration and brain drain,  repeated mismanagement of natural hazards, no ecological policy,  irresponsible disregard for world-class cultural heritage (the ongoing mistreatment of the medieval UNESCO site of Gelati Monastery near Kutaisi and the damage of its unique medieval frescos is just one example),  massive and increasing urbicide through uncontrolled building permissions and laxed planning regulations (anyone who's visited Tbilisi, Batumi and other major cities can attest to that),",negative
1418,reddit.com,2024,Cultural Norms & Digital Etiquette,en,"Yeah kaso ang majority naman ng audience ni Maris Racal is Gen Z. Naging mainstream lang si Maris because she had the ideal photo dumps na relatable sa Gen Z + her face and outfit na patok na patok sa Y2K/streetstyle/vibe for Gen Z. 

Gen Zs are the most brutal sa cancel culture and I’ve known a few in my circle na nawala agad admiration nila for Maris, especially women. Women don’t like it pa naman when the woman seems to be the homewrecker (aside sa kagaguhan ni Anthony).

Kay Nadine pa lang who built a fanbase over a long period of time nawala na agad yung label na “presidente” na tinatawag ng fans niya sa kanya dahil lang sa endorsement ng gambling photo. Eto pa kayang blatant cheating given na andaming fans supporting Rico-Maris nun.",neutral
1419,x.com,2024,Screen Time & Device Dependency,ja,"もうX疲れちゃったので、デジタルデトックスします

お会いしたい方とはDMでやり取りできればと思うので、また私からご連絡しますね

みなさんの素敵なクリスマスをお祈りしております",neutral
1420,x.com,2024,Screen Time & Device Dependency,en,"@_DigitalIndia
 
Tech enthusiasts debate #नशा_करता_है_नाश, the digital detox movement, while #SaTrueStoryYouTube unveils life's untold stories. #B120WFlashCharge technology and the #50MPSonyIMX921OIS camera bring innovation to the forefront
Dec 3, 2024 3/5",neutral
1421,x.com,2024,Cultural Norms & Digital Etiquette,en,"Wrong.  He was the most sane man in America during Bush 2nd term and name me other media leaders that questioned the Iraq War in 2002. 

As a quiet disapproval of the War, he was my one outlet for that unfolding of bad war.  2003 Conservatives had Cancel Culture on the war.",negative
1422,x.com,2024,Cultural Norms & Digital Etiquette,ja,"IT'S PART OF THE HISTORY OF THE SOUTH AND SHOULD BE REMEMBERED SO A CIVIL WAR DOESN'T HAPPEN AGAIN.
CANCEL CULTURE SHOULD NOT CHANGE OUR HISTORY.",neutral
1423,bsky.app,2024,Social Media & Psychological Well-being,en,"Social Media Fatigue (SMF): A study across 8 Asian countries highlights how fatigue, narcissism, and cognitive ability drive misinformation sharing. Ironically, here I am, posting on social media about it! Thoughts on combating SMF’s role in misinformation? 📱💡 #SocialMedia #Misinformation #Research",positive
1424,x.com,2024,Cultural Norms & Digital Etiquette,en,"*Trevor Bauers rapes a woman and gets righfully kicked out of MLB*

“That darn cancel culture smh”",negative
1425,x.com,2024,Screen Time & Device Dependency,ja,"パッキング終わり(あと少し)

明日から少したぶんデジタルデトックス、、、すると思われ

とりあえず温泉入って酒飲んで美味しいもん食べて有意義な時間過ごします

何かあれば遠慮なくメンションしてくださいましデジタルデトックスとはw",neutral
1426,x.com,2024,Screen Time & Device Dependency,ja,デジタルデトックスでもするか。,positive
1427,x.com,2024,Screen Time & Device Dependency,ja,自分は月末忙しいから 仕事出張が多い そのときデジタルデトックスしてる 一切SNS見ないいいことだよ ほかのことで感動できるから 自分を見つめ返せるし 所詮人の言うことなんて聞いてないから 自分ファーストの生活も楽しいよまた離れて気がつく愛もあるしね 離れても離れないと決めて不安ない,positive
1428,x.com,2024,Group Dynamics & Peer Pressure,en,The fact is you can pretend to be a woman but that doesn’t make you one. Enjoy life in yo ur echo chamber buddy.,neutral
1429,x.com,2024,Cultural Norms & Digital Etiquette,en,"This is HUGE!

Eric Adams just announced he will willing to work with Tom Homan to deport the criminals from NYC.

“In the era of cancel culture, no one is afraid to be honest about the truth. Well, cancel me, because I’m going to protect the people of this City.”",neutral
1430,x.com,2024,Cultural Norms & Digital Etiquette,en,"Eric Adams just announced his willingness to collaborate with Tom Homan to deport criminals from NYC, vowing to protect the city’s residents despite backlash in the era of cancel culture. #EricAdams #NYC #DeportCriminals #ProtectOurCity #CancelCulture",neutral
1431,bsky.app,2024,Group Dynamics & Peer Pressure,en,"Doubt it, BlueSky is not driven by a megalomaniac narcissist like Shitter who forces every single user to see his crazy propapanda conspiracy posts and unblocks old neo nazi accounts. Maga turned X into an echo chamber all by itself with its bully behavior, that's on you man and now live with it ;)",negative
1432,x.com,2024,Cultural Norms & Digital Etiquette,id,"Templatenya udah basi ga si ??
Kayaknya cancel culture diindo tuh wajib ada ga si ??
Biar org2 begini tuh ga berulah lagi di masa depan.",neutral
1433,x.com,2024,Cultural Norms & Digital Etiquette,en,NYC Mayor Eric Adams tells reporters questioning him about requesting a meeting with Border Czar Tom Homan to look up Hillary Clinton and Barack Obama’s positions on illegal immigration when they were supportive of deportations before “cancel culture”,neutral
1434,benzinga.com,2024,Screen Time & Device Dependency,en,"MISSION, Kan. , Dec. 3, 2024 /PRNewswire/ -- (Family Features) During the holiday season, few things bring the same enjoyment as finding the perfect gift and watching in excitement as your loved one opens it up. If you're still searching for the right gift and you've got gamers, someone curious to try gaming or a loved one who needs a relaxing hobby on your nice list, Xbox can provide an outlet to unwind and connect with friends, regardless of where they love to play. It is all about making gaming easy to access and available for everyone – whether you love to jump on a console, PC or smart TV, it's easy to play anywhere. To help keep the playing experience fun and safe, the Xbox Family Settings app for Android or iOS allows you to easily tailor the online gaming experience from anywhere, including managing screen time, filtering content, setting purchasing and communication controls and receiving weekly activity reports. These customizable settings help parents ensure the right balance of gaming with time for school, homework, sports and time with friends. Find the full holiday guide featuring devices, games, subscriptions and more at Xbox.com . Embark on New Gaming Adventures With new console options joining the lineup this holiday season, there are even more ways to play the biggest games of the year like Indiana Jones and The Great CircleTM and family favorites like Minecraft . From the sleek, compact design of the Xbox Series S – 1 TB , which offers double the storage...",positive
1435,bsky.app,2024,Screen Time & Device Dependency,ja,Xで宣伝してる時に目に入る語気強め非難ポストは本当に精神病む\u3000というか最近のトレンドもそんなのばっかりで\u3000X離れするデジタルデトックスの時期だろうか…,negative
1436,reddit.com,2024,Group Dynamics & Peer Pressure,en,"The Internet/social media created echo chambers where anything can seem normal.


We're also experiencing the first few generations to grow up without women basically having to be married to get access to rights, many men just expect a woman without having to be a desirable partner.",neutral
1437,x.com,2024,Screen Time & Device Dependency,ja,SNSとか好きだった頃から考えると今はSNS疲れ起こして情報過多と取捨選択がしんどくなった、ずっと動画配信アプリと音楽だけ聴いたりデジタルデトックスしてる時があるけど本当に楽。極端な話、好きなアイドルやアーティストとか芸能人のアカウントがなかったら私も今頃全部消してる,neutral
1438,x.com,2024,Group Dynamics & Peer Pressure,en,"You don't truely believe that. Takes it all and collapses? Both scenarios are totally false. Get out of the echo chamber bubble and view both sides.

This ends with Chrimea held by Russia, Donbas a huge f*in DMZ and Ukraine in some EU style partnership(China also probably).",negative
1439,youtube.com,2024,Group Dynamics & Peer Pressure,en,"Did Russia fix. Elena Lasconi, which is the other candidate against Georgescu for the second and final round of presidential elections, is the leader of the leftist USR party, which is part of Renew Europe party in the European parliament. So USR is not a centre-right party but rather a neo-marxist/woke party, just like the vast majority of Bruxelles political ideology. 

If Georgescu was a leftist candidate, he today would have been a national and european hero, and a Tik Tok GENIUS, and this whole investigations wouldn’t have happen. His problem is that he’s on the right, thus automatically and by default make him far-right and pro Russia, apparently. Even Trump himself was endlessly accused of being pro-Russia. It’s what the neo-marxist left does nowadays. 

There’s a ‘far-right’ surge all over the western hemisphere, and the left political elite that rules the western world, instead of looking in the mirror and fix their ideology and it’s application upon people, which is the very reason why the ‘far right surge’, they keep on belittling the people and demonising the ‘far-right’ of which they’re so allergic and intolerant. This is bound to only pick up pace because the woke left refuses to see the forest for the trees. This is exactly what’s happening in Romania, a carbon copy, all self made by the arrogant, authoritarian, ignorant and very very dogmatic and ideological hard-left ruling globalist elites. This is what happens when you don’t know when to stop and only living in your own ideological echo chamber. 
Come sunday, i will vote the ‘far-right extremist’ Calin Georgescu, and i won’t be the only one. Hopefully the political elites will stop and change, but somehow i doubt it, they’re incapable and way too arrogant to introspect and reform.",negative
1440,x.com,2024,Screen Time & Device Dependency,ja,"おはようございます

2日間ライブお預けが、情報遮断がこんなにムズムズした感じになるとは、、

本日も低浮上であります

デジタルデトックスになるのは良いのですがね笑

とにかく今日幕張メッセに集う皆様が笑顔で会場を後に出来ますように",positive
1441,x.com,2024,Cultural Norms & Digital Etiquette,en,"纽约市长 Eric Adams 表示不会在乎“取消文化”，他将配合Tom Homan遣返那些有犯罪行为的非法移民：

“In the era of cancel culture, no one is afraid to be honest about the truth. Well, cancel me, because I’m going to protect the people of this city.”",neutral
1442,x.com,2024,Cultural Norms & Digital Etiquette,tl,"Bkt sla maglalabas di nmn A-lister  ang mga yan.

At cancel culture sa atin ay di tulad ng cancel culture sa East asian countries n tlga binoboycott yng artist hanggang mawalan ng career yng artist",neutral
1443,x.com,2024,Cultural Norms & Digital Etiquette,en,"I don't believe in cancel culture but time to cancel the woke brigade. Who really believes this is a woman?

Really?",neutral
1444,x.com,2024,Group Dynamics & Peer Pressure,en,"You’re such a horrible woman everyday insulting people’s mothers and being mean with your nasty voice.  A clout chasing dentist someone will think your lack of love at homes makes u do all this. You have a beautiful family , act better!",neutral
1445,x.com,2024,Screen Time & Device Dependency,ja,"#おはようVライバー

おはよー！

今日は忙しいからデジタルデトックス！
ド深夜にまた配信するね〜

ほんまにわんちゃん行けそうならどなたかの枠にROMりにいきます
なんかこれを機に枠の時間とか教えてください",neutral
1446,reddit.com,2024,Group Dynamics & Peer Pressure,en,"I’m a woman, former democrat up until a few years ago, voted for Trump in 2024. He says dumb and hurtful things, I’m fully aware, I’m just not bothered by what he says anymore, I guess? I think a lot of the hate I had for him was because of the amount of media I was consuming from left wing echo chambers. I decided after 2020 to completely unplug from politics and changed the way I consume information to ensure I was forming my own opinions and not letting talking heads form those opinions for me. 

Trump really got my attention when he picked JD Vance as his VP pick, whom I viewed as a credible, moderate, and fair person that has Americans best interests at heart. I focused more on messaging coming from JD as I felt he was best at articulating their platform, which I was starting to agree with. On election day, I decided to vote for Trump and split the rest of my ticket between dems/republicans based on each candidate’s individual positions on the policies that mattered to me. 

I experienced horrific sexual abuse as a child. I’ve spoken with my daughter about abuse, what to look for, and to always be on guard. Typical mother-daughter “beware of predators” conversations. I guess I just prioritized other issues and the parties platform over the allegations against him. I don’t know if the allegations are credible but I just couldn’t bring myself to vote for Kamala, whom I viewed as “installed”. I’m also pretty upset with what the democrats priorities are, they need to do some serious soul searching to win my vote back. So I guess, in short, I was able to overcome my personal feelings about Trump to focus on the republicans platform instead.",neutral
1447,x.com,2024,Screen Time & Device Dependency,es,"memories es mejor q boom boom bass+  andy merecia mas q puesto 5 en make a wish + los trainees que estan en el top 7 actual son buenos pero la combinación es mala + joohyun esta demasiado infravalorado pero no le dan screen time, deberia estar top10 minimo",positive
1448,reddit.com,2024,Screen Time & Device Dependency,en,"As an ADHD woman and a mother (who was undiagnosed until recently), it really is brutal. There is so little grace given to women and to mothers to begin with and then if you are a hot mess… I have been crapped on by teachers, other parents, etc for things I would do just to survive. Shaggy hair because I forgot hair grows and now I’m scrambling? Judged. Once sent a bag of candy for a snack because I had forgotten to buy something and it’s what was on hand. Judged. The tsk tsk from the pediatrician because of screen time? Judged. Like I really treasure every kind word a person has ever said when they saw my kids are loved and cared for even if very imperfectly. 

No one finds the ADHD mom quirky and cute. We are just failures.

I do feel like men get away with certain things more than women. ",neutral
1449,x.com,2024,"Attention, Focus & Cognitive Load",en,And the youth of Andhra and Telangana is leaving India like stupid herds when they can stay here and generate huge in this booming economy. If youth with potential leaves - the void is created for such creatures….. Brain drain has much more than economic consequences,neutral
1450,x.com,2024,Group Dynamics & Peer Pressure,ja,くくく-…鼻息荒く木村てんてーの解説を大量RTしたら、ｵﾇﾇﾒTLが見事にクーデター関連で埋まった。これがエコーチェンバーなのか。イーロンなんとかしなさい。,neutral
1451,x.com,2024,Screen Time & Device Dependency,ja,おはようございます昨日はスマホを忘れて勝手にデジタルデトックスになってました木曜朝から寒気がして早退して帰宅したら３９．１℃それから熱は下がりましたが体調不良が続いて月曜日までお休み昨日は関ジャリ娘。の結婚話打合せをして帰宅イエーイでした顔晴りましょう～♪,positive
1452,bsky.app,2024,Screen Time & Device Dependency,tr,"Hislerimi anlatacak yer bulamıyorum. Buraya yazıyorum. O kadar berbatım ki, küçükken çok işittiğim ""sen anca boka layıksın"" sözünün içini dolduruyorum. Dizi izliyorum, sosyal medyada doomscrolling yapıyorum ve bunların hepsini unutmak, düşünmemek için yaptığımın köpek gibi farkındayım.",neutral
1453,x.com,2024,Screen Time & Device Dependency,ja,デジタルデトックスも大切。,neutral
1454,x.com,2024,Screen Time & Device Dependency,ja,"デジタルデトックス。
これは私もやるべき
夕食後にやるべきだな。
ぼっーとする時間も大事だけど、ぼっーとスマホを見ていたらダメですね。",neutral
1455,x.com,2024,Screen Time & Device Dependency,ja,"12/4 4日目
今年新しく始めた習慣
朝時間確保で
◯30分早く起きる
◯資格勉強
◯sns整理デジタルデトックスもどき

早起きの方は休日が課題最近は起きれる日もある、資格勉強は長期戦で中だるみ、年末にむけてひと頑張りしたい、sns整理デジタルデトックスは時間計測中",neutral
1456,x.com,2024,Screen Time & Device Dependency,ja,"12/4 4日目
今年新しく始めた習慣
朝時間確保で
◯30分早く起きる
◯資格勉強
◯sns整理デジタルデトックスもどき

早起きの方は休日が課題最近は起きれる日もある、資格勉強は長期戦で中だるみ、年末にむけてひと頑張りしたい、sns整理デジタルデトックスは時間計測中",neutral
1457,x.com,2024,Cultural Norms & Digital Etiquette,ms,"> tak makan varieties of whole food

yang tak suka makan sayur, blend je sayur tu buat nugget.

macam korean skin, cantik! sebab dorang dah terbiasa dengan kimchi & banchan dorang yg mostly sayur.

nugget sayur tu nak lagi crunchy guna panko breadcrumb",positive
1458,x.com,2024,Screen Time & Device Dependency,ja,ここ数日人と話してないだけじゃなくてゲームもほぼ触ってなくて、ほぼデジタルデトックス状態だったからゲームしたい！えぺもマイクラもぶいちゃもしたい！,neutral
1459,x.com,2024,Group Dynamics & Peer Pressure,ja,"トランプ政権ならESGも環境問題もリベラルも人権も排除と。
これぞ極右の異論排斥とエコーチェンバーの極みですよね('A`)
 #おはリナ",neutral
1460,reddit.com,2024,Screen Time & Device Dependency,en,"Today marks exactly on year since I made the switch to a dumbphone, specifically the MP02, and I thought I'd share a few random thoughts and findings.1. **Can you make the switch?**   Yes, and it's great!   Stop lollygagging and just do it already!   Delete all your social media accounts, clean-up your contact list, and make the switch.   Trust me, you won't regret it!2. **Is it hard?**   Yes, it will be challenging and the weak amongst you might give up and go back to their smartphones.   But hopefully you'll be able to look in the mirror and see that that is the behavior of an addict.   Just tough it out, it's worth it!3. **Is life really better?**   OMG YES!   I can't even begin to describe the amount of peace and tranquility it has brought back to my life.   I read, I enjoy silence, I listen to the radio in my car, I only use the internet at my desktop computer and no where else in my life.   It's been absolutely fantastic!4. **Did you quit cold turkey?**   I tried to, but found myself pulling my old iPhone out of the drawer almost every day for the first month.   So I reformatted it and sold it on Craigslist.",positive
1461,bsky.app,2024,Group Dynamics & Peer Pressure,en,No person in the Korean parliament supported the coup. Not one. That is how tightly liberals will seal an echo chamber if you're not careful,neutral
1462,nypost.com,2024,Cultural Norms & Digital Etiquette,en,"Commit a crime, get deported before doing the time. Mayor Eric Adams said Tuesday that he’s open to deporting migrants from New York City who have been charged with crimes — a shift from his past stance of waiting for convictions before shipping off immigrant criminals. Adams said he soon plans to meet with President-elect Donald Trump’s new “border czar” Tom Homan on the incoming administration’s plans to potentially deport accused migrant criminals. “My position is people who commit crimes in our city, you have abdicated your right to be in our city and I am open to figure out the best way to address that,” he said. “You’ve got a guy, he’s on camera shooting at a police officer,” he said, referring to Bernardo Castro Mata, a 19-year-old from Venezuela who illegally crossed into the US before allegedly shooting two NYPD officers . “I don’t want that guy in my city, plain and simple.” He added: “Those who are here committing crimes, robberies shooting at police officers, raping innocent people, have been a harm to our country.” Hizzoner contended many progressives in this era of “cancel culture” have been afraid to put their foot down on deporting criminal immigrants. “Cancel me, because I’m going to protect the people of this city,” he said. The mayor’s newfound openness to hardline actions comes as the Big Apple — a city defined by the immigrant experience, where the Statue of Liberty beckons “huddled masses yearning to breathe free — braces for Trump’s promised mass...",negative
1463,dailycaller.com,2024,Cultural Norms & Digital Etiquette,en,"Democratic New York City Mayor Eric Adams said Tuesday that he is prepared to sit down with incoming border czar Tom Homan to discuss deporting illegal immigrants who have committed crimes. Adams, who has been grappling with the soaring migrant crisis in New York City, said he is prepared to work alongside President-elect Donald Trump’s incoming administration to tackle the rising crime rates committed by illegal immigrants. He brushed off any concerns regarding the political left’s outrage at his willingness to deport dangerous individuals residing in his city. “Those who are here committing crimes, robberies, shooting at police officers, raping innocent people, have been a harm to our country, I want to sit down and hear the plan on how we’re going to address them,” Adams said. “Those are the people I am talking about and I would love to sit down with the border czar and hear his thoughts on how we’re going to address those who harm our citizens. You know what’s interesting, and I was talking to the team the other day, I want you to go back and google Hillary Clinton and Barack Obama. Google what they said about those who commit crime in our city and what they said in our country. They said ‘those who commit crimes need to get out right away.’ That was their position, so this is not a new position.” “Because in the era of cancel culture, no one’s afraid to be honest about the truth. Well, cancel me, because I’m going to protect the people of this city. And if you come into...",negative
1464,x.com,2024,Cultural Norms & Digital Etiquette,en,"Cancel culture in the philippines is not that great especially for the cheaters example julie b. Situation 
I hope this time pinoys can properly cancel ppl.
Im so sad cuz im startin to like Maris racal pero wtf nlng. Unfollowed",negative
1465,foxnews.com,2024,Cultural Norms & Digital Etiquette,en,"New York City  Mayor  Eric Adams revealed on Tuesday that he is open to meeting with incoming Trump border czar Tom Homan to develop solutions to take on illegal immigrant criminals — and dismissed criticism from the left, telling critics to  cancel me.   nAdams was asked at a press conference about whether he will meet with Homan, who was picked by President-elect Trump to lead the mass deportation operation he intends to launch after he is sworn into office.  n nAdams stressed the city’s openness to immigrants and emphasized the work being done on helping migrants apply for Temporary Protected Status and work authorization, as well as services including case management for migrants.  He said it has now seen a 21-week decrease in migrant arrivals.  n nTRUMP BORDER CZAR HOMAN SAYS HE  LL MEET WITH NYC MAYOR ADAMS TO ADDRESS  MIGRANT CRISIS:  LETS ‘GET THIS DONE’  But we cannot ignore, ignore the fact that the American people have communicated to us, loudly and clearly.  We have a broken system. They want to fix, and we need to fix our immigration system,  he said.  n nHe said he has reached out to Homan and said he would like to speak to him:   I’m not going to be warring with this administration,  I  m going to be working with this administration.",negative
1466,bsky.app,2024,Screen Time & Device Dependency,ja,しばらくの間デジタルデトックス〜！,neutral
1467,x.com,2024,Screen Time & Device Dependency,ja,"『 ほどよいデジタルデトックス 』は大切です。スマホやSNSとの付き合い方って、結構悩ましいと感じてる方も多いはずです。なので、少しだけ向き合い方に『 変化 』を取り入れてみませんか？

メンタルを保つため、意識的にスマホ時間をコントロール",neutral
1468,x.com,2024,Screen Time & Device Dependency,ja,"親にとって重要なテーマの一つである「子どものスクリーンタイム」について、石戸奈々子
@nanakoishido
さんと、文化人類学者で僕の妹の
@mizuko
と一緒に話しました。
テクノロジーを""子どものポテンシャルを拡張するツール"" ""親子間の繋がりを強くできるツール""と捉えると、見方が変わると思います。",positive
1469,x.com,2024,Screen Time & Device Dependency,ja,今の時代っぽいですがデジタルデトックスは凄く大切。このチートシートのおっしゃる通り。,neutral
1470,x.com,2024,Group Dynamics & Peer Pressure,ja,そういえば、インフルエンサーというかYouTuberというか、いわゆる「言論人」が「エコーチャンバー」と言いだし、原語ベースならそうだとしてもネット用語としての「エコチェンバー」と紹介したらバカ扱いされたのは１年ぐらい前かな。思い出してちょっとだけイラッとした。閾値も同じく。,neutral
1471,x.com,2024,Cultural Norms & Digital Etiquette,id,Emang di sini menerapkan cancel culture? Banyak public figure yg problematik hidupnya masih baik2 aja kan.,positive
1472,boards.4channel.org,2024,Screen Time & Device Dependency,en,">There's nothing ""niche"" about EVA lmaoTouch grass. You're a vocal minority pushing horseshit. >just say you were filtered, or that you didn't care for itI gave up after the series and 1 film, I wasn't going to watch 5 more and play dozens of games to get it.>Unless you have some serious and real criticism of the showWhen half the episodes have the same shit happen with the only change being getting edged a bit more about some payoff that never comes, you have a writing issue. When your story is also boring, has no stakes, is too pussy to allow for any real consequences to occur and spams Deus Ex Machinas for the bulk of the episodes before spamming a half assed teaser for future lore drops it's a bad script. >I just watched this series and EoE over the last two weeks. I guarantee if you seriously sit down and watch it, you'll turn over a new leaf on the show. Welcome to the club. Finished it about 2 weeks ago too and it was ass. I fell asleep half a dozen times, which is a record for an anime.I get it, you're a namefag who's pretending he's not a diehard fan because he has an issue with a twink side character being a gay little love interest that was shoehorned in, taking away screen time from the little fantasies you jerked off about.You're not going to convince /tv/ this shit is any good. All you'll do at best is waste people's time like what happened with me when I fell for it. Go back to /a/ where people think crap like Serial Experiments Lain is good.",negative
1473,x.com,2024,Screen Time & Device Dependency,ja,スマホ新調した訳ですが「これがないと不便」と思ってしまう辺り、私もまだまだデジタルデトックスが足りないなと痛感。,neutral
1474,x.com,2024,Cultural Norms & Digital Etiquette,tl,"If ever Ganon nga Ang gusto nila, nasa casual viewers nayan if gagawin nila Yung cancel culture but unfortunately nasa Philippines pala tayo where in a lot of Filipinos Bobo, be it politics and sa mga artista na iniidolo nila.",negative
1475,x.com,2024,Screen Time & Device Dependency,ja,デジタルデトックスしないと……そろそろ編み物するか……？,neutral
1476,x.com,2024,Group Dynamics & Peer Pressure,en,"Georgians already decided, but seems that you pricks didn't liked results, it's not alligned by yours echo chamber void in skull",negative
1477,bsky.app,2024,Group Dynamics & Peer Pressure,en,People are pointing out that the news in Korea broke on Bluesky hours before it broke on Twitter and not to state the obvious but: this is because Twitter is an echo chamber,neutral
1478,x.com,2024,Screen Time & Device Dependency,ja,"ちょっとデジタルデトックスしたい気分。。。
別に何かあった訳じゃないけど
何となく( ˙꒳˙  )
元々はアナログ人間だし
あ、でも、再度毎日更新は続けますよん*゜

https://nyoninkan.com/osaka/girl/detail/?id=24…",neutral
1479,x.com,2024,Screen Time & Device Dependency,ja,夜勤明けって余計なことを言いがちだからデジタルデトックスするようにしてるんだけど、今日の朝はなんかいつもと違って、推しメンの生誕が楽しみだってウキウキしてるから、まだチケット買ってない知り合いの知り合いとかも支えちゃうゾッてお気持ち。今がチャンスです,neutral
1480,bsky.app,2024,Group Dynamics & Peer Pressure,en,First thing I saw was some nigga fat shaming a woman meanwhile his avi…yea. I’m okay with my echo chamber,neutral
1481,bsky.app,2024,Group Dynamics & Peer Pressure,en,"Gen Z Calls it “Throning,” Boomers Called it “Gold Digging”\nArm Candy, Social Climber, Clout Chaser, Dating Up, Modern Non-Romance.\nby Darklady\n\n""A 2018 study revealed that dating app users try to hook up w/people 25% more desirable than they are. Gen Z calls it “Throning.”\n\ntinyurl.com/25auh4dj",neutral
1482,x.com,2024,Group Dynamics & Peer Pressure,id,"pagi2 scroll dikit orang berantem, echo chamber memang",neutral
1483,x.com,2024,Screen Time & Device Dependency,ja,"おはようございます。

長男とデジタルデトックスの話になりました。
長男のお友達はクリスマスに充実した人たちの投稿から離れるため、スマホを置いて山に出かけるとのこと。
それは心身ともに健康的かも。充実した時間を過ごせるといいねと応援したくなりました。

今日も１日がんばります。",positive
1484,bhaskar.com,2024,Social Media & Psychological Well-being,hi,दंतेवाड़ा| आज के डिजिटल युग में इंटरनेट और तकनीकी उपकरणों का उपयोग तेजी से बढ़ रहा है। इसके साथ ही साइबर अपराध की घटनाएं बढ़ रही हैं। साइबर ठगों के द्वारा साइबर ठगी करने के नये-नये तरीके अपनाये जा रहे हैं। आज कल साइबर ठगों के द्वारा डिजिटल अरेस्ट नाम,neutral
1485,youtube.com,2024,Cultural Norms & Digital Etiquette,zh,South Martial law global. 民進黨「挺戒嚴」火速刪文！時代力量主席 王婉諭嚴厲譴責：玷污民主前輩的努力。Breadcrumb，Newtalk新聞 政治  張柏源綜合報導 發布 2024.12.04 00:41,neutral
1486,reddit.com,2024,Cultural Norms & Digital Etiquette,en,"Meh, shouldn’t really praise Korea’s cancel culture. Minsan sumosobra na din and they drive celebrities into unaliving themselves.",neutral
1487,x.com,2024,Group Dynamics & Peer Pressure,en,"A lot of y'all need to be psychologically evaluated bc why is everyone suddenly illiterate and in their own echo chambers. 

Lowkey feel like y'all just wouldn't let a black woman receive her deserved praise for the amount of work she's put for the sake of art.",neutral
1488,reddit.com,2024,"Attention, Focus & Cognitive Load",en,"I’m 18 F and kind of going through the same thing. I’m off my meds right now and I’m trying to learn how to function without them. One thing that is helping me is to set small goals for myself that are just slight improvements on how I already go about my day. I ended up in a depression slump because I felt like a failure and I suddenly had this realization that I needed to change my behaviour. Ngl it’s been really hard and iv only made a little bit of progress but it’s given me a little hope. Basically I wrote out how I want my daily routine to look at the end of this journey (something I used to try to achieve right away then get discouraged when I failed) and then write out the small steps I will take to get there. I started off with replacing unproductive behaviours instead of eliminating them cold Turkey. For example instead of scrolling on TikTok for too long when I wake up I blocked it using an app blocker and did Duolingo instead. Basically I want to make small adjustments to my routine every week until I am getting up early and being productive on a regular basis. Routine is so important and something iv never truly had. Most importantly, be kind to yourself because negative self talk is the main reason you are failing to make progress. (I can give more details about this method if u want)",neutral
1489,x.com,2024,Cultural Norms & Digital Etiquette,id,"emang uang, kuasa dan yg katanya berilmu ngga akan ada apa-apanya kalo emg ngga punya adab. aku yg nonton aja ikut sakit hati apalagi bapaknya dikatain di depan orang banyak. cancel culture kudu berlaku ke orang ini, kalo masih ada yg dateng ke kajiannya gws deh",negative
1490,x.com,2024,Cultural Norms & Digital Etiquette,en,semoga cancel culture dijalankan masyarakat Indonesia  JANGAN GAMPANG LUPA,neutral
1491,x.com,2024,Social Media & Psychological Well-being,en,And that is how our culture treated women for the vast majority of its history. It still does in many ways. Yesterday I saw a bunch of Western traditionalist freaks launch a cyberbullying campaign against a woman for getting a PhD; telling her she should be in the kitchen. etc.,negative
1492,x.com,2024,Group Dynamics & Peer Pressure,ja,本当に、エコーチェンバー内の声以外は真底どうでもいいんでしょうね。そうでなきゃ、あれだけの反論を受けて普通にメンタルがもたないと思うのです。,neutral
1493,x.com,2024,Screen Time & Device Dependency,ja,"デジタルデトックスが私にいい影響ばかりでの
オリジナル格言

「犬とハサミは使いよう
スマホは依存しないよう」

天才か私
うん、知ってた

on haw genius I am！←合ってるか？",positive
1494,x.com,2024,Cultural Norms & Digital Etiquette,ms,cancel culture aja nih si Miftah ini berak bat tai,negative
1495,x.com,2024,Screen Time & Device Dependency,ja,デジタルデトックスはこういう時に出遅れるのが怖いな......びっくりした.........,negative
1496,x.com,2024,Screen Time & Device Dependency,ja,おみやげ話期待しております！！今私デジタルデトックス中でして実は私テレビのリモコンぶん投げてしまったのでリモコン使えずに５日目突入です！！,neutral
1497,x.com,2024,Screen Time & Device Dependency,ja,"これより、デジタルデトックスに入る！
今日もファイトで気張ってや！",neutral
1498,x.com,2024,Screen Time & Device Dependency,ja,スクリーンタイム親に見られない方法,neutral
1499,x.com,2024,Cultural Norms & Digital Etiquette,id,gus miftah tidak sadar betapa kerasnya Cancel culture di internet.,neutral
1500,x.com,2024,Social Media & Psychological Well-being,en,"The scales of cosmic injustice have left one bereft and spiritually a woman of substance but of no metaphysical means, or something something Sargonish.
I'm glad I learned to speak borderline schizo autistic when I didn't go to school, handy for cyberbullying the Dunning Krugers.",positive
1501,x.com,2024,Screen Time & Device Dependency,ja,"おはよー！21時〜です！21時〜です！
デジタルデトックスしてくださいね‍",neutral
1502,reddit.com,2024,Screen Time & Device Dependency,en,"> I'm hoping this doesn't take 15 episodes to untangle only for the finale to have substantial, satisfying progress

Yeah it does make me wonder. If I had to guess I think they'll start to untangle this, albeit slowly, within the immediate future. Hina might end up getting some screen time after this turn in the story, but I have a hard time believing the focus will stay off of Chinatsu for too long; It'll probably be similar to how Hina had a ~2ish episode focus before jumping back to Taiki's perspective. Maybe it'll be a *little* bit longer this time.

> it gives me some hope this show isn't gonna just string me along like a romance anime from the 2000s

I think so far the signs are too good for that to be the case, but admittedly, I'm seeing what I want to see LOL 

> in particular you reminded me we haven't heard what chinatsu is really thinking, only what she's said

I was mulling this over in my head actually— how I would most like to see her perspective unveiled. They could start switching to her POV as things continue to escalate, **or**, having come this far, they could just play the long game— keeping us in Taiki's perspective, then having her pour her heart out when the proverbial dam breaks and she fully opens up to him.",positive
1503,x.com,2024,Cultural Norms & Digital Etiquette,id,"Meminta maaf itu wajib, namun cancel culture harus tetap berjalan",neutral
1504,x.com,2024,Cultural Norms & Digital Etiquette,id,"Ayo dong indo terapin cancel culture kek di korea, biar orang yg modelan gus2an itu ga dpt panggung, asli gedeg bgt w",neutral
1505,bsky.app,2024,Group Dynamics & Peer Pressure,en,"After I realized what was happening in S. Korea, I started looking for sources and live updates. Bluesky was all I needed. Twitter, however, I realized is now no better than Truth Social and an echo chamber for the right with little to no news or updates on topics contrary to their (Elmos) agenda.",negative
1506,x.com,2024,Screen Time & Device Dependency,ja,端末は情報過多になるので、わたしも頭死んできたら意図的にデジタルデトックスやります。,neutral
1507,x.com,2024,Screen Time & Device Dependency,ja,"𓂃◌𓈒𓐍𓂃 𓈒𓏸◌𓈒 𓂂𓏸𓂃◌𓈒𓐍 𓈒𓏸𓂃 𓈒
           今 日 は  水 曜 日 

#デジタルデトックス dayにつき
      いいねなどお休みです
           ま た あ し た ね ！

𓂃◌𓈒𓐍𓂃 𓈒𓏸◌𓈒 𓂂𓏸𓂃◌𓈒𓐍 𓈒𓏸𓂃

▼条件達成で限定ブロマイドゲット！",positive
1508,x.com,2024,Cultural Norms & Digital Etiquette,id,"cancel culture aja semuanya itu, najong bgt",neutral
1509,x.com,2024,Cultural Norms & Digital Etiquette,ms,"Cancel culture aja, dia ini sering goblokin orang di keramaian",negative
1510,punchng.com,2024,Social Media & Psychological Well-being,en,"The Ekiti State Commissioner of Police, Mr Adeniran Akinwale, has defended the arrest of the Lagos-based human rights activist, Dele Farotimi for alleged cyberbullying and defamation. In an interview with our correspondent on Tuesday, Akinwale said the alleged offences committed by Farotimi included “defamation of character, cyberstalking and other things” noting that those two allegations were “fully established.” He said, “We are investigating him (Farotimi). If the suspect is arrested, we will bring him for investigation. We will conduct our investigation and will be able to know his level of culpability or otherwise.” Reacting to the arrest in a telephone conversation with our correspondent on Tuesday, the Director General of the Labour Party presidential campaign council, Akin Osuntokun, condemned how the lawyer was arrested. He expressed concerns about the alleged involvement of Chief Afe Babalola whom he described as an illustrious personality. Osuntokun said, “I know Dele Farotimi as a junior I was a bit disturbed about the fact that the police commissioner in Ekiti state would come to Lagos to come and arrest someone about cybercrime which is always a euphemism for whatever grouse the police has. Chief Afe Babalola is an illustrious citizen of Nigeria, his name being attached to what has happened. “I am sure that Babalola will not get involved in something like this. Something is missing somewhere. The method with which he was apprehended, I won’t know how that is...",negative
1511,reddit.com,2024,"Attention, Focus & Cognitive Load",en,"You think it's bullshit but it's very much realistic. You think billionaires won't do it just to spite the government? Heck, you don't need to look at billionaires, look at the wealth tax France tried to implement and see how well that went.


US physical production lags China by a significant margin. Natural resources is nice in the US but by far the economy is driven by education and talent. This means people. And if the US can brain drain talent from China and Russia, the reverse can be true as long as pay keeps up. People care about how much they're getting paid.",neutral
1512,x.com,2024,Screen Time & Device Dependency,ja,"LIKE THE AUDACITY, MY SCREEN TIME NOT EVEN THAT CRAZY?:(/?/?",positive
1513,x.com,2024,Cultural Norms & Digital Etiquette,id,"Sbnernya smua politik itu abu2, kyk dikorea mreka berani resign jg krna gak mau keseret ksus presiden skrg. Tp klo diindo mreka gk peduli, slma kedudukn mreka aman ya santuy aja. Dsni jg gk ada cancel culture,pling ya sanksi sosial ringan.",neutral
1514,navbharattimes.indiatimes.com,2024,Social Media & Psychological Well-being,hi,गाजियाबाद: साइबर ठगों ने गाजियाबाद के कविनगर में रहने वाली निवासी सॉफ्टवेयर इंजीनियर को कूरियर में ड्रग्स रखकर कनाडा भेजने का आरोप लगाकर जांच के नाम पर धमकाया।,negative
1515,x.com,2024,Cultural Norms & Digital Etiquette,id,"Bagus dah kalo udh minta maaf, tp cancel culture harus tetep jalan y",positive
1516,aajtak.in,2024,Social Media & Psychological Well-being,hi,Feedback  हरियाणा के चरखी दादरी में एक चौंकाने वाली घटना सामने आई है.  यहां मिलिट्री के हवलदार को साइबर ठगों ने टेलीग्राम ऐप के माध्यम से टास्क का झांसा देकर 12 लाख 47 हजार 880 रुपये ठग लिए.,negative
1517,x.com,2024,Group Dynamics & Peer Pressure,id,"Sebenrnnya netizen luar juga sama aja mas cuman kita di echo chamber negara kita sendiri, ceo tesla dan x sendiri juga bilang, apakah phd akan useful, dia bilang mostly not, elon juga bukan yg pertama sih bilang gini hehehe",neutral
1518,x.com,2024,Screen Time & Device Dependency,ja,"おっしゃる通り「ヒロイン平等」が意味するところって

活躍や見せ場、スクリーンタイム
主人公クラウドからの恋愛感情や行為

ですよね。後者なら気持ち悪いです。
見せ場に恋愛要素を含むとしたらエアリスは当然のようにザックスを期待されてますし…普通は",neutral
1519,x.com,2024,Group Dynamics & Peer Pressure,ja,そうこれこれ！エコーチェンバー内に恣意的に歪曲というフィルターを掛けて垂れ流しているのがいるんですね。信者の総数がデカいからこういうSNSビジネスが成立してしまうんです。こいつらのせいで信者達の確証バイアスが加速し、自転してしまう。双方にとって害悪なビジネスをやっている奴らです,negative
1520,reddit.com,2024,Cultural Norms & Digital Etiquette,en,"Aunt Jemima was this old-school pancake mix and syrup brand that started way back in the late 1800s. The name and logo were based on this racist stereotype of a ""mammy"" figure—a caricature of a Black woman who was super happy serving white families. It was pretty messed up, but people just kinda ignored it for a long time.

Fast forward to the 21st century, people started calling it out for being racist. Like, it was literally based on minstrel show vibes. In 2020, during all the racial justice protests, the company (owned by Quaker Oats) finally decided to rebrand. They dropped the Aunt Jemima name and image and switched to ""Pearl Milling Company."" Some folks were like ""finally,"" while others complained about ""cancel culture.""

So there's no joke, just whiney anti woke little bitch crying about change.",negative
1521,x.com,2024,Cultural Norms & Digital Etiquette,id,"ohhh takut kena cancel culture orang luar jateng jatim kah?? semoga cepet di copot deh jabatannya, rugiii boyyy ngidupin orang begini",positive
1522,malaysiakini.com,2024,Social Media & Psychological Well-being,en,"PAS Youth chief Afnan Hamimi Taib Azamudden has accused the government of ignoring cyberbullying against pro-Perikatan Nasional influencers to “kill off” the coalition. Referring to an incident involving Malacca PAS women's wing information chief Hawa Yaakub, he said the PAS influencer faced severe cyberbullying. ""Hawa from Malacca was badly cyberbullied, with people questioning Please join the Malaysiakini WhatsApp Channel to get the latest news and views that matter.",negative
1523,x.com,2024,Cultural Norms & Digital Etiquette,id,"alahh alah pencitraan buat bersihin nama, orang kayak gini wajib di cancel culture",neutral
1524,x.com,2024,Group Dynamics & Peer Pressure,en,"The thing is, is that you constantly dip into this echo chamber that reminds you of a bunch of dramatic and fake bullshit, you go out into the real world expecting it, you come home and are like ""Welp, no woman wants me"" when you spend jack time trying.",negative
1525,x.com,2024,Screen Time & Device Dependency,ja,結那さんがデジタルデトックス愛好会の推しの情報を定期供給してくれるので非常に助かってる,positive
1526,x.com,2024,Cultural Norms & Digital Etiquette,ms,"plis terapin cancel culture buat nih orang, blacklist biar gak pernah muncul lagi di publik",neutral
1527,x.com,2024,Screen Time & Device Dependency,ja,課題多すぎて一生待ち受けメモ帳にしてるからスマホ開く度に鬱なってデジタルデトックスできる気がしてきた,negative
1528,x.com,2024,Screen Time & Device Dependency,ja,やべっデジタルデトックスしてんの忘れてた（末期）,neutral
1529,x.com,2024,Screen Time & Device Dependency,ja,"デジタルデトックスも兼ねてご自身のペースで！
SNS疲れきついので…",neutral
1530,x.com,2024,Cultural Norms & Digital Etiquette,ms,pencitraan ini mah.. ttp tegakkan cancel culture,neutral
1531,x.com,2024,Screen Time & Device Dependency,ja,同時期に失恋した中で未だに毎日Xに浮上して同じような事をグチグチと言ってるの俺だけでお恥ずかしい。デジタルデトックスした方がいいかもしれない。,negative
1532,x.com,2024,Cultural Norms & Digital Etiquette,en,VIRAL MOMENT: Eric Adams Blasts 'Cancel Culture' After Pledging To Work With Border Czar Tom Homan,negative
1533,x.com,2024,Screen Time & Device Dependency,ja,スマホの使いすぎで集中力が金魚以下に？睡眠や記憶力への影響も深刻。デジタルデトックスで脳を守ろう！ #スマホ依存 #デジタルデトックス #健康管理 #集中力,neutral
1534,x.com,2024,Group Dynamics & Peer Pressure,en,Cap this woman is clout chasing period nobody is exposing anything these so called celebrities aren't talking about Diddy to anyone 🧐🤔🙄,neutral
1535,dailyjanakantha.com,2024,Screen Time & Device Dependency,bn,"পারিবারিক নিয়ম শিশুদের জন্য অত্যন্ত গুরুত্বপূর্ণ, কারণ এটি তাদের শৃঙ্খলা এবং দায়িত্বশীলতা শেখায়, পাশাপাশি একটি সুখী ও সুস্থ পরিবেশ তৈরি করতে সহায়তা করে।",positive
1536,youtube.com,2024,"Attention, Focus & Cognitive Load",zh,新加坡人才位移. 太多了😂😂😂😂😂。这样中国人多,neutral
1537,reddit.com,2024,Screen Time & Device Dependency,en,"It would have been “a lot” for her to see another woman (e.g. Ilona, Jenna) get so much well-deserved attention 😢 and to have so little screen time herself",neutral
1538,x.com,2024,Screen Time & Device Dependency,ja,私上手いかどうかは別として料理するの好きなんだけど、最近思ったのはデジタルデトックスできるから好きなのかも、,positive
1539,bsky.app,2024,Screen Time & Device Dependency,ja,ただでさえ不安な情報が多く 外的刺激もある、携帯から離れるデジタルデトックスをおすすめします😌\n連絡するのも、本当に信頼できる人だけにして,neutral
1540,x.com,2024,Screen Time & Device Dependency,ja,今日はデジタルデトックスで森林浴です！,neutral
1541,x.com,2024,Screen Time & Device Dependency,ja,"スマホ外へ持って行かないことして

デジタルデトックス

今帰ってきてるから触れてるけど

少しでもいいから
スマホから離れること

情報から離れる",neutral
1542,x.com,2024,Screen Time & Device Dependency,ja,しばらくデジタルデトックスしないと,neutral
1543,x.com,2024,Screen Time & Device Dependency,ja,"デジタルデトックス！
またらいしゅ〜",neutral
1544,x.com,2024,Screen Time & Device Dependency,ja,デジタルデトックス！！,neutral
1545,x.com,2024,Screen Time & Device Dependency,ja,デジタルデトックスってゆうても1日2日くらいかなと思ってたけど仲の良い友達複数いたら全然ずっとできますね,positive
1546,bsky.app,2024,Screen Time & Device Dependency,ja,もうしばらくデジタルデトックスしよう,neutral
1547,x.com,2024,Group Dynamics & Peer Pressure,tr,bu arada maalesef öyle bi durum yok ya. twitter’ın echo chamber olayı şaka değil,neutral
1548,x.com,2024,Cultural Norms & Digital Etiquette,id,"dia minta maaf emang udah seharusnya, tapi menurut gw emg harus ada cancel culture buat org kayak dia",negative
1549,x.com,2024,Cultural Norms & Digital Etiquette,id,"Najis geli liat nya, semoga kena cancel culture, gak laku lg lo",positive
1550,x.com,2024,Cultural Norms & Digital Etiquette,id,"Cancel culture yang bisa kita terapkan
1. Tidak perlu lagi kata ""Gus""
2. Jangan undang ngisi pengajian",neutral
1551,hindi.news18.com,2024,Social Media & Psychological Well-being,hi,"भागलपुर.  बिहार में साइबर ठगी का मामला लगातार बढ़ता ही जा रहा है.  साइबर ठग नए-नए तरीके से ठगी कर रहे हैं.  भागलपुर में भी एक ऐसा मामला सामने आया है, जिसमें ठगी का एक पूरा गैंग पकड़ा गया है.",neutral
1552,x.com,2024,Cultural Norms & Digital Etiquette,id,apakah akan ada cancel culture? apakah gue akan percaya yg begini bakal kena cancel culture? wkwkwk,positive
1553,x.com,2024,Cultural Norms & Digital Etiquette,id,"Rasanya percuma kita berkoar koar.. paling abis berita ini redup, dia tetep aja tuh melalang buana sana sini  ntah kapan cancel culture bisa diterapin dsini :/",neutral
1554,reddit.com,2024,Group Dynamics & Peer Pressure,en,"This 100%. The little things add up. While the economy was a huge point for elections globally, not all incumbents lost. Percentage points are being lost over a range of issues, one being our candidate being a black woman. Liberals/left are so fucking blind to how much prejudice still exists because they are in their little echo chamber and not everyone feels comfortable sharing their real thoughts. For some, being a woman is disqualifying, same goes for being Black.",negative
1555,x.com,2024,Cultural Norms & Digital Etiquette,id,"Cancel culture sih harusnya, biar bener2 sadar diri",neutral
1556,x.com,2024,Cultural Norms & Digital Etiquette,id,harus di cancel culture si!! ntah udh minta maaf atau belum. tapi kalo cara dakwahnya udh sponton ngomong kasar ky gitu atau bercanda yg merendahkan orang lain kaya gitu tuh udh gak baik,neutral
1557,x.com,2024,Cultural Norms & Digital Etiquette,id,"Setuju cancel culture perlu biar jera, gak yg cuma maaf doang trus masalah selesai",neutral
1558,x.com,2024,Cultural Norms & Digital Etiquette,id,"Waww aku sependapat sih, kyknya lapor ke jalur hukum juga percuma apalagi dia jadi utusan khusus presiden yang pasti back upnya banyak. Tepat dikasih sanksi sosial dan cancel culture supaya namanya gak populer lagi dan udh jadi citra yang buruk apalagi buat seorang “gus” katanya",neutral
1559,x.com,2024,Screen Time & Device Dependency,ja,"デジタルデトックスにどうぞ、ハイネケンジャパンがスマホアプリ『The Boring Mode』を公開中 #ブログ更新 
http://blog.norimen.com/article/241204-2.html…",neutral
1560,x.com,2024,Screen Time & Device Dependency,ja,サウナって強制デジタルデトックス出来るのもいいよねw,neutral
1561,ice.co.il,2024,Screen Time & Device Dependency,he,"גיא פינס (צילום מסך קשת 12)  הביקורת שנשמעה כנגד פינס היא שיצר זילות לנושא החטופים, נהג באטימות וניתוק, והכניס את ההערה שלו באגביות ולתוך תחום הבידור שלא תואם נושא כל כך כאוב ורציני.",negative
1562,x.com,2024,Cultural Norms & Digital Etiquette,id,"Tetep cancel culture ya
Jangan jadi kebiasaan public figure melalukan kesalahan minta maaf selesai",negative
1563,bsky.app,2024,Group Dynamics & Peer Pressure,ja,「 #ふてほど 」は本当に #流行語 なのか-- #Googleトレンド で調べてみた（CNET Japan） - Yahoo!ニュース \n#2024ユーキャン新語・流行語大賞 が発表された。年間大賞には「ふてほど」が選ばれた。TBSの金曜ドラマ「不適切にもほどがある ! 」の略称だ。 【画像】Google ... \nnews.yahoo.co.jp/articles/c4a... \n\n#エコーチェンバー #エコチェン,neutral
1564,x.com,2024,Cultural Norms & Digital Etiquette,id,ayo budayakan cancel culture panggilan habib dan gus ini,neutral
1565,x.com,2024,Group Dynamics & Peer Pressure,en,"Since the fall of autocrat Sheikh Hasina, there is an increase of inflammatory media commentary and political rhetoric against Bangladesh coming from certain Indian quarters. There is now an echo chamber filled with misinformation, fueling persistent anti-Bangladesh sentiment.",negative
1566,x.com,2024,Cultural Norms & Digital Etiquette,ms,dah kena cancel culture baru kelimpungan lu mif,negative
1567,x.com,2024,Cultural Norms & Digital Etiquette,zh,PLIS CANCEL CULTURE HARUS DIREALISASIKANN!!!!,neutral
1568,x.com,2024,Cultural Norms & Digital Etiquette,id,"dicancel aja harusnya, tapi orang2 kita susah buat nerapin cancel culture",neutral
1569,reddit.com,2024,"Attention, Focus & Cognitive Load",en,"---

Profile Overview

GPA: Grade 9: 3.70, Grade 10: 3.4, Grade 11: 3.67, Grade 12: 3.75

IELTS: 7.5 Overall

Major: Economics

Demographics: Kathmandu, Nepal

EFC: $10,000


Activities

1. NCC Senior Cadet (17th Division)
Completed 100-day military camp, promoted to Sergeant, mentored 36 cadets, and led community service projects.


2. Senior Mess Captain
Cut food waste by 25%, managed logistics, and led a team to win the 'Best Mess' title after 15 years.


3. Founder, Econova Academy
Conducted 5 workshops on major selection, mentoring 15 students to pursue economics.


4. Environmental Volunteer
Coordinated logistics for planting 1,000 trees in 5 days, engaging 500+ community members.


5. Managing Editor, School Magazine
Curated 108 articles from 4,000 students and managed the printing of 5,000 copies.


6. Community Volunteer
Led a month-long program for 300 village students, boosting English and math scores by 30%.


7. Manager, Gautam Kirana Store
Increased sales by 5% through social media and optimized expenses via daily audits.


8. Football Captain
Led the team to regional runners-up and organized 30+ training sessions.


9. Founder, Fish Breeding Business
Bred shrimp fish, generating a profit of 20,870 NRs per cycle.


10. Drama Artist
Starred in a brain drain play and won Best Actor from the Chief of Army Staff.



Honors

1. All Nepal Rank 5, Pokhara University Scholarship Exam (National).


2. Highest GPA Holder among 570 graduates, Suryabinayak Municipality (Regional).


3. Best Leader, Sainik Awasiya Mahavidyalaya (School).



Suggest me ed2 and safety colleges ! 
I applied Kenyon in ed1 
",positive
1570,x.com,2024,Cultural Norms & Digital Etiquette,id,"sayangnya cancel culture masyarakat sama pemerintah kita kagak ada. Yg begini2 masih aja di daerah warga2 kabupaten pada hormat, kalo di jakarta doi ada dakwah mungkin udah digruduk sama warga sini kali venue nya wkwk",neutral
1571,x.com,2024,Screen Time & Device Dependency,ja,デジタルデトックス,neutral
1572,x.com,2024,Screen Time & Device Dependency,ja,"ありがとうございます
なんとか試行錯誤しました…笑笑
貴重な社会人の休日でしたがデジタルデトックスできて、ストレス発散になりました…",positive
1573,x.com,2024,Cultural Norms & Digital Etiquette,zh,TOLONG DONG YG UNDANG MIFTAH JANGAN UNDANG LAGI CANCEL CULTURE AJA DIA TAI EMOSI,neutral
1574,x.com,2024,Social Media & Psychological Well-being,hi,"साइबर ठगी से रहे सावधान, खुद को और अपने परिवार को साइबर ठगों से बचाये।
 
रुको, सोचो और एक्शन लो, सावधानी ही बचाव है।

अपने परिवार और दोस्तों को भी ऐसे हो रहे साइबर ठगी से सचेत करे।

सावधान रहें, सतर्क रहें और साइबर फ्रॉड से सुरक्षित रहें।
@vishnudsai
@GovernorCG
 @vijaysharmacg",neutral
1575,x.com,2024,Digital Presence & Identity Management,fa,"Have you heard of the concept of toxic positivity?

عزیز دل این اگه برینه هم شما ازش بت میسازین. یک اروپایی الصل اشغالگر خودخواه و خود شیفته از  آفریقای جنوبی اومده کانادا بعد امریکا . بعد قانون اساسی کشوری که توش به دنیا نیومده تفسیر میده بیرون ما عن کف بشیم؟",positive
1576,x.com,2024,Social Media & Psychological Well-being,hi,"#MissionShakti_5 के अंतर्गत एंटी रोमियो टीम #NoidaPolice  द्वारा सार्वजनिक स्थानों के आस-पास भ्रमणशील रहते हुए महिलाओं/बालिकाओं को गुड टच बैड टच, महिला संबंधी अपराधों, साइबर अपराध व उनसे बचाव के उपाय एवं विभिन्न हेल्पलाइन नम्बरों के संबंध में जानकारी देकर जागरूक किया गया।",negative
1577,x.com,2024,Cultural Norms & Digital Etiquette,ms,"Bener sih. Mun memang khilaf, pas acara atawa beres acara nyamperkeun. Lain isukna, eta mah gara gara sieun viral jeung cancel culture hungkul",neutral
1578,x.com,2024,Cultural Norms & Digital Etiquette,id,"Biasa terjadi pak Miftah. 
Tim Cancel Culture X itu bukan dari Allah. Saya yakin banget mereka itu bukan dari Tuhan.",neutral
1579,x.com,2024,Cultural Norms & Digital Etiquette,ms,"Catet ya!
Minta maaf karena ditegur seskab bukan atas kesadaran diri sendiri 

Terapin cancel culture buat nih manusia!",negative
1580,x.com,2024,Cultural Norms & Digital Etiquette,id,"meski gini, cancel culture harus tetep jalan si. jangan lagi2 dikasi panggung",negative
1581,reddit.com,2024,Group Dynamics & Peer Pressure,en,"Yikes, we copy the west ideology and gaslighting techniques faster than China copies patents.

What a farce of a post, creating an echo chamber & demonising the majority that disagrees with you.

Reminds me of??? Oh yes, the US elections where Trump was termed “Hitler” almost everyday.

Yes, the country of India has a lot of scope to improve in all aspects.

No, you are being as dramatic as an Ekta Kapoor soap and the country is no where near what you are projecting it to be. Stop with the extremism.

And before you say something stupid, I believe any form of extremism is bad be it left, right, ethnic, identity or religion.",negative
1582,reddit.com,2024,Group Dynamics & Peer Pressure,en,"Yikes, we copy the west ideology and gaslighting techniques faster than China copies patents.

What a farce of a post, creating an echo chamber &amp; demonising the majority that disagrees with you.

Reminds me of??? Oh yes, the US elections where Trump was termed “Hitler” almost everyday.

Yes, the country of India has a lot of scope to improve in all aspects.

No, you are being as dramatic as an Ekta Kapoor soap and the country is no where near what you are projecting it to be. Stop with the extremism.

And before you say something stupid, I believe any form of extremism is bad be it left, right, ethnic, identity or religion.",negative
1583,reddit.com,2024,Screen Time & Device Dependency,en,At the moment I’m ready for a new season like tomorrow because the rehashing of the season every 2 business days on that app is ridiculous. Like people not realizing we only see like 10-15 minutes of each islanders day squeezed into one 1 hour episode. And let’s be real they were giving rob and Aaron’s bromance and Kaylor and Aaron more screen times than the other couples.,negative
1584,x.com,2024,Screen Time & Device Dependency,ja,先日出した本でやり切った感があり、次の本になかなか手がつかない。絵もアナログで描いている。なんとなくiPadで描く気が起きなくて。デジタルデトックスじゃ。出したい本というか話はまだまだあるので、少しずつになってしまうけど、今後出します。,neutral
1585,bsky.app,2024,Digital Boundaries & Relationships,ja,カル・ニューポートがデジタル・ミニマリストの後に出した『超没入』という本を読み始めた,positive
1586,x.com,2024,Cultural Norms & Digital Etiquette,id,"Cancel culture harus mulai diterapkan. Klu dia masih ngisi pengajian didaerah kalian, lempari aja pakek batu",neutral
1587,x.com,2024,Cultural Norms & Digital Etiquette,id,"nah karna sering terjadi dan diwajarkan jadinya begitu, miris bgtt.
harusnya langsung cancel culture aja",neutral
1588,x.com,2024,Cultural Norms & Digital Etiquette,id,"Dari gerak geriknya ini mah namanya intimidasi, bukan gerak-gerik menyesal/menyampaikan maaf 
Ayo terus kasih sanksi buat orang ini! Terapkan cancel culture",positive
1589,x.com,2024,Cultural Norms & Digital Etiquette,id,"Time will tell, 
tp menurutq cancel culture disini kurang kuat terutama buat org yg punya kuasa n punya duit.

Apalagi kalo jabatannya masih tetep, yg ada semakin di depan ....",neutral
1590,x.com,2024,Screen Time & Device Dependency,ja,仕事忙しくて半強制的にデジタルデトックスになってる,neutral
1591,x.com,2024,Screen Time & Device Dependency,en,"The screen time of the 3 couples is fair, of course, but you guys are always obsessed with the center position or what you call ""番位"" in China of ML and NTF. Is that important?",positive
1592,x.com,2024,Screen Time & Device Dependency,ja,"だらだらしちゃう

錦糸町【楽天地スパ】激戦地のサウナをレビュー!混雑度や料金の高い噂などを検証 https://yamadetobu.com/rakutenchi-spa/ 

#サウナイキタイ
#アウフグース
#ロウリュ
#サウナ好き
#デジタルデトックス",neutral
1593,x.com,2024,Screen Time & Device Dependency,vi,“Họ có ít screentime hơn cũng dễ hiểu vì họ đã có một series riêng vào năm sau” thế ai là người bảo screen time bằng nhau ấy nhờ? Không phải idol các bạn sao? ML có hai series là vì họ xứng đáng chứ tham lam cái đ gì,neutral
1594,x.com,2024,Cultural Norms & Digital Etiquette,id,"tp sebenernya dg kita ngehujat jg bikin kita sama aja dg blio, harusnya cancel culture aja",neutral
1595,x.com,2024,Social Media & Psychological Well-being,ja,"NISMO FESTIVAL 2024
1995 Le Mans 24h Race NISMO GT-R LM

ワイドボディなレーシング仕様のR33。めちゃくちゃカッコ良い！JOMOのロゴも懐かしい。当時も今回も、ステアリングを握ったのは近藤真彦監督！

#NismoFestival2024 #ニスモフェスティバル",positive
1596,x.com,2024,Cultural Norms & Digital Etiquette,he,"זה לא קשור ל-woke culture ולא ל-cancel culture, אתה פשוט קשקשן דמיקולו",neutral
1597,x.com,2024,Cultural Norms & Digital Etiquette,id,kenapa harus di take down video nya? kenapa ga nerapin cancel culture aja ke Pak Miftah ini,neutral
1598,x.com,2024,Cultural Norms & Digital Etiquette,id,"gas langsung di cancel culture kaka kaka semua, org sakit jiwa gausah dikasi panggung",negative
1599,x.com,2024,Cultural Norms & Digital Etiquette,id,"ayo dong jalankan cancel culture di Indonesia, terutama buat orang yg bertitel 'gus' yg mulutnya sampah.",neutral
1600,x.com,2024,Group Dynamics & Peer Pressure,ja,"エコーチェンバーの恐ろしさだよな
単純に本人含め周囲の人間の倫理観が終わってて蛮人だったことに気付かず、むしろ高尚だったかのように思い込んで、一般的な倫理観を持った人を見下していたから、数十年経って恥ずかしげもなく犯罪を暴露するという",negative
1601,x.com,2024,Screen Time & Device Dependency,ja,"仕事が折り紙なら最高ですね
でも休日に一日中折り紙に没頭してみて、デジタルデトックスでかなりストレス発散になりました",neutral
1602,x.com,2024,Cultural Norms & Digital Etiquette,tl,"Kung toxic mang cancel ang Korean netizens sa mga celebrity at idols nila, eh mas malala pa ang mga Filipino fans mang cancel culture ng celebrities 
Akala naman nila may mapapala sila pag cancel sa mga celebrities. Eh di naman nila kayo kilala sa personal.",negative
1603,reddit.com,2024,Screen Time & Device Dependency,en,"At first I tried to do my reviews everyday, at the worst now I will get my due done or nearly done. Sometimes I might skip new cards if I get burnt out on that. However I try to do dedicated immersion everyday, and rather than consider it study it is just my daily life. I usually aim for 2-3 hours of immersion at minimum, though usually get 5-6 though if all is included. I've not yet skipped a day of doing something related to japanese though.  
I learned to measure my time in the day and I know I can squeeze in an hour here or there during the day that I used to just spend doomscrolling on youtube or discord chat. Got good at allocating that time to useful learning.",neutral
1604,x.com,2024,Cultural Norms & Digital Etiquette,id,Setuju copot jabatan biar ada sanksi sosial dan cancel culture. Ayo buat petisi.,neutral
1605,x.com,2024,Cultural Norms & Digital Etiquette,id,"Okelah si pak Miftah itu udah minta maaf, beliau bilang ditegur A, B, C,D, dll. Gw berharap permohonan maafnya memang tulus, bukan karena takut akan citranya yg buruk. Manusia memang harus saling memaafkan, tapi please tetap terapin cancel culture.",neutral
1606,x.com,2024,Cultural Norms & Digital Etiquette,id,"Gw udh cancel culture liat yg begini, apalagi ada gus gusan dan habib habib bodong, pls case doang agama tuh bnr2 nyata dan pernah ngalamin, makannya pas liat gini kek anj ko org org tolol mau ikut denger ceramah yg ga berbobot dan mengagung ngangungkan org ga ber manner, oon",negative
1607,x.com,2024,Persuasive Design & Algorithm Ethics,en,"I think if you don’t understand that 
@IGGYAZALEA
 is a business woman creating a sustainable real world business using $MOTHER as tender - and moving from just being a memecoin whilst also still capitalising off of that attention economy - I mean then you just don’t get it",neutral
1608,bhaskar.com,2024,Social Media & Psychological Well-being,hi,भोजपुर जिले के आरा साइबर थाना की पुलिस ने आनलाइन ठगी के मामले में एक साइबर ठग को गिरफ्तार किया गया है।,neutral
1609,ndtv.com,2024,Screen Time & Device Dependency,en,"Cardiac arrest is a heart condition that occurs suddenly and can often lead to unexpected loss of heart function, breathing, and consciousness. It can result from an electrical disturbance caused in the heart that disrupts the pumping action. This can further prevent oxygen-rich blood from circulating to vital organs, including the brain. If immediate medical help such as cardiopulmonary resuscitation (CPR) or the use of a defibrillator is not provided, the cardiac arrest can turn fatal in a matter of minutes. Unlike a heart attack, way it is caused by blockage reducing blood flow to the heart, a cardiac arrest is primarily an electrical issue. Recently, there is an increasing amount of evidence to led us to believe that cardiac arrests are becoming more common in younger people. Read on as we discuss some common factors that may lead to this. Park Min-jae, a South Korean actor has died at the age of 32 reported by South Korean news agencies. He unfortunately died from a cardiac arrest that occurred suddenly on November 29, Friday while on his way to china. Reasons why cardiac arrest may be an increasing concern for youngsters Prolonged hours of screen time due to remote work and minimal physical activity can also lead youngsters to a sedentary life. This increases the risk of obesity, high blood pressure and other cardiovascular diseases which can lead to cardiac arrest. The consumption of processed foods, foods high in sugar, salt, and unhealthy fats is very common among...",negative
1610,bsky.app,2024,Cultural Norms & Digital Etiquette,en,"This is also true in music and any woman with a profile calling out abuse, war crimes or pushing for systemic change \n\nMen bleat about cancel culture but serious allegations are excused and washed away\n\nAbusers get a media-led redemption arc then headline festivals. Some become president.",negative
1611,x.com,2024,Screen Time & Device Dependency,ja,"デジタルデトックスの重要性について最近よく考える。
１日に寝る時間以外の数時間デジタルヴォイド時間作りたい。やはり読書か

Carter Tutti Void - f = (2.2)
https://youtube.com/watch?v=n3pAHQ-ZI1k…",neutral
1612,x.com,2024,Screen Time & Device Dependency,ja,"おはようございます

ちょっと遅くなってしまいましたが
今日は朝散歩して作業して
ジムいって作業してという
スケジュールで動いていました！！

デジタルデトックスを完全にするのは
Vtuberは難しそう....

気長に行こう！",neutral
1613,x.com,2024,Group Dynamics & Peer Pressure,th,คนใน echo chamber (นิเทด) มี common quality ร่วมกันคือ วันนาบีอยากจะโต เลยวิ่งเข้าหาสื่อตั้งแต่เด็ก555555544,neutral
1614,mehrnews.com,2024,Social Media & Psychological Well-being,fa,به گزارش به نقل از ورایتی، حماسه تاریخی «بروتالیست» با بازی آدرین برودی عنوان بهترین فیلم را از حلقه منتقدان فیلم نیویورک کسب کرد و علاوه بر آن جایزه بهترین بازیگر مرد را برای آدرین برودی به ارمغان آورد.,positive
1615,x.com,2024,Group Dynamics & Peer Pressure,ja,B層がSNSをすると、アルゴリズムによるフィルターバブルとエコーチェンバーにより、ネトウヨ（自発的な奴隷）ができあがります。,neutral
1616,x.com,2024,Social Media & Psychological Well-being,hi,"#amethipolice दिसम्बर माह के प्रथम सप्ताह में आवेदकगण के खातों से साइबर ठगी कर काटे गये 1,30,000/- रु0 को साइबर(Cyber) हेल्प डेस्क कोतवाली गौरीगंज द्वारा कराया गया वापस।",neutral
1617,x.com,2024,Social Media & Psychological Well-being,hi,"साइबर अपराध से सुरक्षित रहना है तो हर डिजिटल व्यवहार में अपनानी होगी समझदारी व सतर्कता।

अपने लालच व भय पर काबू करते हुए पूरी समझदारी के साथ ऑनलाइन काम करेंगे तो आप अपने साथ-साथ दूसरों को भी साइबर अपराधों से बचा सकते हैं।

साइबर अपराध की शिकायत साइबर क्राइम हेल्पलाइन 1930",neutral
1618,x.com,2024,Screen Time & Device Dependency,ja,"休みが1日増えたら、ぼーっと何も考えない時間を作りたいです。
公園とか自然の中でデジタルデトックスして、体も心もしっかり休めたいです
あとは、趣味についての勉強ができたらいいなと思います！

 #まぎじゃむ",positive
1619,x.com,2024,Social Media & Psychological Well-being,hi,"ऑनलाइन हॉस्पिटल अपॉइंटमेंट बना साइबर ठगी का जरिया। फेक फिशिंग पेज बनाकर लोगों के साथ ठगी कर रहे हैं साइबर अपराधी। 

इससे बचना है तो डिजिटल प्लेटफॉर्म पर नजर आने वाली डॉक्टर या अस्पताल की जानकारी को पुख्ता करना न भूलें। 

किसी भी अनजान ऐप को डाउनलोड न करें व अपनी बैंकिंग जानकारी",negative
1620,x.com,2024,Cultural Norms & Digital Etiquette,en,Why the cancel culture? What New Zealand is doing for children is an entirely different initiative. Comparing it to the “uncles of India” feels like an unnecessary and misplaced jibe.,negative
1621,x.com,2024,Cultural Norms & Digital Etiquette,ko,"여기 원래 <붕오떡 어 볶 빵뎅이>였는데 바뀐 것 같아요. 

[손가락질하며 소리 지르는 사람과 고양이 이미지 대충 여기에 삽입]",neutral
1622,x.com,2024,Cultural Norms & Digital Etiquette,ja,"・少なくとも「オタク」はロシアのように侵略戦争している訳ではありませんが？

・キャンセルカルチャー云々はどこへ行ったので？",positive
1623,x.com,2024,Group Dynamics & Peer Pressure,ja,エコーチェンバーってやつですか(使ってみたいだけ),positive
1624,x.com,2024,Screen Time & Device Dependency,ja,"こんばんは

今日も一日お疲れ様でした週の半分が終わりましたよ！最近は睡眠が浅かったので、デジタルデトックスを始めました2日続けていますがぐっすり眠れています
そして今日は晴れていたので新鮮な空気を吸いに外に行ったり、外で雲を眺めていましたとっても落ち着きます♪",neutral
1625,x.com,2024,Screen Time & Device Dependency,ja,"やってる人少ないっ
デジタルデトックス
一定期間スマートフォンやパソコンから離れて心身のリフレッシュを図る方法だけどこれメチャいい睡眠の質かなりあがった寝る時に携帯遠くに置くだけで

寝つきが浅い人是非やってみて",positive
1626,x.com,2024,Screen Time & Device Dependency,ja,こんにちは、デジタルデトックスも時には必要ですねディズニーかな？,neutral
1627,x.com,2024,Screen Time & Device Dependency,ja,デジタルデトックスでスマホ持ってないと言った、便利な言葉でした,neutral
1628,x.com,2024,Screen Time & Device Dependency,ko,"잠이 안 와. 나, 스마트폰 중독이었나⋯!",neutral
1629,x.com,2024,Cultural Norms & Digital Etiquette,id,"Gak kebayang dirumah gimana
Orang kayak gini harus kena cancel culture,gak tobat tobat,hanya menjual agama untuk uang",neutral
1630,x.com,2024,Screen Time & Device Dependency,ja,"デトックス日記

スマホ断ち｜０日目
お菓子断ち｜４日目
ジュース断ち｜４日目
コンビニ断ち｜４日目
自販機断ち｜３日目
禁欲 ｜４日目
※スマホ断ちはスクリーンタイム1.5h以下

なぜかスマホの利用時間が2時間超えてた。アプリか何かつけっぱなしだったかな・・・。",neutral
1631,x.com,2024,Cultural Norms & Digital Etiquette,fi,"Mistäs muusta on kysymys, jos vanhojen kirjojen sisältöä muutetaan, koska ne eivät enää kirjailijoiden mielestä sovi nykyaikaan. Halutaan peittää omat vanhat mielipiteet ja rakentaa oman ajattelun historia uudestaan. Surullinen esimerkki cancel-kulttuurista. 1/2",neutral
1632,indianews.in,2024,Social Media & Psychological Well-being,hi,"India News (इंडिया न्यूज),Delhi Crime News:  दिल्ली पुलिस ने बाहरी  उत्तरी दिल्ली के साइबर क्राइम ब्रांच के तहत एक बड़े साइबर सिंडिकेट का भंडाफोड़ किया है।",negative
1633,bsky.app,2024,Screen Time & Device Dependency,ja,ﾌﾞﾙｽｶに移住して以来、興味のある話題に事欠かないのでTLの構築には成功していると言えるがデジタルデトックスは失敗してゐる。,neutral
1634,bsky.app,2024,Screen Time & Device Dependency,ja,デジタルデトックスしたい できない ツイ廃だから…,neutral
1635,x.com,2024,Screen Time & Device Dependency,ar,"حقيقةً لما بقفل الواي فاي بس عن الموبايل بحس بكمية حرية اللي هو إيه دا أنا هعمل كل حاجة من غير أي مقاطعة يخرب بيت الحلاوة
غير كدا بقى إني قافل الموبايل ببرنامج digital detox ودا برنامج بيخلي موبايلك حتة حديدة لمدة انت بتحددها ودي حاجة قمة الجمال
المم يعني...",neutral
1636,x.com,2024,Screen Time & Device Dependency,ja,"かろうじて生還
デジタルデトックスとかマジクソ",neutral
1637,x.com,2024,Screen Time & Device Dependency,ja,デジタルデトックスは、ほかに熱中するものがないとできない。たとえば山籠りビッグダディ生活,neutral
1638,x.com,2024,Screen Time & Device Dependency,ja,"公式さぁ〜〜んんん
私、本気で
一日折り紙仕事かと
思っておりました。
とんだ勘違い
大変失礼しました。

デジタルデトックスとは、素晴らしい副産物ですね
私も、業務内容を折り紙にすべく日々精進します（違う）",positive
1639,x.com,2024,Screen Time & Device Dependency,ja,"今日はデジタルデトックスする
おやすみ〜",neutral
1640,youtube.com,2024,Cultural Norms & Digital Etiquette,en,VIRAL Eric Adams Blasts After To Work With Border Czar Homan. Was he not for cancel culture a while back?? Why did his tune change?,neutral
1641,x.com,2024,Cultural Norms & Digital Etiquette,id,Minta Maaf karena takut diberhentikan sebagai staf khusus & cancel culture sebagai pendakwah (langsung drop penghasilan),negative
1642,x.com,2024,Social Media & Psychological Well-being,id,Bodohnyaa... Semoga kena cancel dan cyberbully,neutral
1643,x.com,2024,Screen Time & Device Dependency,ja,スマホ水没させてスマホ無し生活３日目？PCあれば案外困らんのと、強制デジタルデトックスで心の健康確保。　ほんでネイルに行ったのでPC触るだけでモチべ＆テンション爆上がり。,negative
1644,x.com,2024,Group Dynamics & Peer Pressure,en,Masa gyai gyimii no na ur size no bi that guy. Kwasia sake of social media nti u figa u bi ein size. Clout chaser,neutral
1645,x.com,2024,Screen Time & Device Dependency,ja,スマホ水没させてスマホ無し生活３日目？PCあれば案外困らんのと、強制デジタルデトックスで心の健康確保。　ほんでネイルに行ったのでPC触るだけでモチべ＆テンション爆上がり（拍手）,positive
1646,x.com,2024,Cultural Norms & Digital Etiquette,en,"These sort of rites are found around Europe and have pagan origins. Similar to Roman lupercalia, the good natured whipping of girls makes them fertile. Cancel culture is anti-pagan",neutral
1647,bsky.app,2024,Social Media & Psychological Well-being,en,"AaaaaaaaaaaAAAA THIS IS CYBERBULLYING I WANT TO WALK INTO THE OCEAN Text reads:\n\nCongratulations, Submissive Alpha. You've\nfinished this quiz, and we thank you for your valuable time.\n\nPull up a chair, I'm sure this news is very surprising for you. What does it mean to be a Submissive Alpha? Is that a thing? Isn't that just being an Omega?\n\nYes, it is a thing, and no, it's not being an Omega. Being a Submissive Alpha gives you a unique perspective on life, one that many don't get.\n\nYou're an Alpha through and through, don't worry, but you tend to concede to your partner more often than not. You may protector and a defender, but you rely more on words than actions, but aren't afraid to get down and dirty if your buttons are pushed enough.\n\nYou're a lovely companion, whether it be in friendship or in romance, but you tend to be shy when it comes to affection. You love your partner, don't get me wrong, you're just a bit bad at giving or receiving it without blushing like a mess.\n\nBe warned, that behavior makes it incredibly likely for Flirty Betas to tease you to hell and back.",positive
1648,bsky.app,2024,Screen Time & Device Dependency,ja,農園デジタルデトックス進めたい部,neutral
1649,x.com,2024,Cultural Norms & Digital Etiquette,id,"Selagi masih bnyak manusia yg pingin tau gosip gosip orang2 terdekat / disekitarnya ya jangan berharap.

 Cancel culture berbanding lurus dgn sikap apatis.",negative
1650,x.com,2024,Screen Time & Device Dependency,ja,"明日から、いや、今夜から、デジタルデトックスします
12月7日まで。",neutral
1651,x.com,2024,Screen Time & Device Dependency,ja,"優衣ちゃん無理しないでゆっくり休んで
デジタルデトックスしてね",neutral
1652,x.com,2024,Screen Time & Device Dependency,ja,"デジタルデトックス入門編

1時間だけ通知オフにしてみる
スマホを別の部屋に置いてみる
寝る30分前は画面を見ないようにしてみる
SNSの使用時間を記録して自分のペースを振り返る
週に1回「デジタルオフデー」を作ってみる",neutral
1653,x.com,2024,Screen Time & Device Dependency,ja,"しょーへいさん、こんにちは！
デジタルデトックス大事ですよね。離れることで自分を取り戻すことができますね。",positive
1654,x.com,2024,Screen Time & Device Dependency,ja,"櫻井優衣ちゃん叩きまじで見てられん！
運営は即対応して欲しいし本人のメンケアもしてほしい！Xアンストしてデジタルデトックスして！！",positive
1655,x.com,2024,Screen Time & Device Dependency,ja,デジタルデトックスして身綺麗にしていない件。,neutral
1656,x.com,2024,Cultural Norms & Digital Etiquette,id,"Banyak ga sih orang kek Gus Miftah di lingkaran politik negara kita? 

Ya banyak... 
Banyak banget yg dengan gampang ngegoblok-goblokin orang. Yuk kita mulai terapkan cancel culture buat orang begitu.",neutral
1657,zeenews.india.com,2024,Social Media & Psychological Well-being,hi,Agra News: फेमिना मिस इंडिया वेस्ट को साइबर अपराधियों ने डिजिटल अरेस्ट करके हजारों रुपये ठग लिया.,negative
1658,youtube.com,2024,Cultural Norms & Digital Etiquette,en,VIRAL Eric Blasts After Work With Border Czar Tom Homan. This guy doesnt even know what cancel culture is 🤣🤣🤣🤣🤣,neutral
1659,reddit.com,2024,"Attention, Focus & Cognitive Load",en,Ab kya fayda Jab saare intellectual ja chuke india chod ke bahar? Brain drain is increasing every day.,neutral
1660,bhaskar.com,2024,Social Media & Psychological Well-being,hi,अशोकनगर के नेहरू महाविद्यालय में बुधवार को साइबर अपराध के प्रति स्टूडेंट्स को जागरूक किया गया।,neutral
1661,x.com,2024,Cultural Norms & Digital Etiquette,id,"He did this twice to his wife. TWICE.
Heran bgt. Kok masih ada orang yang mau jadi pengikutnya? 
Duh kalo gak punya adab tolong cancel culture dong. Manusia kalo gak punya adab gini gak pantes dijadikan panutan.",neutral
1662,x.com,2024,Digital Presence & Identity Management,id,"suka jadi inget proyek mitrik gue ama kelompok bahas depresi trus kita sering saling menguatkan dengan toxic positivity dan bilang, ""ayokk gess semangat jangan sampe kita jadi objek penelitian kita sendiri""",neutral
1663,x.com,2024,Cultural Norms & Digital Etiquette,id,ini didukung sama cancel culture yang gila bgt juga. banyak negatifnya tapi positifnya politikus more less jd ga semena2. budaya demo di sana juga kenceng banget mulai dari isu2 bodoh kayak protes idol nikah sampe isu2 yg beneran urgent buat didemo.,neutral
1664,x.com,2024,Screen Time & Device Dependency,ja,"嬉しいですーー！ありがとうございます
作ったのは休日にデジタルデトックスしたくて作ったのですが、これきっかけで折り紙担当になりたいです（嘘です）",positive
1665,x.com,2024,Screen Time & Device Dependency,ja,"デジタルデトックス予想。

Digital DETOX",neutral
1666,x.com,2024,Social Media & Psychological Well-being,ja,"NURO 光があればストレスフリーなオンライン生活が実現 https://stepe.tokyo/post-1174818/ via 
@SakohToshiroh",neutral
1667,x.com,2024,Cultural Norms & Digital Etiquette,en,"This shit is so phony! 
Who are they trying to impress? This is not a woman, it’s a dude! Normal people just roll their eyes!  Cancel culture was popular for a while, I think the normal people should start a cancel  culture trend to put a stop to this idiotic nonsense!",negative
1668,x.com,2024,General Concept,fa,"Setting-> Digital Wellbeing and Parental Controls
اینکه چجوری میشه خاموشش‌کرد خودتون باید بگیردید دنبالش چون من سامسونگ ندارم",neutral
1669,bsky.app,2024,Cultural Norms & Digital Etiquette,ja,VISAだとかMastercardがキャンセルしてきたのに、その行為に耐えかねてJCBを使うことを宣言したらキャンセルカルチャーっておかしいだろ笑,negative
1670,x.com,2024,Cultural Norms & Digital Etiquette,id,"belum pak, nunggu miftah dicopot jabatannya dan kena cancel culture dulu",negative
1671,x.com,2024,Screen Time & Device Dependency,ja,春から断続的に続いていたお仕事の波がちょっと前に落ち着いて、少しコンテンツとデジタルデトックスしつつ、家の片付けなどしている。今日は溜まっていたワンストップ納税手続きが終わったので大変有意義な日だった（うっかり忘れて確定申告したこと多数）,positive
1672,krone.at,2024,Cultural Norms & Digital Etiquette,de,"Der „vergessene Krieg“ in Syrien entflammte erneut!  Dschihadisten nehmen eine Ortschaft nach der anderen ein.  Die Verbündeten von Diktator Baschar al-Assad – Russland, Iran, Hisbollah – können nur bedingt helfen.  Syrien steht an einem Wendepunkt.  Über eine halbe Million Menschen ist tot.  Mehr als sieben Millionen Menschen wurden vertrieben.  Das ist die traurige Bilanz des syrischen Bürgerkriegs, der 2011 begann, nachdem das Regime von Diktator Baschar Al-Assad prodemokratische Demonstranten gewaltsam unterdrückt hatte.  Aleppo war bis 2016 eine wichtige Hochburg der Opposition gegen den Diktator, bis eine russische Luftangriffskampagne die Stadt für das Assad-Regime zurückeroberte.  Willkommen in unserer Community!",negative
1673,x.com,2024,Screen Time & Device Dependency,ja,"では、1度Xから離れてみてはどうでしょう？
デジタルデトックスも大切ですよ！",positive
1674,thesun.co.uk,2024,Screen Time & Device Dependency,en,"The heartbroken family of missing Hannah Kobayashi has hit back at shock police claims she “intentionally” disappeared New CCTV footage shows the Hawaii woman buying a bus ticket to Mexico on November 11 - the day she stopped replying to family and friends. Tragically, Hannah's dad, Ryan, spent almost two weeks searching for her in the wrong city after his daughter didn't tell anyone she had changed her plans and disappeared. Now a photo from the new footage shows Hannah standing with her passport and a suitcase at Union Station, Los Angeles, on November 11 buying a bus ticket to the US-Mexico border. Cops now believe Hannah disappeared ""voluntarily"" and went on a digital detox . But Hannah's heartbroken sister has told how this conclusion from the Los Angeles Police Department have ""confused"" and ""frustrated"" the desperate family. READ MORE ON HANNAH They are terrified the announcement will mean people give up the search when they still believe Hannah could have been kidnapped or trafficked. On Tuesday LAPD Chief Jim McDonnell police said: ""Kobayashi expressed the desire to step away from modern connectivity,"" suggesting she had simply gone on a digital detox. Sydni hit back: “To hear that and not to have it run by our family first [...] it’s very discouraging.” They are even more concerned because the police statement got Hannah’s age wrong by seven years. Most read in The US Sun LAPD said that Hannah was 23, when in fact she is 30. According to the distressed family, LAPD...",negative
1675,thescottishsun.co.uk,2024,Screen Time & Device Dependency,en,"The heartbroken family of missing Hannah Kobayashi has hit back at shock police claims she “intentionally” disappeared New CCTV footage shows the Hawaii woman buying a bus ticket to Mexico on November 11 - the day she stopped replying to family and friends. Advertisement 5 The new footage appears to show Hannah with a suitcase and her passport Credit: KKTV 5 Police now believe Hannah, pictured here, disappeared voluntarily Credit: Instagram/midorieve 5 Tragically, Hannah's dad, Ryan, spent almost two weeks searching for her in the wrong city after his daughter didn't tell anyone she had changed her plans and disappeared. Now a photo from the new footage shows Hannah standing with her passport and a suitcase at Union Station, Los Angeles, on November 11 buying a bus ticket to the US-Mexico border. Cops now believe Hannah disappeared ""voluntarily"" and went on a digital detox . But Hannah's heartbroken sister has told how this conclusion from the Los Angeles Police Department have ""confused"" and ""frustrated"" the desperate family. Advertisement They are terrified the announcement will mean people give up the search when they still believe Hannah could have been kidnapped or trafficked. On Tuesday LAPD Chief Jim McDonnell police said: ""Kobayashi expressed the desire to step away from modern connectivity,"" suggesting she had simply gone on a digital detox. Sydni hit back: “To hear that and not to have it run by our family first [...] it’s very discouraging.” They are even more...",negative
1676,reddit.com,2024,Digital Presence & Identity Management,en,"I remember a (now ex) friend, who works 6 hrs/week, telling a woman who works 80-100 hrs/week “You just have to make time!”

The reality is, people’s lives are busy and complicated. Maybe the person who isn’t working out is currently working 2 jobs. Maybe they’re a single parent caring for children and their own parents. Maybe they’re suicidal and just trying to get through the day. It’s not as easy as “Just make it a priority!” 

I really dislike toxic positivity.",negative
1677,x.com,2024,Screen Time & Device Dependency,ja,私が来週やろうとしてるデジタルデトックスの方法ですが、Xのアプリなどよく開きがちなアプリは一時的に削除、スマホはモバイルデータ通信をオフにする、調べものなどの検索については一日15分だけOKにする、そんな感じです,neutral
1678,x.com,2024,Screen Time & Device Dependency,ja,"たまにはデジタルデトックス

(要約:スマホ見てないで構え)

#猫のいる暮らし",neutral
1679,x.com,2024,Screen Time & Device Dependency,ja,時にはデジタルデトックスも必要ですね('ω')ノ,neutral
1680,x.com,2024,Screen Time & Device Dependency,ja,"おはよー

デジタルデトックスしてた（寝てた）

エンダーもあるしね",neutral
1681,x.com,2024,Group Dynamics & Peer Pressure,en,"Well done Nicola 👏👏

She could teach you what a woman is Sally, if you're prepared to drop your internalised misogyny of course, and your performative activism",positive
1682,x.com,2024,Screen Time & Device Dependency,ja,デジタルデトックス、やめ時がわかんなくなっちゃうわね…………,neutral
1683,x.com,2024,Screen Time & Device Dependency,ja,"今日はスマホを家に忘れて出掛けてしまって必然的にデジタルデトックスの1日になったよ。

おかげでモバ編みが捗ってしまった",positive
1684,x.com,2024,Cultural Norms & Digital Etiquette,en,"@billmaher
 U have $$, no kids, you’re not affected by inflation nor the woke indoctrination in schools and the cancel culture, you could hire security if you needed it, Biden supports Iran who supports Russia who bombs the Ukraine and we give $ to Ukraine u think Trump is bad?",neutral
1685,x.com,2024,Screen Time & Device Dependency,en,"Unplug, Reconnect, Rediscover! 

Our second pre-celebration event took place at a beautiful school in Bhutan. It was truly heartwarming to witness the excitement and energy of the students and teachers as they embraced the idea of digital detox.",positive
1686,reddit.com,2024,Group Dynamics & Peer Pressure,en,These are both conspiracy theorist subs run by a woman who was on a jury in the US which wrongly convicted a man for rape. She feels extremely guilty about this and is obsessed with the idea that Letby is innocent because she can’t deal with her own personal feelings about making the decision which led to a wrongful conviction. R/lucyletbytrials is just a complete echo chamber.,negative
1687,x.com,2024,Cultural Norms & Digital Etiquette,en,"""let's make sure she doesn't have a job for longer!!!""

Imagine living in America after November 5th and still thinking cancel culture is a thing  We cancelled you fairies, the woman is a clown - but so are you.",negative
1688,x.com,2024,Cultural Norms & Digital Etiquette,id,Cancel culture ni orang ga sih dengan ga usah panggil gus2 lagi,neutral
1689,x.com,2024,Screen Time & Device Dependency,en,"WDDD Celebrations Kick-Off with Enthusiasm Across India

The World Digital Detox Day (WDDD) celebrations have begun with incredible energy, and we are thrilled to announce that The Narayana Group has joined this noble cause grandly!",positive
1690,hindustantimes.com,2024,Screen Time & Device Dependency,en,"In a world where fast paced lifestyles and hectic schedules take over, getting adequate sleep is more difficult than ever. Enter sleepmaxxing, a wellness trend that focusses on optimising sleep habits for restful and restorative sleep through lifestyle and technological strategies. The trend has quickly found traction - and for good reason. A survey from August this year found that the number of Indians who got less than six hours of interrupted sleep rose from 50% in 2022 to 61% in 2024. We look at whether sleepmaxxing is key to a happy, healthy and well-rested self, or just another fad that adds to the pressure and anxiety to achieving ‘good’ sleep. What disrupts a restful night’s sleep? Several factors contribute to poor quality sleep or difficulty falling and staying asleep. Some of the include - inconsistent sleep schedule, screen time before bed, high levels of stress, anxiety, or engaging in mentally stimulating activities close to bedtime (such as checking emails or playing video games), poor sleep environment, eating heavy meals or snacks late at night and consumption of caffeine, nicotine, and alcohol which are stimulants that interfere with the body’s ability to relax and fall asleep,"" shares Dr Pankaj Chhabra - Clinical Director, Respiratory & Sleep Medicine at Marengo Asia Hospitals, Faridabad. Garima Tiwari, clinical nutritionist at Shalby Hospital, says, “Eating heavy meals or snacking late at night forces the digestive system to work harder, leading to...",positive
1691,haryana.indianews.in,2024,Social Media & Psychological Well-being,hi,"पानीपत निवासी डॉक्टर से 60 लाख रूपए की ठगी की थी  29 डेबिट कार्ड, 19 चेक बुक, 1 टेब, 1 लेपटॉप व 1 मोबाइल फोन  बरामद  India News  Haryana (इंडिया न्यूज),  Fake Stock Trading App :  पुलिस अधीक्षक  लोकेंद्र सिंह",negative
1692,vogue.co.uk,2024,Screen Time & Device Dependency,en,"It’s late at night and I’m gliding from Welsh influencers eating beige processed food to a group of guys bikepacking through India. I watch as a delightful man makes multilayered burritos then Nara Smith whispers a homemade ice cream into existence. Pro-democracy protestors battle water cannons in Georgia, before a London historian shows me the quirks of my hometown. ‘Tis the era of brain rot, which has just been announced as the Oxford English Dictionary’s Word of the Year . While “brain rot” might seem to refer specifically to the impact of online content, the phrase was actually coined in 1854 by the writer Henry David Thoreau. Bemoaning society’s slip into stupidity, due to what he saw as a decline in people’s intellect, he said: “While England endeavours to cure the potato rot, will not any endeavour to cure the brain-rot – which prevails so much more widely and fatally?” I can see why he was bummed out. All those people reading magazines! And right now, I can see that fear turbo-charged, with people – including me – legitimately scared of what short-form videos might be doing to us, our attention spans, cortisol levels and, yes, our brains. According to research from Opal, an app designed to reduce your screen time, the average Briton spends five hours and six minutes on their phone every day. That sounds about right for me. And when I stop to think about it, although my analytics tell me that I only spend half of my time engaging with so-called brain rot – short-form...",negative
1693,bsky.app,2024,Screen Time & Device Dependency,ja,あと30P進められるまでデジタルデトックスするかあーー！！！！,neutral
1694,hindi.news18.com,2024,Social Media & Psychological Well-being,hi,चरखी दादरी.  मिल्ट्री के हवलदार से साइबर ठग गिरोह ने टास्क का झांसा देकर साढ़े 12 लाख रुपये ठग लिए.  ठगी के शिकार  हवलदार की शिकायत पर साइबर थाना,neutral
1695,x.com,2024,Screen Time & Device Dependency,ja,デジタルデトックスいいな、入院しない限りできないけどSNSから一旦離れるのもありすぎる,positive
1696,bsky.app,2024,Digital Presence & Identity Management,en,"I agree 💯, Jasmine! I never knew what toxic positivity was until I worked with a woman that just couldn't acknowledge anything bad. She always had a positive spin, even when it was a stretch. I'm not into rose colored glasses, where unicorns exist and glitter makes everything better 🤢🤮",neutral
1697,reddit.com,2024,Screen Time & Device Dependency,en,"Even though i'm an IzuOcha shipper, there's 2 ships i wouldn't complain if they became canon, Izuku x Mei and Izuku x Ippan Josei. 

Even though she had little screen time, I think her few interactions with Deku had a slight good chemistry. But they also could have a auntie-nephew relationship considering their age difference. (Brother and sister too)

About Mei, i always saw her as a person who doesn't think about romance, but yeah, they could have a good dynamic.

Wow, there's something amazing about Mei with her hair down :0 🙏",positive
1698,x.com,2024,Screen Time & Device Dependency,ja,デジタルデトックスしよぜ♡,neutral
1699,x.com,2024,Screen Time & Device Dependency,ja,"たまにはデジタルデトックスとかもいいなって思った | ノッキー #pixiv https://pixiv.net/novel/show.php?id=23537519… 

またまたまたまたです！！星銀ですぞ！！

#銀狼
#星ホタ
#銀星
#星なの
#ホタル
#三月なのか",neutral
1700,x.com,2024,Screen Time & Device Dependency,ja,デジタルデトックスをオススメしたい,neutral
1701,x.com,2024,Screen Time & Device Dependency,ja,デジタルデトックスしよかな,neutral
1702,x.com,2024,Social Media & Psychological Well-being,ja,乾杯の掛け声「スコール」に　サントリー工場の群馬・千代田町で「ビール乾杯を推進する条例」 | 上毛新聞社のニュースサイト https://jomo-news.co.jp/articles/-/574056…  #BEER #ビール #群馬県 #千代田町 #サントリー,neutral
1703,x.com,2024,Screen Time & Device Dependency,ja,ネタバレ回避のためデジタルデトックス(笑)状態なのだけど、娯楽がひとつ奪われたようでしんどいデスしね,neutral
1704,ottawacitizen.com,2024,Cultural Norms & Digital Etiquette,en,"Share this Story : Woman in critical condition in Mooney's Bay shooting Copy Link Email X Reddit Pinterest LinkedIn Tumblr Breadcrumb Trail Links News Local News Woman in critical condition in Mooney's Bay shooting Ottawa police are investigating after a woman was reportedly shot in the Mooney's Bay neighbourhood late Tuesday. Author of the article: Staff Reporter Published Dec 04, 2024 • < 1 minute read Join the conversation You can save this article by registering for free here . Or sign-in if you have an account. Ottawa Police Service file photo. Photo by Tony Caldwell / POSTMEDIA Article content Ottawa police are investigating after a woman was reportedly shot in the Mooney’s Bay neighbourhood late Tuesday. Article content Article content Police said in a release the incident occurred in the 2800 block of Riverside Drive just before midnight. Paramedics confirmed a woman was taken to hospital in critical condition with a gunshot injury. There was no further information concerning the woman’s identity. Police said the investigation is ongoing. Advertisement 2 Advertisement This advertisement has not loaded yet, but your article continues below. THIS CONTENT IS RESERVED FOR SUBSCRIBERS ONLY Subscribe now to read the latest news in your city and across Canada. Exclusive articles from Elizabeth Payne, David Pugliese, Andrew Duffy, Bruce Deachman and others. Plus, food reviews and event listings in the weekly newsletter, Ottawa, Out of Office. Unlimited online access to...",neutral
1705,x.com,2024,Screen Time & Device Dependency,ja,"現地では貴重な機会の為、ほぼほぼデジタルデトックスする
物語、Koi先生の想い、存分に吸収する
一眼レフは持って行くけどネットはシャットアウト
余程のことがなければ",neutral
1706,reddit.com,2024,Cultural Norms & Digital Etiquette,en,"Oo mas bet ko. At alam ko mataas ang suicide rate sa Korea. But imagine if malala cancel culture dito we will not have a self-proclaimed mass murderer president, ex-convict senators, rapist MC, pedo no. 1 actor and director, scammer influencers, gambling lord na businessman at politician etc...",negative
1707,x.com,2024,Screen Time & Device Dependency,ja,ポケポケで息子よりいいカードもってるからスマホごと奪われる日々で、意図せずデジタルデトックス߹-߹,neutral
1708,x.com,2024,Screen Time & Device Dependency,ja,デジタルデトックスはスマホよりもち○○握ってる時間の方が長かったら成功なんだよ,positive
1709,x.com,2024,Group Dynamics & Peer Pressure,en,Why are we lowing this uncultured cave woman a voice on things she clearly isnt qualified to speak on.  Ignore this clout chasing troll.,negative
1710,x.com,2024,Screen Time & Device Dependency,id,"Maestro era gua dengerin playlistnya sampe lebih dari 5 jam perhari. Si anak ambis ini agak bahaya, sampe endingnya kena mental harus kurangan screen time hp. Makanya JxW era ke sin udangh ga bisa menggebu-gebu lagi.",negative
1711,x.com,2024,Cultural Norms & Digital Etiquette,id,Bedain yang namanya tertawa bersama dengan menertawakan bersama hidiw hidiw paling bener di cancel culture org kek gini,positive
1712,x.com,2024,Screen Time & Device Dependency,ja,一ヶ月デジタルデトックスしたらそれはそれで新たな自分が見つかりそうです,neutral
1713,x.com,2024,Social Media & Psychological Well-being,hi,"साइबर ठगों ने रिटायर्ड फौजी के खाते से ठग लिए लाखों रूपए, खबर देखिए...

#CyberCrime #cybersecurity #Awareness #gwalior #mpnews #VistaarNews 
@rasika_pandey",negative
1714,x.com,2024,Group Dynamics & Peer Pressure,ja,これでエコーチェンバーしてるの怖すぎる。「じゃあ」に飛躍があって、何がつながってるかわからない。少子化は子どもを持たないことを選択させるような環境と、本人の意志の問題です。全部ってなんですか？男性にも子どもを産みやすい環境は作ることができます。子どもを産むかどうかは女性次第です。,negative
1715,bhaskar.com,2024,Social Media & Psychological Well-being,hi,शेयर बाजार में निवेश का झांसा देकर NRI से सवा करोड़ रुपए की ठगी के मामले में सीए सहित 9 आरोपियों को पुलिस ने गिरफ्तार किया है।  इनमें से एक आरोपी नर्सिंग स्टूडेंट है।,negative
1716,x.com,2024,Cultural Norms & Digital Etiquette,id,"kasus gus kemarin ada yg bilang ""udah ya udah"" wkwkwkwkwkwkw gamau ah cancel culturenya mana masa kendor",neutral
1717,bsky.app,2024,Screen Time & Device Dependency,zh,好讽刺，白天还在听doomscrolling的播客，晚上刷youtube各类新闻停不下来，小丑竟是我自己,neutral
1718,x.com,2024,Screen Time & Device Dependency,ja,"デジタルデトックス…気にわなるけど
ストレス軽減になるのかどーか",negative
1719,x.com,2024,Screen Time & Device Dependency,ja,節制とデジタルデトックスw,neutral
1720,x.com,2024,Screen Time & Device Dependency,ja,"こんばんは
今日はデジタルデトックスしてました。
やってみると、脳疲労が違うのか、色々動けました
動けることに些細な幸せを感じた１日でした
おやすみなさい

起き活434日目
支度間に合うギリギリまで寝て起きた",positive
1721,x.com,2024,Screen Time & Device Dependency,ja,ペケッター辞めたい、デジタルデトックスしたい、とペケッターに書き込む程度には中毒,neutral
1722,x.com,2024,Screen Time & Device Dependency,ja,まじでSNS、デジタルデトックスでまじで変わるってばよ,neutral
1723,x.com,2024,Cultural Norms & Digital Etiquette,id,"plis, budaya cancel culture itu kudu kita implementasikan",neutral
1724,reddit.com,2024,Cultural Norms & Digital Etiquette,en,"https://preview.redd.it/1c9ddrfxku4e1.jpeg?width=750&amp;format=pjpg&amp;auto=webp&amp;s=e06a2c4c482f68c4ce8c7b3d47bab22f2405be38

I am not a die hard Katy Perry fan but the world did dirty to that woman this year. 143 wasn’t her best work but not the worst either. It’s pity that ppl got carried away with cancel culture too much.

Anyway, I have high hopes for Gaga🙏🏻",neutral
1725,bsky.app,2024,Group Dynamics & Peer Pressure,en,"A reminder: as the GOP revs up its propaganda machine to destroy Social Security & Medicare (& the subservient media plays GOP echo chamber), that both programs had obscene surpluses up until G W Bush stole all of the ""surplus"" to fund his bogus war in Iraq in 2002. The GOP should pay back the $.",negative
1726,hindi.news18.com,2024,Social Media & Psychological Well-being,hi,आगरा.  पूर्व मिस फेमिना मिस इंडिया वेस्ट  बंगाल  शिवांकिता दीक्षित आगरा के थाना शाहगंज क्षेत्र मानस नगर में रहती है.  शिवांकिता दीक्षित ने बताया कि उनके पास एक फोन कॉल आया था.,negative
1727,ottawacitizen.com,2024,Cultural Norms & Digital Etiquette,en,"Share this Story : Man dies of injuries sustained in south Ottawa crash Copy Link Email X Reddit Pinterest LinkedIn Tumblr Breadcrumb Trail Links News Local News Man dies of injuries sustained in south Ottawa crash A man in his 20s died after a crash south of the city. A woman suffered minor injuries. Author of the article: Staff Reporter Published Dec 04, 2024 • Last updated 26 minutes ago • 1 minute read Join the conversation You can save this article by registering for free here . Or sign-in if you have an account. A file photo of an Ottawa Paramedic Service ambulance. Photo by Tony Caldwell / POSTMEDIA Article content One man has died following a crash on Mitch Owens Road late Dec. 3, according to the Ottawa Police Service. Article content Article content In a release, OPS said they were called just after 11 p.m. for a single-vehicle crash on Mitch Owens Road and Old Prescott Road. A man in his 20s was transported to hospital by paramedics with life-threatening injuries. He was declared dead in hospital. A woman in her 20s in the vehicle suffered minor injuries, police said. Advertisement 2 Story continues below This advertisement has not loaded yet, but your article continues below. THIS CONTENT IS RESERVED FOR SUBSCRIBERS ONLY Subscribe now to read the latest news in your city and across Canada. Exclusive articles from Elizabeth Payne, David Pugliese, Andrew Duffy, Bruce Deachman and others. Plus, food reviews and event listings in the weekly newsletter, Ottawa, Out of...",negative
1728,x.com,2024,Social Media & Psychological Well-being,fa,چرا به این اجنبی توضیح میدی؟ مسائل داخلی ما ربطی به اجنبی پررو نداره. این کصکش میخواد آب را گل آلود کنه این وسط ماهی بگیره. اصلاً همه ایرانیها عاشق هم هستیم به این چه ربطی داره.,positive
1729,krone.at,2024,Cultural Norms & Digital Etiquette,de,"Der südkoreanische Elektronikriese  Samsung schrumpft die Smartwatch und bietet als Alternative neuerdings auch einen mit Sensoren gespickten Ring für den Finger an – den Galaxy Ring.  Besonders unauffällige und komfortable Möglichkeit zur Quantifizierung des Selbst oder nur ein weiteres unnötiges Gadget?  Krone+ hat es getestet.  Intelligente Uhren will nicht jeder immer tragen, manche verlangen auch nach nächtlichen Ladepausen – und erschweren so die Gewinnung von Schlafdaten.  Samsung verzichtet bei seinem intelligenten Ring auf das Display und pfercht die Sensoren einer Smartwatch in ein kompaktes Format, das man am Finger trägt.  Die Akkulaufzeit darf dabei als überzeugend bewertet werden:  Sieben Tage sind für viele Smartwatches unerreichbar und ein klares Argument für den Ring.",neutral
1730,bsky.app,2024,Screen Time & Device Dependency,ja,今日はデジタルデトックスとまでは言わないにも、よく歩いて編み物して餃子も焼いてすごくよく寝たので身体が休まった気がする 時々こういう日を作ると元気になる,neutral
1731,x.com,2024,Cultural Norms & Digital Etiquette,en,"The number of times you've posted about Gregg : 3
The number of times you've posted about South Korea : 1

Why are you so obsessed with cancel culture?",positive
1732,x.com,2024,Group Dynamics & Peer Pressure,en,"You literally have zero idea what you’re talking about. You need to get outside your echo chamber and talk to actual people. Also: which exact war do you think was worth it? Vietnam? Iraq? Afghanistan? Ukraine? If none, then maybe Washington does indeed need change.",negative
1733,krone.at,2024,Cultural Norms & Digital Etiquette,de,"Österreichs Frauen-Nationalteam ist bei der Europameisterschaft 2025 zum Zuschauen verdammt,  Max Verstappen verliert ab 2027 sein Heim-Rennen und Jakob Pöltl ist beim Rapotors-Sieg über Indiana maßgeblich beteiuligt – das und noch mehr sind heute ihre Themen in den Krone Sport-News am Mittwoch, dem 4. Dezember.  Willkommen in unserer Community!  Eingehende Beiträge werden geprüft und anschließend veröffentlicht.  Bitte achten Sie auf Einhaltung unserer Netiquette und AGB .  Für ausführliche Diskussionen steht Ihnen ebenso das krone.at-Forum zur Verfügung.  Hier können Sie das Community-Team via unserer Melde- und Abhilfestelle kontaktieren.",neutral
1734,x.com,2024,Screen Time & Device Dependency,ja,ほどほどに不便な方がデジタルデトックスできて良いかもしれない,neutral
1735,x.com,2024,Screen Time & Device Dependency,ja,"こんばんわ

デジタルデトックスはしたことありませんが

時には離れるのは良いと聴きますね♬*.:*¸¸

脳のリフレッシュされて良かったですね

おやすみなさい",positive
1736,x.com,2024,Screen Time & Device Dependency,ja,1年間デジタルデトックスしてください,neutral
1737,x.com,2024,Cultural Norms & Digital Etiquette,id,"emang minta maaf biar ga hilang wewenang aja, vibes sombong angkuhnha masih. cancel culture aja plis woii, stop gus gus ga jelas. yang jelas cuma gusti Allah",negative
1738,x.com,2024,Cultural Norms & Digital Etiquette,id,Langsung gercep yee wkwkkw takut ga laku ya. tetep cancel culture ges ga sekali ini dia ngerendahin orang,neutral
1739,x.com,2024,Screen Time & Device Dependency,ja,"すいません凄まじくありえんぐらい体調悪いんで、、、DM返すのが1ヶ月後とかになっても怒らないでください、、、ほんとにごめんなさい
ついでにデジタルデトックスしてきます、、、ྀི",neutral
1740,x.com,2024,Cultural Norms & Digital Etiquette,id,"orang-orang disini cepet lupa hanya perkara orangnya tetiba melakukan ini itu untuk terlihat baik

apa itu cancel culture? orang yang jelas-jelas pernah punya masa kelam aja tetiba bisa jadi “orang penting” di negeri ini",neutral
1741,aajtak.in,2024,Social Media & Psychological Well-being,hi,Feedback  भारतीय स्टेट बैंक (SBI) के हैदराबाद के लोथुकुंटा शाखा के मैनेजर के हस्तक्षेप से एक वरिष्ठ नागरिक दंपत्ति धोखाधड़ी का शिकार होने से बच गया.,negative
1742,news.yahoo.co.jp,2024,Persuasive Design & Algorithm Ethics,ja,12/1(日) 17:02 配信 写真はイメージです Photo:PIXTA スマホやSNSの普及で現代人の生活意識は大きく変わり、「時間対効果」 いわゆるタイムパフォーマンスの高さが重要視されるようになった。 この「タイパ」を疎かにしていると、ビジネスの世界では命取りになることも。 経済学者・宮下雄治氏がビジネスシーンでの「タイパ」の重要性を解説する。 ※本稿は、宮下雄治,positive
1743,x.com,2024,Screen Time & Device Dependency,ja,デジタルデトックスするだけで、多分それ以前に繋がってる人とは会ってくれる気がするんやけどな(´・ω・｀),neutral
1744,x.com,2024,Screen Time & Device Dependency,ja,"らんさん人気あるじゃないすか(◜ᴗ◝)
でもデジタルデトックスはかなりおすすめです
俺みたいなねちっこい奴は人がライブ行くの羨ましくてあんま見ないようにしてますからね
ネットをやめるんじゅなくネットをおやすみするのいいかもですね︎",positive
1745,x.com,2024,Screen Time & Device Dependency,ja,"デトックス日記

スマホ断ち｜１日目
お菓子断ち｜１日目
ジュース断ち｜１日目
コンビニ断ち｜１日目
自販機断ち｜0日目
禁欲 ｜１日目
※スマホ断ちはスクリーンタイム1.5h以下

Moto(",neutral
1746,x.com,2024,Screen Time & Device Dependency,ja,デジタルデトックス、あり,positive
1747,x.com,2024,Group Dynamics & Peer Pressure,en,"1. The 'world' hasn’t recognized Holodomor as a genocide, only Western-aligned nations pushing Cold War propaganda have. Vast regions, including most of Asia, Africa, and Latin America, don’t acknowledge it as such. Your 'world' is just NATO's echo chamber.",negative
1748,x.com,2024,Group Dynamics & Peer Pressure,ja,"・Be your self
・正鵠busters
・Aware
・エコーチェンバー
・逆風ヨーソロー
・祭れ祭れ
・ココロノチカラ
・限界突破スペック
#残響セトリ",positive
1749,x.com,2024,Screen Time & Device Dependency,ja,"ｷﾉﾄさんだーーーお疲れ様です♪
健診で眼引っかかっちゃって少々ﾃﾞｼﾞﾀﾙﾃﾞﾄｯｸｽしてました
こちらこそ、ｷﾉﾄさんとお話できて嬉しい〜♪",positive
1750,x.com,2024,Screen Time & Device Dependency,ja,"疲れがどっと出て今日はデジタルデトックスしてました
やっぱり寝ないとですねー",negative
1751,x.com,2024,Screen Time & Device Dependency,ja,"昨日、今日はデジタルデトックス…
まぁ、お仕事や用事も多かったし、眠気も強いから、空きあらば寝てただけなんですけどね
しっかり寝て目を休めて、いつもよりしんどさがないです
明日からまたお仕事…師走って言うくらいだから、忙しない日々が戻ってるんだろうなぁ",neutral
1752,x.com,2024,Screen Time & Device Dependency,ja,"せせこらエアリアル改修型作ってたら1日終わっちまったな

Twitterもほとんど見れてないからデジタルデトックスにプラモ作りは最適かもしれん",neutral
1753,x.com,2024,Screen Time & Device Dependency,ja,不安にさいなまれるとき、スマホやSNSから少し離れるだけでも効果があります。デジタルデトックスを試してみてください。 #不安 #デジタルデトックス #心の休息,neutral
1754,reddit.com,2024,Cultural Norms & Digital Etiquette,en,"Now I don't believe in cancel culture. This was years ago. I believe people can change and shouldn't be shackled  to their past and flogged for it (unless they committed a heinous crime or something on that level).

That being said, if this is all true and that was actually him, this dude is most definitely a racist piece of shit lmao.  Frequent usage of the n-word aside, he straight up called Daigo and Justin Wong specific racial slurs for asian people. Jesus christ, lmao.",neutral
1755,x.com,2024,Screen Time & Device Dependency,ja,るかちゃーん…信じられない。そんな人いるの？わざわざるかちゃんに言ってくる必要があった？ただ自慢したかったのかな…大人気ないし人の気持ちがわからない残念な人、、ルカちゃん心が優しいから相当溜め込んでたのではﾃﾞｼﾞﾀﾙﾃﾞﾄｯｸｽでゆっくりして〜また直で会えたら嬉しいな♡,positive
1756,bsky.app,2024,Screen Time & Device Dependency,ja,スクリーンタイム見たんだけど今日だけで6時間pktwに入り浸ってたらしい,neutral
1757,x.com,2024,Screen Time & Device Dependency,ja,デジタルデトックスできた気がしない！！w,negative
1758,x.com,2024,Screen Time & Device Dependency,ja,デジタルデトックスしたい時のロック画面に使ってください,neutral
1759,x.com,2024,Screen Time & Device Dependency,ja,"6時間のデジタルデトックス
いい気分転換になった",positive
1760,x.com,2024,Screen Time & Device Dependency,ja,"スマホ画面をシンプルにして、時間を有効活用！
最近のイチオシ脱スマホアプリです
• minimalist phoneでデジタルデトックス
• スマホ依存を防ぎ、集中力向上
• 無駄な通知を減らし、重要なタスクに専念
#朝活",positive
1761,bsky.app,2024,Screen Time & Device Dependency,ja,X鎧アカに仮ラベルつけられたタイミングでログアウトして1週間経ち、iPhoneのスクリーンタイムを確認してみたら2週間前は1週間で11時間見ていたのに今週2時間半になってたわ（10年以上前から使っている情報収集アカと仕事アカは使用）\nちょっと時間使いすぎていたわね😑,neutral
1762,x.com,2024,Screen Time & Device Dependency,ja,素敵でした!!!!この曲大好きなんですけどデジタルデトックスのためiPadを置いてきました！(プロセカが出来ない),positive
1763,x.com,2024,Cultural Norms & Digital Etiquette,en,VISA and MasterCard have excluded several Japanese manga e-book sites. Cancel culture continues to infringe on freedom of expression as it once did.,negative
1764,x.com,2024,Cultural Norms & Digital Etiquette,ja,"Cancel cultureに終止符を。
性別ではなく能力が大事。
この方は小選挙区で2連続で落ちています。
結果が出せてないのは事実。",neutral
1765,news9live.com,2024,Cultural Norms & Digital Etiquette,en,"The world of relationships is constantly evolving, and with it comes a wave of buzzwords that captured the complexities of modern love. From digital-first connections to manipulative tactics in dating, 2024 introduced new terms that define the changing dynamics of romance. Mumbai: Navigating the dating world today feels like learning a new language, and 2024 was no exception. With terms like “Zombieing” and “Throning” dominating conversations, it’s clear that relationships have taken on new forms in the digital and social media era. These buzzwords not only reflect how we connect but also expose the subtle nuances of modern dating behaviour. One of the standout trends this year was the rise of superficial connections and emotionally ambiguous interactions. Whether it’s being breadcrumbed with empty promises or benched for a ‘better option,’ these terms highlight the need for greater awareness and authenticity in relationships. Dive into the top five relationship buzzwords of 2024 to decode what’s happened in the world of love and dating. 5 Trends that shaped relationships in 2024 From textationship to benching, here are 5 Trends that shaped relationships in 2024: 1. Textationship Modern dilemma of endless texting without commitment A relationship is a contemporary phenomenon combining the convenience of texting with the illusion of a meaningful relationship. It’s essentially a relationship that exists almost entirely in the digital realm—full of endless messages, but devoid...",neutral
1766,tmz.com,2024,Screen Time & Device Dependency,en,"Kiss the days of the family-friendly Kiss Cam goodbye ... there was another NSFW moment, courtesy of two Sacramento Kings fans, who used their screen time for nefarious reasons! The moment occurred during a break in the action during the second quarter of the Kings vs. Houston Rockets game Tuesday night in Sac Town ... with the team showing couples from around the arena on the Kiss Cam. Here's the full video of the kiss cam: pic.twitter.com/5Dl9n9G9rh While most fans stayed on script ... one woman took it to a much more raunchy level, mimicking oral sex on her man. It's tough to say if the moment was planned or not ... but they both seemed to be having a blast. The dude, especially. You can almost hear the director yelling ""cut away!"" in the control truck ... which is exactly what they did, showing a cute little girl directly after the X-rated couple. Of course, it's not the first time this season a couple took advantage of the kiss cam. In fact, a Knicks fan recently used his few seconds of airtime to introduce some adult humor. On the court ... the Kings walked out of the Golden 1 Center with a 120-111 win, snapping Houston's three-game winning streak.",neutral
1767,navbharattimes.indiatimes.com,2024,Social Media & Psychological Well-being,hi,भोजपुर पुलिस ने फर्जी आधार कार्ड बनाकर ठगी करने वाले एक गैंग का खुलासा करते हुए एक शातिर ठग को गिरफ्तार किया है।  यह ठग दिल्ली से ट्रेन में बैठकर पटना आया।,neutral
1768,reddit.com,2024,Screen Time & Device Dependency,en,"how i understand you damn it. how many tears were i shed because of hinata's development flushed down the toilet, a girl from a huge and strong clan, and owns TWO fucking techniques, when neji from a side branch has eight of them in canon. sakura is the same story, smart girl, reached the heights, became strong compared to konoha 12 (not taking into account sasuke and naruto) but this love for sasuke that turned her character into a ruin. Ino and temari I was more or less happy, Ino became the matriarch of the clan, smart and successful woman, but she still acts like a child. temari is probably one of the best female characters, I bet because she's not one of the main characters. i'm not even talking about ten-ten who has less screen time than ton-ton....",positive
1769,x.com,2024,Social Media & Psychological Well-being,hi,"UP के आगरा में साइबर ठगों ने 2017 में 'फेमिना मिस इंडिया' रहीं शिवांकिता को डिजिटल अरेस्ट करते हुए 2 घंटे वीडियो कॉल पर कैद रखा गया। उन्हे डराकर 99 हजार ऐंठ लिए गए। साइबर ठगों ने खुद को CBI अफसर बताया था। वह डर गई और 99 हज़ार का चूना लग गया।

बंगाल की फेमिना मिस इंडिया रही",negative
1770,reddit.com,2024,Group Dynamics & Peer Pressure,en,"So basically an echo-chamber where you can just shut your eyes from all the hate each of us recieve?

I dont get it. The trolls on reddit / 4chan / tumblr / twitter would still hate on Indians . So what exactly is your website solving? I can mute worldnews sub , kashmiri sub , MiddleEast sub etc and be done with it?

The site isn’t solving any problem ie it literally does not have a reason to exist over reddit from what I can deduce by your 10 liner post. If there is actually something it is solving , or providing **over** reddit then let us know about it?",negative
1771,reddit.com,2024,Group Dynamics & Peer Pressure,en,"What kind of echo chamber does op live in, cause I ain't never seen a teenager in philippines preach Andrew's bullshit.",negative
1772,x.com,2024,Cultural Norms & Digital Etiquette,ja,CANCEL CULTURE STRIKES AGAIN,neutral
1773,x.com,2024,Cultural Norms & Digital Etiquette,en,Bc cancel culture India me bhi Gus aya h???,neutral
1774,x.com,2024,Cultural Norms & Digital Etiquette,en,"U big dummies  kids and grown, soft, cancel culture, snowflake, weirdos make up the majority of wrestling fans… u think they’re going even pg 14?!?!?! sureeeeeee u people couldn’t even handle Roman calling Seth a cross dresser wtf did y’all expect?",positive
1775,x.com,2024,Cultural Norms & Digital Etiquette,en,"Indonesia butuh Cancel Culture,  Boikot!!!",neutral
1776,x.com,2024,Cultural Norms & Digital Etiquette,tr,"Bazen insanlar sırf cancel culture yapayım arzusuyla her olaya yorum yapmaya kalkıyor işte. Başka bir konu varsa eleştir ama bunda tuhaf olan ne ki?
Ha olağanüstü bir tespit de değil ama linçlenecek konu da değil kardeşim.
Gereksiz muhabbetler. Sanki memlekette gündem bitti...",neutral
1777,bhaskar.com,2024,Social Media & Psychological Well-being,hi,गेमिंग एप के जरिए साइबर ठगी करने वाले एक गिरोह के तीन सदस्य को सेन्ट्रल जोन की पुलिस ने गिरफ्तार कर लिया है।  आरोपियों के बैंक खातों से काकादेव पुलिस ने 40 लाख रुपए बरामद किए हैं।,neutral
1778,uproxx.com,2024,Screen Time & Device Dependency,en,"The streaming spy shows are out of control. On Netflix alone, impending second season bingewatches include (starring Gabriel Basso) and (with Noah Centineo). If you’re addicted to the espionage and looking for an underappreciated gem while waiting for the above shows to return, then (with Margarita Levieva) could scratch that itch, and this week’s spy release, (starring Keira Knightley and Ben Whishaw’s luscious hair), has already been renewed for more. Speaking of ahead-of-the-game renewals, will receive a third season, but first, the second chapter must arrive, so let’s talk about what we can expect about Peter Sutherland’s next job. Plot It’s time for FBI Agent Peter Sutherland to really get his feet wet in the Night Action program after proving himself worthy by helping to save the president, and whew, the basement is gone for good: the show filmed much of the second-season action in Thailand ^^^ along with Manhattan. Netflix has confirmed that two pivotal characters, Rose (Luciane Buchanan) and White House Chief of Staff Diane Farr (Hong Chau) will return, although we don’t know how much screen time they will receive, especially since it appears that Peter won’t be hanging in D.C. too much going forward. Since Matthew Quirk’s same-named book, which was the basis for the first season, doesn’t have a sequel, there’s no reading ahead, so to speak, in order to guess what will happen next for Peter. We do know, however, that his initiation into Night Agent is not yet...",neutral
1779,reddit.com,2024,Digital Presence & Identity Management,en,"Ballerina Farm lady is gross. Her husband is gross. Their pretend lifestyle is gross. They are grifters and what they promote is not only unattainable, but harmful to women. It's a regression of women's liberation. It's also so utterly bland. I am tired of the ""mormonification"" of aesthetics. Beige people living their beige lives with their plastic smiles. It'd be different if it was real, but it's a projection. 

Ballerina Farm lady isn't my great-great grandmother who fled poverty in her home country to immigrate alone and homestead out of survival, becoming a dairy farmer and living off the land in the ""new world."" She's a woman who married into wealth and can technically conjure up whatever lifestyle she desires, except for the fact that Mormon women are groomed to be ""trad wives."" So she plays her little role, makes it look effortless, peddles her toxic positivity, and aids in the grooming of yet another generation of young women. 

The entire thing is a ruse. Utah women have the highest rate of antidepressant use in the entire county. But sure, smile pretty for the camera.",neutral
1780,youtube.com,2024,"Attention, Focus & Cognitive Load",en,"Protesters throw fireworks at police Tbilisi after EU suspended.  Before ignorant and agitated trolls flood the comments section:  what we're seeing in Georgia is just the tip of the iceberg.  Yes, it is indeed a pushback to the oligarch-ruled government's anti-constitutional hijacking of Georgia's European aspirations (the Article 78 of the country's constitution emphasizes ''the full integration of Georgia into the European Union and the North Atlantic Treaty Organization''), reflecting the country's civilizational, cultural and historical drive to the West (the idea supported by the overwhelming majority of its population: over 80%), but it is also an angry (very angry!) reaction to what the ruling party (ironically calling itself ''Georgian Dream'') has done to Georgia in the last decade:  absence of the rule of law, unaccountability, clientelism, nepotism and corruption at every level of the state system,  rise of crime, religious fundamentalism, widespread poverty, increased emigration and brain drain,  repeated mismanagement of natural hazards (e.g. the 2023 Shovi tragedy),  no ecological policy,  irresponsible disregard for Georgia's true treasure: its world-important cultural heritage (the ongoing mistreatment of the medieval UNESCO site of Gelati Monastery near Kutaisi and the damage of its unique frescos is just one example),",negative
1781,youtube.com,2024,"Attention, Focus & Cognitive Load",en,"Georgians risk serious injury jail fresh protests BBC News.  Before agitated trolls flood the comments section: what we're seeing in Georgia is just the tip of the iceberg.  Yes, it is indeed a pushback to the oligarch-ruled government's anti-constitutional hijacking of Georgia's European aspirations (the Article 78 of the country's constitution emphasizes ''the full integration of Georgia into the European Union and the North Atlantic Treaty Organization''), reflecting the country's civilizational, cultural and historical drive to the West (the idea shared and supported by the overwhelming majority of its population: over 80%), but it is also an angry (very angry!) reaction to what the ruling party (ironically calling itself ''Georgian Dream'') has done to Georgia in the last decade: • Absence of the rule of law • Unaccountability, clientelism, nepotism and corruption at every level of the state system • Rise of crime • Religious fundamentalism• Widespread poverty • Shrinking middle class  • Limited opportunities and total hopelessness for the country's educated youth  • Increased emigration and brain drain • Repeated mismanagement of natural hazards (e.g. the 2023 Shovi tragedy) • No ecological policy",neutral
1782,x.com,2024,Cultural Norms & Digital Etiquette,en,"Accha hua ki UK mein jo varna India mein reh kar aisa kuch bolti to right wing media, IT cell aur cancel culture pareshan kar deta.",neutral
1783,youtube.com,2024,"Attention, Focus & Cognitive Load",en,"with the EU.  Before agitated trolls flood the comments section:  what we're seeing in Georgia is just the tip of the iceberg.  Yes, it is indeed a pushback to the oligarch-ruled government's anti-constitutional hijacking of Georgia's European aspirations (the Article 78 of the country's constitution emphasizes ''the full integration of Georgia into the European Union and the North Atlantic Treaty Organization''), reflecting the country's civilizational, cultural and historical drive to the West (the idea shared and supported by the overwhelming majority of its population: over 80%), but it is also an angry (very angry!) reaction to what the ruling party (ironically calling itself ''Georgian Dream'') has done to Georgia in the last decade: • Absence of the rule of law • Unaccountability, clientelism, nepotism and corruption at every level of the state system • Rise of crime • Religious fundamentalism• Widespread poverty • Shrinking middle class  • Limited opportunities and total hopelessness for the country's educated youth  • Increased emigration and brain drain • Repeated mismanagement of natural hazards (e.g. the 2023 Shovi tragedy) • No ecological policy",neutral
1784,reddit.com,2024,Group Dynamics & Peer Pressure,en,"Honestly, most of what I learned was as an adult. My school history lessons rather skirted around the subject and covered it in a fairly flattering way.

We did 'the scramble for Africa' and covered it as if Africa was just sort of this big empty space full of resources for which Europeans genteelly competed.

And we covered India, but it was presented in quite an 'everyone benefited', cultural exchange mind if way: they gave us spices, we gave them cricket and trains.

As for how Brits feel about our empire, on average somewhere between [proud and neutral, but with a significant minority ashamed of it](https://ygo-assets-websites-editorial-emea.yougov.net/images/Empires20chart201-01.format-webp.webp). Iirc, there's a big age disparity, with older people more positive about it and younger people more negative.

Edit: predictably downvoted for accurately describing how we covered the empire when I was at school. And yet people will claim this place is some left wing echo chamber.",neutral
1785,x.com,2024,Screen Time & Device Dependency,ja,"最近ずっとコレ。おそらく10年20年後ももしかしたら…
デジタルデトックスなるものがあるらしいが、まぁ無理だね( ˙꒳˙  )ｷﾘｯ",negative
1786,reddit.com,2024,Group Dynamics & Peer Pressure,en,"You cannot reason with a group of people who lack rationality.

A certain staff member of the DPPcaucus Threads, deeply stuck in their echo chamber, tried to use the situation in South Korea to steer domestic public opinion. However, this does not mean that the DPP supports South Korea's martial law.  
  
Pointing this out does not mean that the DPP is without problems or should not be criticized.  
  
It's so interesting. Does one have to assume that the DPP supports South Korea's martial law in order to criticize them on this matter? Those caught up in this narrative are just as blind as the DPPcaucus Threads themselves.",positive
1787,reddit.com,2024,Group Dynamics & Peer Pressure,en,This is just reddit in general. Reddit is an echo chamber and the people who are the most active on here are often the worst of society. Almost any game with a woman protagonist gets trashed relentlessly on here but you check reviews and other people's rankings and it's very high. A for instance when TLOU2 released a vocal minority claimed it was the worst game ever made even though they clearly didn't play it and watched the story and disagreed with the creators story decisions. You can almost look at some of the most popular reddit views and do the opposite and have it work out well for you.,negative
1788,reddit.com,2024,Digital Presence & Identity Management,en,"This is the wrong response. Jesus never responded to peoples pain with judgement or toxic positivity. 

We do not have a High Priest who cannot sympathize with our weaknesses (Hebrews 4:15)

Rejoice with those who rejoice, and weep with those who weep (Romans 12:15)

Jesus wept (John 11:35)",negative
1789,x.com,2024,Social Media & Psychological Well-being,hi,"UP के आगरा में साइबर ठगों ने 2017 में 'फेमिना मिस इंडिया' रहीं शिवांकिता को डिजिटल अरेस्ट करते हुए 2 घंटे वीडियो कॉल पर कैद रखा गया। उन्हे डराकर 99 हजार ऐंठ लिए गए। साइबर ठगों ने खुद को CBI अफसर बताया था। वह डर गई और 99 हज़ार का चूना लग गया।

बंगाल की फेमिना मिस इंडिया रही",negative
1790,thesun.co.uk,2024,Screen Time & Device Dependency,en,"A WOMAN who turned radioactive due to extreme cancer therapy was forced to ask her girlfriend to sleep in the hallway. Lucy Younger, 24, was diagnosed with a thyroid tumour last year which has led her to undergoing two surgeries and radiotherapy. The student was told she needed radio-iodine therapy which involved her reducing contact with her partner Ellie as the treatment would turn her radioactive. Lucy, from London, would have to spend four days alone in a room and then would not being able to share a bed with anyone for nine days further. She said: ""To begin with, I thought it was just a tablet, and I remember thinking it was a great and easy treatment. ""For four days, I was alone in a room with only my clingfilmed mobile phone for company. Read more Health ""I passed the time by starring out into the 13th floor view of London I had, I can almost recite the skyline now."" She was placed into a room secured with two lead-lined doors and had to swallow a tablet through a long tube so she didn't have to touch it. Throughout the treatment Lucy was at risk of radioactive contamination and was at risk to anyone who came near her. There was nothing to do but go on her climfilmed phone and she said her screen time went up to over six hours daily to distract her from her swollen neck form the treatment. Most read in Health Due to Lucy having epilepsy, her mum was permitted to visit and bring a treat from the ""outside world."" ""She would fill me in on her day, bring me a “Tunacado”...",neutral
1791,thesun.ie,2024,Screen Time & Device Dependency,en,"A WOMAN who turned radioactive from extreme cancer therapy was forced to ask her girlfriend to sleep in the hallway. Lucy Younger, 24, was diagnosed with a thyroid tumour last year which has led her to undergoing two surgeries and radiotherapy. The student was told she needed radio-iodine therapy which involved her reducing contact with her partner Ellie as the treatment would turn her radioactive. Lucy, from London, would have to spend four days alone in a room and then would not being able to share a bed with anyone for nine days further. She said: ""To begin with, I thought it was just a tablet, and I remember thinking it was a great and easy treatment. ""For four days, I was alone in a room with only my clingfilmed mobile phone for company. ""I passed the time by starring out into the 13th floor view of London I had, I can almost recite the skyline now."" She was placed into a room secured with two lead-lined doors and had to swallow a tablet through a long tube so she didn't have to touch it. Throughout the treatment Lucy was at risk of radioactive contamination and was at risk to anyone who came near her. There was nothing to do but go on her climfilmed phone and she said her screen time went up to over six hours daily to distract her from her swollen neck form the treatment. Due to Lucy having epilepsy, her mum was permitted to visit and bring a treat from the ""outside world."" ""She would fill me in on her day, bring me a “Tunacado” sandwich from Jo & the Juice, put her...",neutral
1792,medicalxpress.com,2024,Screen Time & Device Dependency,en,"What happens in the womb and during the first 1,000 days of life is critical to shaping a baby's future health, a fact that is becoming ever more apparent as research dives deeper into this period. A glaring example is gestational diabetes, a temporary form of diabetes that some women develop during pregnancy. Though gestational diabetes usually disappears after delivery, its presence during pregnancy doubles—and in some cases triples—the risk of future Type 2 diabetes for both the mother and her child . This problem deserves our attention, as do other factors in early childhood that also contribute to future risk of diabetes. These include low-quality diet, ultraprocessed foods and sedentary lifestyle due to heavy screen time, as well as pressures at work-life integration, which is challenging urbanized societies worldwide. Gestational diabetes risks Sometimes the way to root out threats to the health of mothers and children is through large-scale research sampling the entire population. Sometimes we need to take a deeper look at specific communities to find issues that affect them more than others. We know that in Canada, gestational diabetes occurs more commonly in racialized populations. South Asian, Middle Eastern, North African and East Asian women experience the condition more frequently than white women of European origin. Our population health research among the South Asian population—the largest non-white ethnic group in Canada—provides some reason for hope. We...",negative
1793,x.com,2024,Digital Presence & Identity Management,pt,Eugenista por que? Por não gostar de ver uma pessoa sofrendo e saber q ela vai sofrer pelo resto da vida e as pessoas ainda ficam romantizando isso com toda essa positividade tóxica?,negative
1794,reddit.com,2024,"Attention, Focus & Cognitive Load",en,"Definitely. Pollution, poor infrastructure, corruption of basically everyone who has money or power, mistreatment of women, controlling societal structure, lack of education and civic sense in people (being literate doesn't inherently mean one is educated). All these things make India look seemingly irredeemable (especially corruption). One person or even thousands can't make a dent in all this until the government and people with influence do something. Why would they? The government doesn't seem to care about passing laws to better the country and neither does the judiciary care about upholding them. 

Everyone in this sinking ship is stampeding over each other trying to stay afloat, pushing everyone else down to grasp the illusion of security. Everyone is trying to grab the next mouthful of air, unable to afford the energy to think that by tomorrow they'll all be 1000 feet underwater, while the rich will have long since left on their safety boats. Those of us who are smart enough will choose not to get in this ship altogether by leaving India. 

Why do you think the brain drain is happening? People don't just leave because they are unpatriotic, they leave because they don't see how the shit societal conditioning and hierarchy of centuries is going to change in their life time.",negative
1795,x.com,2024,Cultural Norms & Digital Etiquette,id,"Mungkin masalahnya kelar lewat duit untuk korban. Tapi jejak digital gak bisa hilang. Secara gak langsung Pak Miftah udah kena Cancel Culture sampe seterusnya dan akan dikenang sebagai orang tidak beradab. 

Dampaknya cukup hebat. Gak akan selesai meski udah dikasi uang",positive
1796,bhaskar.com,2024,Social Media & Psychological Well-being,hi,प्रयगराज में क्रेडिट कार्ड की लिमिट बढ़ाने के नाम पर एक महिला के खाते से 7.16 लाख रुपये उड़ा दिए गए।  साइबर ठग महिला को ओटीपी के नाम पर उलझाए रहे।  अकाउंट से रुपये ट्रांसफर होने पर पता चला।,negative
1797,x.com,2024,Screen Time & Device Dependency,ja,それが今まで自分にとってスマホ、そしてTwitterだったので、楽しいとはいえかなり時間をそこに費やしちゃってたから最近スマホをあまり持たないようにしたり、ゲームアプリとかあまりやらないように…デジタルデトックスかな？したらかなり使える時間が増えた気がした,neutral
1798,x.com,2024,Screen Time & Device Dependency,ja,週一のデジタルデトックスから始めるのあり！！,neutral
1799,x.com,2024,Screen Time & Device Dependency,ja,"最近の私のSNSは飴と鞭の差が激しいですね
デジタルデトックスするべき時が",neutral
1800,bsky.app,2024,Cultural Norms & Digital Etiquette,en,"+ Slovakia, Hungary and Romania are not the bulk of pre-war EU purchases. The first two are basically breadcrumbs.",neutral
1801,x.com,2024,Screen Time & Device Dependency,ja,最近Xが色々な人の誹謗中傷で胸糞悪いから、作間舞台の感想ツイしたらデジタルデトックスしたいけど、Xがないと情報難民なるから悩む。でも色々な人が叩かれているのをこの1週間見て疲れちゃった。,negative
1802,x.com,2024,Screen Time & Device Dependency,ja,"月初からぶっ飛ばしすぎて、4日間で34枚も画像作ってた…あほなの…？
さすがに眼精疲労＆首ガチガチになってるので、今日はなるべくデジタルデトックスします
（っていうのをお知らせする画像を作ったので35枚目ですね。もはや手癖…怖い…）
#ドット丸",negative
1803,es.reddit.com,2024,Screen Time & Device Dependency,es,"En contexto, laburo de recepcionista de un hotel y tengo mucho tiempo libre, tanto en el trabajo como en mi casa.

Lo que me viene molestando hace tiempo es que quiero disminuir mi tiempo de pantalla y no puedo porque no encuentro otra cosa que me haga mas ameno mis turnos, ni siquiera es un tema de redes sociales, todo lo que sea series/peliculas veo en el celu y juegos también, pero siento que ya estoy pasando demasiado tiempo en pantalla.",negative
1804,reddit.com,2024,Screen Time & Device Dependency,es,"En contexto, laburo de recepcionista de un hotel y tengo mucho tiempo libre, tanto en el trabajo como en mi casa.

Lo que me viene molestando hace tiempo es que quiero disminuir mi tiempo de pantalla y no puedo porque no encuentro otra cosa que me haga mas ameno mis turnos, ni siquiera es un tema de redes sociales, todo lo que sea series/peliculas veo en el celu y juegos también, pero siento que ya estoy pasando demasiado tiempo en pantalla.",negative
1805,x.com,2024,Screen Time & Device Dependency,ja,"デジタルデトックスしようと試みてみるので、配信の時だけ浮上になります…( ˘꒳˘  )੭""",neutral
1806,x.com,2024,Group Dynamics & Peer Pressure,en,So I really live in a bubble as a mournwatcher romancing emmrich supremacist dont i yes i do and i love my echo chamber thank you very much,positive
1807,bsky.app,2024,Social Media & Psychological Well-being,ja,高校の #学食 、群馬は県立6校に\u3000愛される理由と人気メニューを調べてみた《ランキング》\u3000《生活情報ページJOMOtto（じょもっと）》 | 上毛新聞社のニュースサイト - www.jomo-news.co.jp/articles/-/5...,neutral
1808,amarujala.com,2024,Social Media & Psychological Well-being,hi,Jhajjar-Bahadurgarh News: साइबर ठगों ने तीन लोगों से लाखों रुपये की राशि ठगी,negative
1809,reddit.com,2024,Screen Time & Device Dependency,en,"Add on to this: they hardly share any screen time together, especially 1-1. Even at the end of the shippuden series, when they finally reunite, he basically leaves her again, and the big romance moment is him saying “maybe next time”, to her request to join him. I’m not a “shipper”, but all that buildup, and its was for nothing. It would’ve been nice to see them have some kind of relationship. 

It’s basically an annoyingly, 1 sided relationship, that’s supposed to be this, kind of romance story. 

I notice in Naruto, a lot of the relationships, seems to be “girl is madly obsessed, with a boy who doesn’t even acknowledge her”. 

Then they tease us, with her questioning if she has affection for the MC, which is arguably, a better relationship, since they actually had a lot of time together. But then, that’s undone in the same scene/episode. I mean, I know the dude is goofy, but goofy is better than terrorist, who literally tries to kill you. 

In the Naruto world, apparently girls thirst over boys, until the boy gives in and marries them. 

Makes me question if the writer, has ever even been a relationship with a woman.",negative
1810,bsky.app,2024,Social Media & Psychological Well-being,ja,手塚真監督が群馬・桐生市を舞台に新作映画\u3000「古い町並みが残る」と白羽の矢\n#手塚真監督 #群馬県 #桐生市\nwww.jomo-news.co.jp/articles/-/5...,neutral
1811,x.com,2024,Social Media & Psychological Well-being,ar,"ضمك بورنموث الفتح كومو هامبورغ

ڪۆد خضم مباشر

▬إيهٮرب▬ ← CNU3074",neutral
1812,x.com,2024,Screen Time & Device Dependency,ja,この調子で行けばそのうち「オマケ人生初日です」とか言い出しそうなのでデジタルデトックスしようね,neutral
1813,x.com,2024,Screen Time & Device Dependency,ja,"申し込みし直しできるよ〜！私もログイン情報渡せばできると思ってた…笑
その日私仕事だから一緒に入れないんだけど…休みだったら行ったのに
仕事時間中(9-18)に取りに来てくれて且つ返しに来てくれるならスマホ渡してもいいけど笑笑(デジタルデトックスする)",positive
1814,x.com,2024,Group Dynamics & Peer Pressure,en,if you dispute chemical induced weather modification exist then you really are in an echo chamber of your indoctrination. insane. ask yourself where does all the coal ash go??????? why does the US import coal ash from china??? as a commercial pilot i can assure you additives are,negative
1815,x.com,2024,Screen Time & Device Dependency,ja,"おはようございます
デジタルデトックスをしてゆったり自然やお庭を眺める1日を過ごしてみたいです",positive
1816,reddit.com,2024,Social Media & Psychological Well-being,en,"This is not intended as hate but I don’t know anyone in my personal or online life that ships Togachako. Not for the people who just like the ship( I like it too) but the ones who thought it would fully materialize in canon. how would their relationship work if they got together given canon materials say from their battle onwards(assuming Toga lived). 

At this point in the series she had killed multiple people before joining LOV, Stabbed ochako for her blood and sliced tsyuus tongue, tried to stab Deku, killed like 50 people with Urarakas quirk, killed an old lady so she could get ochako alone, then stabbed ochako nearly killing her.

From my perspective I just don’t get how in Universe Ochako, miss “I want to be a hero that saves other heroes when their in pain” would be able to develop canon romantic feelings for someone who did all that. 

Not to mention the MHA real world consequences she would have to face which honestly be 25 to life or Tartarus prison. 

Again no hate I think they look really good together but I never had any real hopes or thoughts that they’d be canon. So can someone from the “They should have been canon” division help me out here. 

Thanks!",neutral
1817,x.com,2024,Group Dynamics & Peer Pressure,ja,"皆さんおはようございます。
最近、憶えた単語？概念？
「エコーチェンバー」
「デジタルツイン」

xで多種多様な方々と交差出来、有難う御座います。

何だか？山頂で「やっっほ〜〜」な山彦遊びみたい。時間差でやって来るし
。空間で死なないコピーロボット…パーマン何しよう？",neutral
1818,x.com,2024,Screen Time & Device Dependency,ja,"セミリタイアまで824日

当直明け。いつも通りの勤務。当直代は2万。全国平均からは低位だろう。デジタルデトックスのためフォロワーを整理",negative
1819,bsky.app,2024,Screen Time & Device Dependency,en,“Martial law came to South Korea – and my friends and I doomscrolled through the night” https://www.theguardian.com/commentisfree/2024/dec/04/martial-law-came-to-south-korea-and-my-friends-and-i-doomscrolled-through-the-night\n\nSounds terrifying.,neutral
1820,bsky.app,2024,Screen Time & Device Dependency,en,“Martial law came to South Korea – and my friends and I doomscrolled through the night” https://www.theguardian.com/commentisfree/2024/dec/04/martial-law-came-to-south-korea-and-my-friends-and-i-doomscrolled-through-the-night\n\nSounds terrifying.,neutral
1821,youtube.com,2024,"Attention, Focus & Cognitive Load",en,"Sahafi With Matiullah Jan December 2024 Neo News JF1R. Very sad state of affairs. Cheema sahiba was right about brain drain and remittances to Pakistan. Those who are skilled and moving out of Pakistan don't send money back since they have family with them. Only contributions to some extent is in the form of sadqa, zakat and qurbani in Pakistan of some gifts they send to their love ones.",negative
1822,bsky.app,2024,Screen Time & Device Dependency,ja,"ありがとうございます😊\n素敵な写真を撮られる方がいらしたのですが撤退されてしまいました。\n写真垢さん中心に結構な方がこちらでの活動を中止されてしまってさみしくなってしまいます。\n\n私は結構適当にやっていますがそれでも時々SNS全般""大変だなぁ(定期)""がありますね〜\n\n適度にデジタルデトックスしながら""楽しい""と思える間はぼちぼちのんびり活動しようと思っています^ ^\nこちらこそいつもありがとうございます.\u200e˖٭.\u200e˖٭❤︎",positive
1823,x.com,2024,Digital Presence & Identity Management,en,"They sound stupid, just toxic positivity lol. The offense is ass . And it's not just the weapons. Watch the All-22 Greg Roman can't call an offense.",negative
1824,x.com,2024,Group Dynamics & Peer Pressure,en,will jk akgaes from india and indo+ filo kpoppies who claiming jimin has no fans in the US finally quiet down now? leave him alone and just accept that he's loved outside your kpop circle and twitter echo chamber.,neutral
1825,aus.social,2024,Screen Time & Device Dependency,en,"Interesting perspective from a local journo: --- Martial law came to South Korea – and my friends and I doomscrolled through the night - Haeryun Kang  https://www. theguardian.com/commentisfree/ 2024/dec/04/martial-law-came-to-south-korea-and-my-friends-and-i-doomscrolled-through-the-night # SouthKorea   # Korea,southkorea korea",neutral
1826,x.com,2024,Cultural Norms & Digital Etiquette,id,"Si miftah ini harus bener2 harus kena cancel culture. Dari dulu ga pernah respect sama ni orang. 
Ga bisa jadi panutan sama sekali!",neutral
1827,x.com,2024,Screen Time & Device Dependency,ja,昨日は出勤したらｽﾏｯﾎの充電が30%でなるほど充電忘れ……と思いながら最低限の連絡だけしてお弁当とかはボーッとしながら食べて強制デジタルデトックスしてました,neutral
1828,krone.at,2024,Cultural Norms & Digital Etiquette,de,Was für ein besonderer Rahmen für eine besondere Auszeichnung für eine besondere Fußballerin:  Vor dem spanischen Liga-Duell von Athletic Bilbao und Real Madrid ist die frühere ÖFB-Teamspielerin Maria Gstöttner vor über 50.000 Fans für ihre Vereinstreue mit der „One Club Woman“-Trophäe geehrt worden!  Die Stars beider Mannschaften standen für die 40-jährige Niederösterreicherin Spalier und applaudierten.  Gstöttner spielte 24 Jahre lang nur für Neulengbach und absolvierte dabei 465 Partien.  Den „One Club Man“-Award erhielt der ausschließlich bei Inter Mailand engagiert gewesene italienische Ex-Weltmeister Giuseppe Bergomi.,positive
1829,bhaskar.com,2024,Social Media & Psychological Well-being,hi,डिजिटल अरेस्ट करके सायबर ठगी करने वालों के सामने पुलिस लाचारी की स्थिति में हैं।,neutral
1830,x.com,2024,Group Dynamics & Peer Pressure,tr,İnce ve Özdağ destekçisiyim ama asla büyümeyeceklerini düşünerek oy veriyorum. X'in tek işlevi yankı odası olması. Platform sürekli aynı fikirde insanı karşınıza çıkarınca sayımız çok sanıyorsunuz.,neutral
1831,x.com,2024,Cultural Norms & Digital Etiquette,id,Wkwkwkw sick sick. Masih aja di bela. Kapan ya warga ini punya pemikiran berani cancelled culture,negative
1832,x.com,2024,Screen Time & Device Dependency,ja,"朝のじゃっかんお下のネタツイするじゃん
TLにきゃわわなワンコや動物たちの画像流れてくるじゃん？
きゃわわわわわわー幸あれー
という気持ちになるじゃん

え、これがデジタルデトックス……?????",neutral
1833,boards.4channel.org,2024,Screen Time & Device Dependency,en,"Kind of a good movie if you just cut most of the screen time of the Hispanic woman and the blond woman, and just focus on Sarah Connor, the T-800, and also the T-800's family",positive
1834,x.com,2024,Cultural Norms & Digital Etiquette,ja,"STOP PEMBODOHAN

WAKTUNYA MASYARAKAT MELAKUKAN CANCEL CULTURE UNTUK ORANG-ORANG PENCITRAAN MENJIJIKKAN",neutral
1835,x.com,2024,Screen Time & Device Dependency,ja,"定期的にパソコンを使わない時間を作るようにしています。

デジタルデトックスすると心がすっきりしますね。",neutral
1836,x.com,2024,Screen Time & Device Dependency,ja,"寒いだけで怒りの沸点が低くなる

デジタルデトックス期間だな！",neutral
1837,news.ycombinator.com,2024,"Attention, Focus & Cognitive Load",en,"I actually don't think much would've changed. Our core problems - low birthrate, and extreme dependence on RE wouldn't be affected one way or another. Things will probably get worse before it gets better, and it looks like we have to be more strategic when it comes to partnerships. Being a service industry with very low manufacturing doesn't help either. Decent amount of natural resources, but not enough people, nor cultural (yes, it's hard to find workers for the mines for good reasons, despite its high pays, and I'm very familiar with the issue due to relationships with people who are in the industry) and political willingness to go full-China style on them either.We could try to push for innovation, but brain drain is real, because if you want money, it's really not that hard to find a job across the border especially if you're talented. And 10x market down there, so what's the point. Why America's economy is soaring ahead of its rivals (ft.com)",neutral
1838,x.com,2024,Screen Time & Device Dependency,ja,"おはようございます(❀•᎑•)ﾉ

なんだか最近Xのポストの表示の偏りが酷くなって(>_<)

いつもご挨拶に『いいね』したりしていた皆様が表示されず、興が冷めついついIN率下がっております(❁ᴗ͈ˬᴗ͈)
(土日は最近電波届かない場所におり、デジタルデトックス)
本日も宜しくお願い致します",positive
1839,x.com,2024,Screen Time & Device Dependency,ja,デジタルデトックスやってみよかな,neutral
1840,x.com,2024,Cultural Norms & Digital Etiquette,id,Upaya nyebokin. Bener kata Gus gusan itu jika jamaahnya goblokkk gak ada cancel culture njink tenan,neutral
1841,x.com,2024,Cultural Norms & Digital Etiquette,id,"Kasus Olok-Olok Gus Miftah ke Pedagang Es Berbuah Cancel Culture, Ini Pengertian dan Dampaknya",neutral
1842,x.com,2024,Screen Time & Device Dependency,ja,"ローランド様から学んだデジタルデトックス、おすすめですw
睡眠の質がイマイチ、朝の寝起きがスッキリしないとかあれば！",neutral
1843,bhaskar.com,2024,Social Media & Psychological Well-being,hi,वाराणसी में साइबर ठगों ने भारतीय जल सेना से रिटायर्ड ऑनरी सब लेफ्टीनेंट अनुज यादव को डिजिटल अरेस्ट कर 98 लाख रुपए की ठगी कर ली।,neutral
1844,bsky.app,2024,Cultural Norms & Digital Etiquette,ja,"THIS SATURDAY MY NEXT REVIEW DROPS FOR THE ANIME ‘MAYONAKA PUNCH’ or ‘MIDNIGHT PUNCH’, THE LESBIAN VAMPIRE ANIME ABOUT CANCEL CULTURE NO ONE TALKS ABOUT youtube.com/@shaykstarr?...",neutral
1845,x.com,2024,Screen Time & Device Dependency,ja,"「夢を掴む集中力を取り戻せ！受験生必見のスマホ依存解消プログラム」心と時間に余白を生む、デジタルデトックス×マインドフルネス、モニター募集中！ https://prtimes.jp/main/html/rd/p/000000015.000056064.html… via 
@PRTIMES_JP",positive
1846,reddit.com,2024,Cultural Norms & Digital Etiquette,en,"i’m 22 and i’ve never been in a relationship.

all my life i grew up such a lover girl from movies to tv shows to books, romance was always my favorite genre. i love love! 

i’ve had talking stages and been on a few dates but none have really worked out, and though i had a phase of some casual hookups, i don’t enjoy it anymore and would rather not put my energy into casual stuff. 

however, growing up so obsessed with romance and love, it made me very obsessive sometimes and i absolutely have been trying decenter it. i’ve been working on my myself in all ways like self improvement, mental and physical health, hobbies, etc. 

i have SO much love around me that’s not romantic! i am so loved by many friends and some family as well. however, i just desperately crave that romantic connection so bad especially since ive never had it. ever since i started trying to decenter it and become more busy, i definitely don’t obsessively think of it as often, but that huge desire never goes away. 

i want to experience cuddling and hugs and date nights and late night calls and flowers and cooking together and being nervous to say i love you for the first time all those romantic things. 

i know im young but i just don’t know when it will actually come to my life, and i absolutely want to wait for a healthy genuine partner instead of just any breadcrumb i can get, so that requires even more patience that i sometimes feel like i don’t have bc i want to experience being loved and loving someone so bad.",positive
1847,x.com,2024,Screen Time & Device Dependency,ja,「夢を掴む集中力を取り戻せ！受験生必見のスマホ依存解消プログラム」心と時間に余白を生む、デジタルデトックス×... https://prtimes.jp/main/html/rd/p/000000015.000056064.html…,positive
1848,x.com,2024,Screen Time & Device Dependency,ja,"少しデジタルデトックスする事にした。
少し時間があると携帯いじっちゃうの良く無いなと。",negative
1849,x.com,2024,Social Media & Psychological Well-being,hi,"डिजिटल अरेस्ट की शिकार 'ब्यूटी क्वीन'.. शिवंकिता दीक्षित से साइबर ठगी, CBI अधिकारी बनकर ऐंठे पैसे 

#DigitalArrest #ShivankitaDixit #Agra #CyberFraud 
@Nidhijourno
 @theanupamajha",neutral
1850,x.com,2024,Screen Time & Device Dependency,ja,デジタルデトックスみたいになるからおすすめ,neutral
1851,x.com,2024,Screen Time & Device Dependency,ja,"親子でデジタルデトックスの時間を

友人が、10代から大人まで みんなで取り組むマインドフルネスを基盤にしたデジタルデトックスプログラムを作るためのクラファンを行っています

大切な時間を取り戻しませんか？
https://camp-fire.jp/projects/809598/view…

#マインドフルネス
#デジタルデトックス",positive
1852,x.com,2024,Social Media & Psychological Well-being,ja,"Jomonese 縄文人 | 佐藤卓、上田義彦

2012年に国立科学博物館で開催された展示の際に刊行されたもの。男女2体の縄文人骨標本を、写真家上田義彦が撮影。頭部や歯、人為的な外傷の跡、大腿骨、骨折など、人類学的な特徴や事象を細部に至る大判...

https://buff.ly/4imNGGA",neutral
1853,reddit.com,2024,Cultural Norms & Digital Etiquette,en,Super simple and delicious use of left over thanksgiving turkey. I also added some broccoli and sprinkled some breadcrumbs on top. Takes the already amazing mac & cheese to the next level!,positive
1854,x.com,2024,Screen Time & Device Dependency,ja,デジタルデトックスしようとしたけどエゴサしたすぎて2時間で無理だった,neutral
1855,x.com,2024,Screen Time & Device Dependency,ja,"あたしもデジタルデトックスしたよ
寂しいけどこれからもナカーマ",neutral
1856,x.com,2024,Cultural Norms & Digital Etiquette,id,"Ayo buktikan orang ini bisa dapet cancel culture, tapi gak mungkin sih",neutral
1857,x.com,2024,Cultural Norms & Digital Etiquette,tr,Eski flörtümün postunda breadcrumbing yaptığımı öğrendim öldürücem kendimi,neutral
1858,x.com,2024,Cultural Norms & Digital Etiquette,id,"mau dia berubah? ya terapin cancel culture buat dia. jangan disorot, jangan dibahas, jangan diundang ke acara apapun, jangan dikasih panggung, jangan dikasih hak istimewa. masalahnya masyarakat bisa ga?",negative
1859,bhaskar.com,2024,Social Media & Psychological Well-being,hi,चित्रकूट के स्टेशन रोड गांधी गंज मोहल्ले में 12 अक्टूबर को किराना व्यापारी  राकेश केशरवानी ने साइबर ठगों की ब्लैकमेलिंग से तंग आकर फांसी लगाकर आत्महत्या कर ली थी।,negative
1860,x.com,2024,Screen Time & Device Dependency,ja,「夢を掴む集中力を取り戻せ！受験生必見のスマホ依存解消プログラム」心と時間に余白を生む、デジタルデトックス×... https://prtimes.jp/main/html/rd/p/000000015.000056064.html…,positive
1861,x.com,2024,Screen Time & Device Dependency,ja,"生きてます
忙し過ぎて必然的にデジタルデトックスしとった
明日当落だ~~~",neutral
1862,x.com,2024,Screen Time & Device Dependency,ja,"そう言ってくださると…！！
今回はデジタルデトックスしたくて休日に作りましたが、報われた気がします",positive
1863,bsky.app,2024,Screen Time & Device Dependency,ja,デジタルデトックス法: 頭痛、肩こり、目の疲れ解消\u2063 <デジタルデトックス研究会\u2063> が、Kindleストアで販売開始されました。\n5leaf.jp/kindle/B0DPKBVD1H/#a...,neutral
1864,x.com,2024,Screen Time & Device Dependency,ja,デジタルデトックスには最適かもしれん,positive
1865,x.com,2024,Screen Time & Device Dependency,ja,"たまにのデジタルデトックスもいいですね
休日にいいストレス発散できました",positive
1866,x.com,2024,Cultural Norms & Digital Etiquette,en,indonesia bnr2 butuh cancel culture,neutral
1867,bsky.app,2024,Screen Time & Device Dependency,ja,デジタルデトックス終了したから毎秒ちるふれあにクソリプできるぜ,neutral
1868,x.com,2024,Social Media & Psychological Well-being,hi,"Agra News: साइबर ठगों ने मॉडल को बनाया शिकार, 2 घंटे 'डिजिटल अरेस्ट' कर उड़ा लिए 99,000 रुपए
#AgraNews #Agramodeldigitalarrest #AgraCrimeNews #CyberThug 
@agrapolice
 @Uppolice",negative
1869,x.com,2024,Screen Time & Device Dependency,ja,"ミヅキさん、ありがとうございます
ドキドキ遠くをみたりデジタルデトックスの時間も大切ですね
空眺めるのいいですね私も窓辺ですがブラインド閉じがちなので開けて眺めてみます
今日は作業もほどほどにお休みさしたいと思います",positive
1870,x.com,2024,Screen Time & Device Dependency,ja,"ただのdetoxじゃなくて、
Tech detox(ネット断ち)とか、造語とか、前に何か付く気がするんだよなー",neutral
1871,bhaskar.com,2024,Social Media & Psychological Well-being,hi,प्रयागराज में एक चिकित्सक को साइबर ठगों ने अपने जाल में फंसाकर उनसे 50 लाख रुपये की ठगी की।,neutral
1872,bsky.app,2024,Screen Time & Device Dependency,ja,昨日と今日でとある実験をしました。\nこのiPhoneユーザーがたまに話しているスクリーンタイムの異常な時間について。\n\n結論言うと、電源を落としている間にゴリゴリに使用した事になっています！\n\n普段、スマホなんて1時間くらいしか使わないからおかしいと思ったんですよね。\n\n電源を切っている時間は電池残量を知らぬ間に喰っていると思うとゾッとします…。\n一体、電源落としている間に僕のスマホに何が起きているのやら…。\n\n#iPhone #スクリーンタイム #何これ怖い,negative
1873,x.com,2024,Persuasive Design & Algorithm Ethics,ja,THE ATTENTION ECONOMY SHOULD BE AN ATTENTION LITURGY,neutral
1874,x.com,2024,Screen Time & Device Dependency,ja,"そうなんですよ
スケジュール等が行ってみて並びが分かったり前説で上映時間言われて席で焦ったりとか多いのが演劇の悪い習慣として当たり前になりつつあるので大事です
この間なんて隣の人に電車の関係か上映時間聞かれてうろ覚えで答えてドキドキしましたよ（合ってましたが）",negative
1875,x.com,2024,Screen Time & Device Dependency,en,Martial law came to South Korea – and my friends and I doomscrolled through the night,neutral
1876,x.com,2024,Group Dynamics & Peer Pressure,ja,"周りの理解でエコーチェンバーになって
婚期逃しそう",positive
1877,bsky.app,2024,Cultural Norms & Digital Etiquette,en,"would i lie to you. would i lie to you about something so sacred a green and blue ceramic bowl filled with spaghetti, peas, chunks of turkey, and sliced mushrooms tossed in and chunks of a browned breadcrumb crust still intact in spots",neutral
1878,x.com,2024,Screen Time & Device Dependency,ja,"こんにちは
デジタルデトックスの効果もあったんでしょうか、今日午前中に部屋の整理をすることが出来ました
頭への刺激を減らして整理整頓したから片付けにつながったこれからも意識的な整理整頓を心がけていきます
午後も些細な幸せ見つかりますように

起き活435日目
早めに起きれた",positive
1879,x.com,2024,"Attention, Focus & Cognitive Load",en,"This is the benefit of Indian brain drain we can say :) 

Sundar Pichai is pushing lots of stuffs to India after he took the helm of affairs at Google.",positive
1880,x.com,2024,Screen Time & Device Dependency,ja,"データ移行に3時間かかるって言われたので携帯持たずに諸々の買い出しに出てんだけど禁断症状出そうでダメだった
わたしにデジタルデトックスはできない
インターネット共に生きインターネット共にしぬ",neutral
1881,hindi.news18.com,2024,Social Media & Psychological Well-being,hi,एटाः (रिपोर्टः रविकांत शर्मा)  उत्तर प्रदेश के एटा जनपद से हैरान करने वाला मामला सामने आया है.  यहां एक कारोबारी को फोन घनघनाया.  उसने जैसे ही उठाया तो कॉलर ने चार शब्द कहे कि मैं ईडी से हूं.,neutral
1882,hindi.news18.com,2024,Social Media & Psychological Well-being,hi,ऋषिकेश.  उत्तराखंड में साइबर फ्रॉड के मामले हर दिन बढ़ते जा रहे हैं.  फर्जी वेबसाइट के जरिए भी लोग साइबर ठगी का शिकार हो रहे हैं.,negative
1883,x.com,2024,Group Dynamics & Peer Pressure,en,"Thank you for confirming. I don’t want to see those clout chasers at Korea FM, especially after seeing how terrible MMY is treating the boys while getting money from their fans.",neutral
1884,x.com,2024,"Attention, Focus & Cognitive Load",fa,"فرارمغزها از ایران پس از ۴۶ سال همچنان ادامه دارد. 
تخمین زده اند بین ۸ تا ۱٠ میلیون ایرانی در خارج از کشور زندگی می کنند.این خود جمعیت یک کشور کوچک اروپایی است. 
نگرانی شدید #شاهنشاه فقید را تنها پس از گذشت یکسال از شورش۵۷ در این ویدیو بخوبی می توان  مشاهده کرد
#شاهنشاه_روحت_شاد",negative
1885,aajtak.in,2024,Social Media & Psychological Well-being,hi,Feedback  ओडिशा के कटक (Cuttack) में एक निजी बैंक के रिलेशनशिप मैनेजर (Relationship manager) को बुजुर्ग महिला के खाते से 2.30 करोड़ रुपये ट्रांसफर कर लिए.,neutral
1886,bsky.app,2024,Social Media & Psychological Well-being,ja,谷川岳の魅力をもっと…　谷川岳ロープウェイ （群馬・みなかみ町）を「 谷川岳ヨッホ 」に改めオープン　星野リゾート | 上毛新聞社のニュースサイト - www.jomo-news.co.jp/articles/-/5...,neutral
1887,x.com,2024,Screen Time & Device Dependency,ja,頭痛が治らないので当分デジタルデトックス,neutral
1888,x.com,2024,Screen Time & Device Dependency,ja,"本音を言うと12月前半はネットから少しの間離れたい(デジタルデトックス)
11月は進捗消化に特化した生活しすぎてオーバーヒートしてる",neutral
1889,x.com,2024,Screen Time & Device Dependency,ja,つーわけでデジタルデトックスも安静にしてるのも終わり。少しは元気になりましたよ,neutral
1890,reddit.com,2024,Cultural Norms & Digital Etiquette,en,"I roast it, put some brown sugar on top and torch/caramelize it. make some crispy rice with sushi rice. Then I put nikiri sauce, geeen onion, lemon, salt and homemade Japanese sweet breadcrumbs. One of my favorite pieces, bone marrow is just do good!",positive
1891,x.com,2024,Screen Time & Device Dependency,ja,メンタル不調のため、この垢も消して３週間ほどデジタルデトックスしておりましたが本日月初めという事で復活させました。とりあえず最近の絵でも貼っときますね。(本当は裏で結構描いてたw),neutral
1892,reddit.com,2024,Group Dynamics & Peer Pressure,id,"ya wajar namanya juga echo chamber, mau di twitter atau di sini nggak jauh beda;;",neutral
1893,reddit.com,2024,Group Dynamics & Peer Pressure,en,"You liberals are stuck in an echo chamber. Americas have rejected the woke agenda. If you continue to believe the lies of the legacy media, you may not win another election again. If you think you lost the election because of racism, sexism or any other such isms and identity politics then you will continue to miss the big picture and lose the next elections.

Conservatives honestly listen to liberals and consider their positions but liberals will listen to no one else and that’s the big problem. I don’t have a dog in this, I’m South African 🇿🇦but I’ve followed the past election closely. If you do not actually listen to people who disagree with you and continue to be repulsed by their very existence when you also need their votes you will not win. 

Listen to what Americans have been saying all over the media, do not sensor what you don’t agree with. Stop the personal insults and attacks then you might win. Trump may not be running again in the next election but your losses will be greater still if you don’t turn down the hateful rhetoric. This comment section will not help the party get to the bottom of what the issues were, you see identity politics in everything even where it is not a factor. And Americans have rejected that, and it will be worse of you run with Newsome or someone like him ,he has failed in California and is a joke to all other states. 

Liberals need to introspection, when you fail look within without trying to blame anyone else. You will improve. AOC will not win if she runs but not because she’s a woman or because she’s not white. She will lose because of what she represents, because of what she says, because of her values. You can’t be in the extremities and claim to represent everyone, you don’t. The liberals are the party of billionaires that want to control what people see, hear, even what they do and do not put in their bodies. Even what car they choose to drive, what they can and cannot have, you can’t win with that.",negative
1894,x.com,2024,Screen Time & Device Dependency,ja,"ストレスコントロールと、小さな目標を立てながら自己効力感を高める、オープンな対話、デジタルデトックス

へー？",neutral
1895,x.com,2024,Screen Time & Device Dependency,ja,ちょっとデジタルデトックスした方がいいw,neutral
1896,x.com,2024,Social Media & Psychological Well-being,hi,"#Bundi #लाखेरी: पशु चिकित्सक हुआ साइबर ठगी का शिकार

पशुओं के टीकाकरण करने की बात को लेकर ऑनलाइन पेमेंट के नाम से की गई ठगी, पीड़ित के बैंक अकाउंट से 1 लाख 85 हजार रूपए की हुई बताई ठगी, पीड़ित ने लाखेरी थाने में दर्ज कराई रिपोर्ट।
@BundiPolice",negative
1897,x.com,2024,Screen Time & Device Dependency,ja,"12月の目標
・実践を見据えたテスト勉強
・脳を休ませる（デジタルデトックス）
・7時間睡眠&朝勉強
・ヒップアップ

限りある時間を大切に過ごす
愉しむことと感謝を忘れずに",positive
1898,x.com,2024,Screen Time & Device Dependency,ja,今日って二度寝して15時ぐらいにやっと起きて夕方近所で買い物したらもう日が暮れてた感じなんだけど思いの外心は充実してる 程よくデジタルデトックスできたのかも,positive
1899,x.com,2024,Screen Time & Device Dependency,ja,"金曜くらいから乾燥の影響(？)でスマホやモニター見ると目がしんどかったので、デジタルデトックスしてました
(最低限、各個への返信はしてました)

身体は元気です",positive
1900,x.com,2024,Screen Time & Device Dependency,ja,"しごおわ〜からの無事帰宅〜
今日は朝からスマホの電池切れでデジタルデトックスな日に〜
なので歩数はスポーツウオッチの方
多分3000位だったと思う
ここ数日目覚ましで起きれない日々なので今夜は風呂入ってすぐ寝る〜
皆さまも体調管理しっかりね
おちゅorふぁいおorおやしゅぴ〜",neutral
1901,x.com,2024,Screen Time & Device Dependency,ja,デジタルデトックスたまには良いこと,neutral
1902,x.com,2024,Social Media & Psychological Well-being,hi,"Bihar Crime News: जामताड़ा बना बिहार का यह शहर, साइबर ठगी के बड़े रैकेट का खुलासा; एकसाथ पकड़े गए 35 शातिर",negative
1903,x.com,2024,Screen Time & Device Dependency,ja,もうすぐ私のデジタルデトックスがおわる ᐠ( ᑒ  )ᐟ,neutral
1904,x.com,2024,Screen Time & Device Dependency,en,"Flew in from Singapore. Flew in from Dubai. Flew in from Japan. At least we got screen time. 

SPOTLIGHT COUPLE FAYEYOKO
#FayeYokoYentertainAwards",neutral
1905,x.com,2024,Screen Time & Device Dependency,ja,"デジタルデトックス頑張るの偉すぎる
できる自信ない",neutral
1906,x.com,2024,Screen Time & Device Dependency,en,"""Home ground""

The rehearsal for the opening ceremony of Vietnam Defence Expo 2024 as well as exhibits from the military of Vietnam getting some screen time. From the look of it, nearly all exhibits from the 2022 event make a comeback but we have some ""new"" ones too.",neutral
1907,x.com,2024,Screen Time & Device Dependency,ja,"だいぶ復活
デジタルデトックスは必要だね",neutral
1908,x.com,2024,Cultural Norms & Digital Etiquette,en,"it’s not even a good psyop. The Pakistani paper that published the unfounded baseless and intellectually insulting allegations is allegedly affiliated w the cia. 

Woke right can’t defend Israeli influence so they resort to woke cancel culture tactics",negative
1909,x.com,2024,Group Dynamics & Peer Pressure,en,"I'd disagree. These senile old men and women are the people who have for a generation monopolised the interpretation of liberalism in India as their vanity project. Their snobbery, the academic gatekeeping and echo chambers they created are going to become their graves.",negative
1910,reddit.com,2024,Group Dynamics & Peer Pressure,en,"She lost with 42% of the vote, which is nearly half of all votes. Many were probably Asian voters since her platform was Asian-focused.

So you tell me, does your anecdotal “evidence” (which happens to feed the /r/Seattle echo chamber) really beat the cold hard statistics?",positive
1911,x.com,2024,Social Media & Psychological Well-being,en,The cyberbullying of an elderly woman forced her to send a quick photo as evidence. Do the haters still have any conscience.,negative
1912,newsmaker.tribunnews.com,2024,Social Media & Psychological Well-being,en,"- Yuk perhatikan soal dan mata pelajaran kelas 9 SMP . Siswa akan mengerjakan soal halaman 313. SImak baik-baik soal dan mata pelajaran kelas 9 SMP . Siswa akan belajar tentang bab 5 unit 2 worksheet 5.17. a. Look at this wordle and write down what you know about the words in the space provided below. You may use Indonesian. Number one has been done for you. Jawaban: 1. attachments: any kind of ile we add or send with an e-mail message. 2. safeguard: to protect. 3. nickname: an informal name. 4. cyberbullying: the activity of using messages on social media, emails, text messages, etc. to frighten or upset somebody. 5. avatar: a picture or image representing a person used in an online game or on social media. 6. identity theft: using somebody else’s name and personal information to take money out of the person’s bank accounts.",neutral
1913,timesnownews.com,2024,Screen Time & Device Dependency,en,"New Delhi: India's ""captain cool"" MS Dhoni is still a hot property in the arena of brand endorsements. Dhoni, who is affectionately also referred to as ""Thala"" is still hitting it out of the park, bagging 42 brand deals in just six months in 2024. Dhoni has left big movie stars like Shah Rukh Khan and Amitabh Bachchan behind in brand endorsements, TAM Media Research said. From luxury cars to civic infrastructure, Dhoni is a brand name that all big companies are going after. MS Dhoni's impressive portfolio of endorsements includes leading brands such as Citroën, drone startup Garuda Aerospace, Flipkart-owned Cleartrip, PepsiCo's Lay’s, EMotorad, Mastercard, Gulf Oil, Orient Electric, and Explosive Whey. His most recent collaboration with Eurogrip Tyres further cements his position as a top brand ambassador, just in time for the upcoming Indian Premier League (IPL) season. Apart from commercial brand endorsements, Dhoni has also been a face of civic initiatives. Dhoni also collaborated with the Election Commission to encourage people to come and vote during the recently concluded Jharkhand elections. The TAM report further highlights Dhoni's remarkable growth in brand endorsements, standing out despite trailing behind actors like Akshay Kumar, Shah Rukh Khan, and Amitabh Bachchan in daily screen presence. While Kumar, Khan, and Bachchan average 22, 20, and 16 hours of screen time daily, Dhoni records 14 hours. “Dhoni defies the typical rules of stardom,” Harish Bijoor told...",positive
1914,reddit.com,2024,Screen Time & Device Dependency,en,"My thoughts:
The woman try to be cool w Brooks &amp; Chloe because they are young and hip (and gorgeous).
Bronwyn is so messy but we knew that. Given the discussions shes had w Todd for her to go hard yet again and embarrass herself &amp; him must be disappointing. I'm no Todd hater, I totally get why he's not engaging in hw bs.
Angie is looking for screen time, there's no scenario that will keep her from filming, case in point: Meredith's bat mitzvah. She looked great at the party tho. I think a little volume in her hair is better than dead straight.",neutral
1915,x.com,2024,Cultural Norms & Digital Etiquette,id,cancel culture keknya emang gabisa diterapin di Indo,neutral
1916,reddit.com,2024,Group Dynamics & Peer Pressure,en,"""I don't think I'm wrong"" and proceeds to go to an echo chamber of people to tell her shes right. Typical narcissistic young woman. ",neutral
1917,x.com,2024,Cultural Norms & Digital Etiquette,en,"Tai tai, yg problematic makin populer, kapan Indonesia bisa nerapin cancel culture kek Negara maju",negative
1918,x.com,2024,Social Media & Psychological Well-being,hi,"#Bareilly  महिला एवं बाल कल्याण विभाग सामाजिक सुरक्षा, आर्थिक सहायता और महिलाओं की सशक्तिकरण की दिशा में अनेक योजनाएं चला रहा है। लेकिन हाल ही में हुए एक गंभीर साइबर हमले ने इस विभाग की मेहनत पर पानी फेर दिया है
 #News #Latest #Update",negative
1919,x.com,2024,Cultural Norms & Digital Etiquette,id,"kapan majunya negeri ini, kalau orang seperti miftah ga di cancel culture!",neutral
1920,x.com,2024,Screen Time & Device Dependency,en,"Shanghai offline signing support 

𝐏𝐀𝐑𝐓 𝟏 - Shanghai Jing'an Joy City outdoor large screen

No. 166, Xizang North Road, Jing'an District, Shanghai, China
 1207 (carousel)
Screen time: 09:00 ~ 21:00

https://weibo.com/5621762577/P2T1kpd2o…
#예지 #YEJI #옞덩봤덩 
@ITZYofficial",positive
1921,x.com,2024,Group Dynamics & Peer Pressure,en,"I mean you can't even devise a slur for this subhuman, that's how fucked this is. 

Low IQ, incel, can't grasp the concept of aging, clout-chasing gymbro, wanna-be Andrew Tate woman hater, inbred African/Arab... like, what do you call this phenotype?",negative
1922,x.com,2024,Screen Time & Device Dependency,tr,çok az ekran süresi kaplayacağı için buddie'nin hikayesini geçebilmesi bi 8 sezon daha alır. iki ana karakterin mis gibi işlenmiş öyküsü varken gaipten karakterin gelmesini bi de onun işlenmesini niye isteyelim ?,positive
1923,naidunia.com,2024,Social Media & Psychological Well-being,hi,"HighLights  नईदुनिया,  रायपुर। छत्तीसगढ़ के रायपुर में रेंज साइबर पुलिस ने ठगी के तीन आरोपियों को गिरफ्तार किया है।",neutral
1924,hindi.latestly.com,2024,Social Media & Psychological Well-being,hi,"आगरा:  यूपी में एक मॉडल को साइबर ठगों ने दो घंटे के लिए 'डिजिटल गिरफ्तारी' में डालकर ₹99,000 की ठगी की.",negative
1925,x.com,2024,Screen Time & Device Dependency,ja,"ごっつぁんでした。混雑してるか心配でしたがまだ大丈夫でよかった。

【サウナ横綱】本川越店!川越駅の商店街から行ってみたレビュー https://yamadetobu.com/sauna_yokozuna/

#サウナー
#サウナイキタイ
#アウフグース
#ロウリュ
#デジタルデトックス",neutral
1926,x.com,2024,Group Dynamics & Peer Pressure,en,It’s woman like to think you want an echo chamber let alone be in a bubble in terms of different opinions.,neutral
1927,bsky.app,2024,Screen Time & Device Dependency,ja,私が仕事だと暗くなるまで預かり保育で、帰ったらバタバタと寝かしつけまで突っ走り、余裕ゼロ。\nなので通常お迎え+放課後予定なしの日を意識して作ってる。\n\n時間と(私の)心に余裕があると、お子たちも自然とスクリーンタイム(ゲームやYouTube)が減ってゆったりお絵描きしてたりして、普段のドタバタを反省する。,neutral
1928,x.com,2024,Social Media & Psychological Well-being,hi,"#Varanasi 

वाराणसी से डिजिटल अरेस्ट पर बड़ी खबर 
नेवी के रिटायर्ड अफसर डिजिटल अरेस्ट 
पति-पत्नी 23 दिन तक डिजिटल अरेस्ट 
साइबर ठगों ने वसूल 98 लाख रुपये 
CBI चीफ बनकर किया डिजिटल अरेस्ट 

#CyberCrime #CBI #DigitalArest  
@Kundan_Jamaiyar",neutral
1929,x.com,2024,Social Media & Psychological Well-being,hi,"छात्रों को साइबर अपराध के प्रति किया जागरूक, बचने के उपाय भी बताए।
@cmohry @DGPHaryana @IGP_SouthRange @police_haryana",negative
1930,x.com,2024,Social Media & Psychological Well-being,hi,"साइबर अपराध से सुरक्षित रहना है तो हर डिजिटल व्यवहार में अपनानी होगी समझदारी व सतर्कता। 

साइबर अपराध की शिकायत साइबर क्राइम हेल्पलाइन 1930 या http://cybercrime.gov.in  पर करें। 

#BundiPolice 
@IgpKota
 @PoliceRajasthan
  #CyberSecurity #CyberCrime",neutral
1931,bsky.app,2024,Screen Time & Device Dependency,ja,SNS1個封じただけで気分が良すぎるぞ！デジタルデトックスありかもしれん,neutral
1932,x.com,2024,Screen Time & Device Dependency,ja,デジタルデトックス やり方,neutral
1933,x.com,2024,Cultural Norms & Digital Etiquette,id,"Contoh cancel culture sing gagal iku yo usaha cancel Wahabi ning Indonesia tapi kok malah dadi akeh jama'ah e, opo maneh ning perkotaan dan BUMN",negative
1934,reddit.com,2024,Group Dynamics & Peer Pressure,en,The US is running out of talent to fill jobs like these. Everyone is more concerned with being influencers. China’s happy to see our nation become clout chasers rather than anything that requires work.,positive
1935,reddit.com,2024,Group Dynamics & Peer Pressure,en,"because reddit is an echo chamber and not actual representation, we would be in the dirt with how many dubai bad and UAE bad

best example is the recent election everyone on reddit support kamala you would think there is no way trump wins if you lool at popular reddits like r/pics but reality is different wasnt even close.

people who are living good here wont be complaining on reddit, and it's common to say dubai is overrated or bad.
I made post in r/AskUK about what are good gifts to get from there if they know places, Most of the comments were attacking me for being in dubai like bringing slavery/lgbt rights and luxury things 90% of answers were just hate.

Meanwhile I have been in UK for 5years everyone is nice and respectful and even like dubai even though I tell them weather here is way better but they say no sun here.

tldr; reddit /= irl, just an echo chamber.",neutral
1936,x.com,2024,Cultural Norms & Digital Etiquette,en,"I appreciate Koreans ""cancel culture"" against celebrities now. Why? Because if you're a celebrity you should set a good example to people who look up to you. You should set a good image so that they will follow you. In simple terms, you should be a role model.",positive
1937,x.com,2024,Screen Time & Device Dependency,ja,"最近、デジタルデトックスがしたくて
いつもより携帯封印してました

生きてます",neutral
1938,x.com,2024,Group Dynamics & Peer Pressure,en,"A real clout chasing. 

North Korea president declared martial law at 10pm local time, and at 11pm, the people have besieged the national assembly in thousands, calling for his impeachment. 

We are joking in this country",negative
1939,x.com,2024,Cultural Norms & Digital Etiquette,id,"Pelecehan seksual!! Banyak kata2 tdk pantas seperti bilang ‘lonte’, ‘susu expired’ dll hadeeuuhhh uda lah cancel culture aja nih orang!!",negative
1940,x.com,2024,Screen Time & Device Dependency,ja,"そうですねえ、正月またぎですね。
なお、入院期間中は規則正しい生活を送る必要があるので、今回ゲーム機は見送りとなりました。
病院では本を読んで過ごす、デジタルデトックスに近い生活をしようかなと。。。",neutral
1941,amarujala.com,2024,Social Media & Psychological Well-being,hi,"Cyber Crime : साइबर ठगों ने राजरूपपुर के डॉक्टर से ठगे 50 लाख रुपये, ठगों ने खुद को बताया बैंक मैनेजर",negative
1942,bsky.app,2024,Screen Time & Device Dependency,ja,夜はデジタルデトックスガチであり,neutral
1943,x.com,2024,Screen Time & Device Dependency,ja,"実家のwi-fiが、知らないうちに変更したらしく、パスワードが分からなくて使えない
タブレット使えないし、スマホもそうそう使えなくて
久し振りにデジタルデトックスしてます",neutral
1944,x.com,2024,Screen Time & Device Dependency,ja,デジタルデトックス完了,neutral
1945,bsky.app,2024,Screen Time & Device Dependency,en,"Thur 5th Dec: promising\nWater Rabbit emphasises romance & networking. Doomscrolling may not be such a bad idea. Stay detached.\nFavours: all especially Pig, Rabbit, Sheep & Dog, those who stick around.\nTechnically: Water Rabbit, Well, Stable (3)\nWater Rabbit pic: @EllieSpinelli",neutral
1946,x.com,2024,Group Dynamics & Peer Pressure,en,I don’t have the more accurate term but it feels kinda racist how people call it clout chasing when j gets attention from Indonesia!? if he was getting the same attention from sokor then y’all be rooting for him so??,negative
1947,x.com,2024,Screen Time & Device Dependency,ja,"【累計1000人以上の肉体を施術した男の結果の出る自分磨き】

①デジタルデトックス
②週3〜5でジムトレ
③風呂に浸かり心身を癒す
④睡眠6〜8時間の徹底する
⑤SNSを使う時間を決める
⑥高タンパクな食事を徹底
⑦肉体と心の整体をする
⑧自己研鑽は当たり前の基礎習慣",neutral
1948,x.com,2024,Social Media & Psychological Well-being,hi,"रिटायर्ड सब-लेफ्टिनेंट से साइबर ठगी: 22 दिन तक ऑनलाइन बंधक, 98 लाख और पेंशन हड़पी, हत्या की धमकी से डरे रहे
@Uppolice
 @varanasipolice
#TheVaranasiNews #Varanasi #VaranasiNews #CyberAttack",negative
1949,x.com,2024,Social Media & Psychological Well-being,ja,"なるほど！
昭和シェル石油は出光興産と合併してシェルの屋号がアポロンステーションに変わってしまい寂しいですよね。

ENEOSとかは色々と石油会社を買収していてMobilやESSO、カルテックス、JOMO、共同石油、東燃ゼネラル、三菱石油、日本石油、NISSEKIなんかのブランドが懐かしいですよね。",neutral
1950,reddit.com,2024,Group Dynamics & Peer Pressure,en,"don't have anyone to talk to about this. They've always been very controlling and somehow always find a way to make me feel like I am the issue: ungrateful, uncultured, rude, selfish. But after decades of this I am starting to slowly loose grasp of what reality and sometimes I wonder if anyone could see the echo-chamber of how my parents talk to me, treat me and expect from me would they think this is normal. There have been countless fights. They try to control, constantly keep tabs on me, I try to resist/ argue/ reason and then a huge fight. Days of silent treatment. Ostracization. Then back to normal. I moved out when I was 19 and have seldom gone back because everytime I do I feel like I am being showered in affection thats conditional and superficial. This has been my truth for years. I want to get married and the wedding planning process involving indian parents has brought me to tears. There was a screaming match about how they get to invite guests not me and my fiance. They get to decide where it is and how it is. Not me. I got very angry and I tried very hard to remind them that this isnt their place to be making these decisions. I later got a message from my mum saying my father was so upset at the argument that he was crying and slapping himself. That if he got sick or a heart attack from this I would be to blame. I dont know what to do. He has never known how to emotionally regulate himself. When he gets angry he has physically hit me too when I was younger and whenever in an argument I have pointed out his mistakes he starts crying, shouting and I guess now he is also slapping himself. I feel very alone and very scared",negative
1951,x.com,2024,Cultural Norms & Digital Etiquette,id,"Mau bersih2 nama baik kan lu???

Bisa gak sii di indo cancel culture di terapkan???",positive
1952,x.com,2024,Cultural Norms & Digital Etiquette,id,gue sekarang berasa kek lagi ada di situasi cancel culture nih,neutral
1953,x.com,2024,Screen Time & Device Dependency,ja,わたしもデジタルデトックスしたほうが良さそう,positive
1954,x.com,2024,Cultural Norms & Digital Etiquette,id,"Pak miftah sudah 

cancel culture mode on ini",neutral
1955,hindi.news18.com,2024,Social Media & Psychological Well-being,hi,मेरठ.  मेरठ रेंज के नए डीआईजी ने पदभार संभाल लिया है.  मेरठ रेंज के नए डीआईजी कलानिधि नैथानी ने अपनी पहली प्रेस वार्ता में कहा कि सड़क की गुंडई पर लगाम लगाना उनकी प्राथमिकता है.,neutral
1956,x.com,2024,"Attention, Focus & Cognitive Load",en,"How much more sweeter could bossnoeul be in japan that first we had p’may say some stuff cannot be released and now we hear fort say the same thing 🫨 total brain drain it’s the kind of situation that’s left to our imagination again 🙂‍↕️🙂‍↕️ 

#BossNoeul #BoNoh",neutral
1957,x.com,2024,Screen Time & Device Dependency,id,TMI tiktok group abang aja videonya cuman sebiji gak update lagi. 🗿 Fun fact: kayaknya udah sekitar 2 bulan ini screen time abang turun terus setiap minggunya xD kalau dirata-ratain bisa sekitar 5-6 jam… malah sempat di 3 jam waktu lagi sibuk. Kalau Sean? 🤔,positive
1958,x.com,2024,Screen Time & Device Dependency,ja,この件と一緒にするのはマジで多方面に失礼だし、1回デジタルデトックスした方がいいぞ、それでも考えが変わらないならまじで病院行った方がいい,positive
1959,news.detik.com,2024,Cultural Norms & Digital Etiquette,id,"Mimbar  Mahasiswa  Cancel Culture dan Penghakiman  Digital  Dewi Yulia Yanti - detikNews  Kamis, 05 Des 2024 16:10 WIB  Ilustrasi:  Edi Wahyono/detikcom  Jakarta - Pada era digital saat ini, muncul fenomena yang dikenal dengan sebutan cancel culture yakni suatu jenis pembatalan sosial yang ditujukan kepada orang atau organisasi yang dianggap melanggar norma-norma sosial atau melakukan kesalahan publik.  Di media sosial, komentar yang menyinggung atau perilaku yang tidak pantas dapat dengan cepat memicu reaksi besar atau mungkin bahkan menyebabkan dampak negatif yang jauh lebih luas.  Dengan meningkatnya penggunaan media sosial yang mempengaruhi persepsi masyarakat tentang keadilan dan moralitas, cancel culture menjadi masalah yang signifikan.  Mekanisme Kompleks",negative
1960,x.com,2024,Screen Time & Device Dependency,ja,"本日私用でスマホ見る暇ないほど
ギッチギチのギチ、だったんだけど、
ある意味デジタルデトックス、てか、
めちゃくちゃクリアというか。
判断に迷いがないというか笑。
しかも疲れない、という。
ただアドレナリン出てるだけ？笑",positive
1961,x.com,2024,Screen Time & Device Dependency,ja,デジタルデトックスするとクリエイティブ上がるのでいいですよね！,positive
1962,youtube.com,2024,Cultural Norms & Digital Etiquette,zh,". 12/5新頭殼讀者投書：分［台大學生們，水喔！］
好文分享，寫得很好，有空取讀。

Breadcrumb
洪佳珍 （勁草）",positive
1963,x.com,2024,Screen Time & Device Dependency,ja,"DETOX
何をかな？？
ドラッグとかじゃないとして笑

昨日トランポリンやって来たら内臓の位置が戻ってめっちゃ調子いい
本当はDigital detox やりたいけどこの続きがあるかもって思うと出来ないよね…笑",positive
1964,reddit.com,2024,Group Dynamics & Peer Pressure,en,"For any problem to solve or to arrive at a logical conclusion, it needs lot of discussion and dialogue. This is a good thing that you brought out in the open to discuss. Ee discussion valla okka person lo aina change vaste, then nothing like it. 

As cinema and movie star lives becomes accessible, the disillusion around them melts away. Vallu showbiz lo unnaru kabatti em chesina manaki nachinatte cheyali, manam cheppinde cheyali anna hype lo untam. Audience ki devullatho compare cheste, I feel we get manipulated by such words so powerfully. Its an echo chamber that we as audience, and they as producers/filmmakers built that keeps on building each other's expectations. Cinema is part of the life ani chaala mandi eppudo marchipoyaru. The fan frenzy continues and percolates into politics also. That's why so easily some of our stars come into politics and rise up in their political careers. 

Only when we dont treat them as gods and consider that they're doing their job really well, then such fan worship stops and people come to their senses. 

What has been a favourite past-time for families, has turned into a life-threatening thing now. This is sad. 

Thank you for reading it till the end.",positive
1965,x.com,2024,Screen Time & Device Dependency,ja,携帯家に忘れてって強制デジタルデトックスしました,neutral
1966,x.com,2024,Screen Time & Device Dependency,ja,ワンオクのアルバム、デジタルデトックスみたいに〇〇DETOXみたいな感じの名前なんだろうか,positive
1967,x.com,2024,Screen Time & Device Dependency,ja,"ツイ廃で腱鞘炎になったからデジタルデトックスしていたんだけれど腕が原因の割には腰や足が痛いと思ったら発熱していたでござる
今はかなり下がってきたけれど熱出てるの気が付かないのアホすぎた",negative
1968,x.com,2024,Screen Time & Device Dependency,ja,デジタルデトックス終わりました！,neutral
1969,x.com,2024,Screen Time & Device Dependency,ja,今日12時間くらいデジタルデトックスしたけど全然すっきりしないから現代人にスマホは必須。,neutral
1970,x.com,2024,Cultural Norms & Digital Etiquette,ja,"オタクがキャンセルカルチャーやってる！

オタク馬鹿にしたいだけやん…",negative
1971,x.com,2024,Screen Time & Device Dependency,ja,デジタルデトックスしたことないですが、ワンオクのdetoxは意味わからんくらい聴きまくります。,neutral
1972,reddit.com,2024,Screen Time & Device Dependency,en,"How do you say ""doomscrolling"" or whatever words are used to describe an equivalent behavior in Korean?",positive
1973,x.com,2024,Screen Time & Device Dependency,ja,デジタルデトックスすぎてほんまにSNS不慣れ,neutral
1974,x.com,2024,Screen Time & Device Dependency,ja,悪気あるのか知らんけど、平気で情報流してるやつ頭おかしいの？そういうやつデジタルデトックスした方がいいよ,neutral
1975,x.com,2024,Screen Time & Device Dependency,ja,"今日は家にすまほ忘れてきて強制デジタルデトックス日だった
腕時計も持ってなくて時間確認出来なくて困ってたら、後輩ちゃんが目覚まし時計貸してくれた",neutral
1976,x.com,2024,Cultural Norms & Digital Etiquette,id,"Pengen study banding ke sokor, mau belajar nerapin cancel culture di masyrakat. Termasuk gus gusan ga jelas kek gini",neutral
1977,x.com,2024,Group Dynamics & Peer Pressure,en,"Fucking idiot stays in Delhi and comments like a know-it-all. Visit Chennai or Kerala or somewhere else. You don't see any of this AQI shit.

Fuck you, idiot. ""Pan-India"", it seems. Sometimes you need to get out of your American superiority echo chamber.",negative
1978,x.com,2024,Social Media & Psychological Well-being,hi,"डिजिटल दुनिया में अपराधों से सुरक्षित रहने के लिए जरूरी है समझदारी। 

कुछ अच्छी आदतें आपको साइबर फ्रॉड से बचा सकती हैं जिनमें से अहम हैं- अनजान लिंक्स को नजरअंदाज करना, फेक कॉल्स पर ध्यान न देना और अपना बैंक पासवर्ड व ओटीपी किसी को न बताना। 

#RajasthanPolice #CyberCrime",neutral
1979,news.knowledia.com,2024,Screen Time & Device Dependency,en,"Teens can't get off their phones. Here's what some schools are doing about it toggle caption Emily Brisse, Mitchell Rutherford and Abbey Osborn/Compiled by NPR Last October, Claire Pauley and her husband Mitchell Rutherford learned they were expecting their first child. However, Rutherford kept forgetting about his wife's pregnancy. There was something else on his mind. ""I mean, when I went to school, I would forget that we were pregnant and I would come home and I wouldn't remember until my wife would say something about it,"" Rutherford said. ""I'd come home and just collapse on the floor. I was suicidal at times."" Sponsor Message toggle caption Mitchell Rutherford He was a high school biology teacher in Tucson, Ariz. and his students' near-constant smartphone use was taking a toll on his well-being. So when summer rolled around after his eleventh year in the classroom — he quit. ""I came to realize that the phone addiction that the students were struggling with was causing severe mental health problems for me, preventing me from being a good husband,"" Rutherford said. Some states are trying to legislate against pervasive phone use in schools. Florida, South Carolina and Louisiana have statewide restrictions — and states like California, Indiana, Minnesota, Ohio and Virginia have policies requiring districts or schools to create policies banning phones, according to findings from EducationWeek . During the 2023-2024 academic year, Rutherford says his students were...",negative
1980,bsky.app,2024,Group Dynamics & Peer Pressure,ja,米国の政治的なのの影響というばこの記事もそうだなーとおもった。たしかに大統領選挙後に米国左派は増えて一部の界隈はエコーチェンバーになってるみたいだけど。我々関係なくエロ絵投降したり、趣味の話や飲み食い写真貼ってて、ギスギスはしてないが？は外に発信したほうがいいかもなあ。私も出来る範囲で。,neutral
1981,digit.in,2024,Screen Time & Device Dependency,hi,"Smartphone की लत  अब जीवन को काफी प्रभावित कर रही है.  हालांकि, फोन आज की जरूरत है लेकिन इसकी वजह से लोगों को काफी नुकसान भी पहुंच रहा है.  यह नींद से लेकर काम करने के तरीके को डिस्टर्ब कर रहा है.",neutral
1982,x.com,2024,Screen Time & Device Dependency,id,"Adik aku: kak, ive Liz punya screen time 16jam sehari! Cemana boleh lama centu sekali dasat ah takde life ke dia

Also, me, screentime 15.5 jam sehari: 😶",neutral
1983,x.com,2024,Group Dynamics & Peer Pressure,en,"DO YOU THINK HAMAS HAVE ANY INTEREST IN PEACE?
THERE RAISIN D’ETRE RELUES ON HATE, VIOLENCE, RELIGIOUS SUPREMACY AND CORRUPTION 
IRAN PULLS THE STRINGS!
THE CHOICE WAS WEAPONS, TUNNELS AND HATE OR FOOD, WELFARE AND PEACE..
THEY CHOOSE WHICH..
STICK TO YOUR ECHO CHAMBER",neutral
1984,reddit.com,2024,"Attention, Focus & Cognitive Load",en,"India and Philippines are some of the fastest growing countries in the world for the past couple decades.

Brain drain is just a function of the fact that educated individuals naturally make more money in richer countries(technically everyone makes more money in richer countries but the educated and rich tend to have more means to actually make the jump). This isn’t a fault of capitalism, unless you consider allowing the free movement of your people out of your country as a flaw of capitalism and you would rather have a wall to keep your people in.",positive
1985,x.com,2024,Screen Time & Device Dependency,id,"Aku dah kata mesti ada teume bebal bising line distribution atau screen time punya.. pergi mampus laa korang ek. Aku nak menghargai TREASURE AS TREASURE, THE LIVING PROOF ARTISTIC TALENTED 10 MEN",positive
1986,x.com,2024,Screen Time & Device Dependency,fa,"یه مدت digital detox کن
چون مغزت دوپامینی شده و درواقع دوپامین لازم رو داره از فضای مجازی میگیره مثل یه جور اعتیاد،باید یه مدت استفادتو کم کنی که آستانه تحملت بالا بره
و مغزت دوپامین لازم رو بتونه از فعالیت های دیگه کسب کنه!",neutral
1987,reddit.com,2024,Screen Time & Device Dependency,en,"I don't agree with what's said on the screenshot, but in some of the movies like Trance, Joji, Malik, Malayankunju etc, I feel his patterns and expressions were repetitive. Same with Njan Prakashan and Oru Indian Pranaya Kadha, you can switch both the characters in some of the scenes because of the repetitive mannerisms.

But other than these movies, FaFa is just great. Pushpa 1, even with the Little screen time, he managed to outperform Allu Arjun. No surprise heh.",neutral
1988,x.com,2024,Screen Time & Device Dependency,ja,ちょいとSNS疲れしてるかも…デジタルデトックスするか。,positive
1989,x.com,2024,Screen Time & Device Dependency,ja,"字を書こうとすると、めまいのように目のピントが合いません。
目薬さして痛みにヒーヒーなりながら画面と向き合ったけど、やっぱり○が足りません。
デジタルデトックスしない限り、目の回復は難しいかもしれない。",neutral
1990,x.com,2024,Screen Time & Device Dependency,ja,ご無沙汰しております。生きてます。諸事情（生活環境の変化等）があり期せずしてデジタルデトックスかのような一年を過ごしておりましたがぼちぼち生き返ろうと思います。,positive
1991,x.com,2024,Screen Time & Device Dependency,ja,"ゲームをアンインストールする3日前までは、昼間はアナログの書き物して、このくらいの時間になるとスマホ画面を見ること自体が過負荷だったからなぁ

新手の病魔かと思うくらいには、数十分くらい目の痛みが続いて、メンタルヘルスとは別の角度からも、「デジタルデトックス」の必要性を感じた。",negative
1992,bsky.app,2024,Social Media & Psychological Well-being,ja,デジタル人材育成「ツーモ・グンマ」\u3000アンバサダーに俳優の藤崎ゆみあさん\u3000群馬・高崎市に来夏オープン予定\n#ツーモ・グンマ #藤崎ゆみあ #群馬県 #高崎市\nwww.jomo-news.co.jp/articles/-/5...,neutral
1993,bsky.app,2024,Group Dynamics & Peer Pressure,en,still can't believe emmrich is the least popular veilguard romance option... my dragon age echo chamber is truly out of touch and i love that for us,positive
1994,x.com,2024,Screen Time & Device Dependency,ja,"それはホンマにそう思います
インターネットたまにしょうもないっす(デジタルデトックスしたことないけど)",neutral
1995,bsky.app,2024,"Attention, Focus & Cognitive Load",en,"Brainwashing achieved by the FSB yet again. I so hope the democratic Georgians get their futures as they wish, not dictated over. Inevitably the brain drain of Georgians will lead to a vacuous state if democracy fails.",positive
1996,x.com,2024,Cultural Norms & Digital Etiquette,id,"Org Indonesia ini ga kenal cancel culture, ya?",neutral
1997,reddit.com,2024,Cultural Norms & Digital Etiquette,en,hindi lang sa pinas tho. cancel culture is extreme esp in asian countries.,negative
1998,x.com,2024,Screen Time & Device Dependency,id,"YG mau naro haruto di paling belakang, less screen time, less part dan masih banyak lainnya tapi tetep yg paling terkanal Haruto wkwk
fuck u @ygent_official",negative
1999,bsky.app,2024,Screen Time & Device Dependency,ja,どうもこんばんはﾃﾞｼﾞﾀﾙﾃﾞﾄｯｸｽです,positive
2000,x.com,2024,Group Dynamics & Peer Pressure,en,"same! i am definitely in the necromancer echo chamber, and i love it here",positive
2001,x.com,2024,Social Media & Psychological Well-being,hi,आगरा में साइबर ठगों ने 2017 में 'फेमिना मिस इंडिया' रहीं शिवांकिता को डिजिटल अरेस्ट करते हुए 2 घंटे वीडियो कॉल पर कैद रखा गया। उन्हे डराकर 99 हजार ऐंठ लिए गए। साइबर ठगों ने खुद को CBI अफसर बताया था। वह डर गई और 99 हज़ार का चूना लग गया।,negative
2002,x.com,2024,Digital Presence & Identity Management,pt,"Um dia desses tu tava com uma positividade tóxica, falando da tua quinta feira, com a Ana passeando com a vó, fazendo unha, tomando café superfaturado kkk mas é isso amiga, tem dias e dias 🫠",neutral
2003,reddit.com,2024,Group Dynamics & Peer Pressure,en,"&gt;""Is PM Modi the most misunderstood PM?"" &gt;""I gave an interview to Newslaundry about my book ‘Role Models’ where I was asked 50 times why PM @narendramodi, his inspirational narrative of Viksit Bharat, his positive schemes, and his groundbreaking steps in Kashmir are mentioned in the book.  And I said, “because he’s our PM; because he’s trying to unite us under the dream of Viksit Bharat; because a rising tide lifts all boats.”  Some people would like the Muslim community to remain in perpetual filter bubbles and echo chambers whereas the other communities (and even Muslims) benefit from a rising India and a welfare economy.  I asked the interviewer whether I should’ve mentioned Shahbaz Sharif or Xi Jinping instead of PM Modi!  Whenever PM @narendramodi addresses his countrymen, he always says “140 crore”  Indians, never 120 crore!  So, is he not our PM too?  My book is a self-help book, a motivational read, and also a book about Viksit Bharat; but a Viksit Bharat won’t be possible without Viksit Musalman.  So, we need to shed our misconceptions and move forward.  On another interview last month, I was asked how I moved beyond 2014:",neutral
2004,x.com,2024,Screen Time & Device Dependency,en,"Sevcih girlies so far 
- Defended the script of cihan raped sevilay calling it romantic 
-spammed burak account till he deactivated 
-slut shamed melek calling her a mistress
-making fun of twins being abandoned and literally wanting less screen time for them 
Bodyshaming aras 😭",negative
2005,x.com,2024,Screen Time & Device Dependency,ja,"いやぁ、結局お仕事ではPC必須なんで、デジタルデトックスじゃなくてXデトックスしかできませんでしたほんと難しいw
結局ダメージが癒えるには至らなかったので、もう諦めます",neutral
2006,x.com,2024,Physical Health & Digital Ergonomics,en,"Tired of Turkey and Tech neck? 
I have the finest in Product that will not just fix the problem...but will blow your mind! 
Offline Neck and Chest cream. 
Check out these results and studys....they don't lie! 

http://limelifebyalcone.com/LisasLove",neutral
2007,x.com,2024,Screen Time & Device Dependency,ja,デジタルデトックスにおすすめ！ヨガや瞑想を行うこと。心と体をリセットするために、静かな場所でヨガのポーズや瞑想を行いましょう。,neutral
2008,x.com,2024,Social Media & Psychological Well-being,hi,"वाराणसी में साइबर ठगों ने नेवी से रिटायर्ड ऑनरी सब-लेफ्टिनेंट अनुज यादव को 22 दिन तक डिजिटल अरेस्ट रखा। कभी पुलिस अफसर, कभी जज और कभी जांच अधिकारी बनकर टॉर्चर किया।

ठग पूर्व चीफ जस्टिस डीवाई चंद्रचूड़ की फोटो वॉट्सऐप DP पर लगाकर कॉल करते थे। मनी लॉन्ड्रिंग केस में फंसाने की धमकी",negative
2009,x.com,2024,Social Media & Psychological Well-being,en,"Special Podcast Episode!  
@sekqatar
 Radio Station tackles Cyberbullying, as part of our Safe Surfing Awareness Initiative, in our latest podcast.  Hear real stories, get advice, and learn how to stay safe online.

 https://tinyurl.com/26bxvwue

#ValueProject #StaySafeOnline",positive
2010,x.com,2024,Social Media & Psychological Well-being,hi,"डिजिटल दुनिया में अपराधों से सुरक्षित रहने के लिए जरूरी है समझदारी। 

कुछ अच्छी आदतें आपको साइबर फ्रॉड से बचा सकती हैं जिनमें से अहम हैं- अनजान लिंक्स को नजरअंदाज करना, फेक कॉल्स पर ध्यान न देना और अपना बैंक पासवर्ड व ओटीपी किसी को न बताना। 

#RajasthanPolice
#UdaipurPolice",neutral
2011,x.com,2024,Group Dynamics & Peer Pressure,ja,そういう訳で、「何かしら単一の主義主張を唱えるためだけに存在するアカウント」は、漏れなくエコーチャンバーに陥っていると思ってる。危機感を持った方が良いのは貴方の方だ、と言いたい。,neutral
2012,x.com,2024,Group Dynamics & Peer Pressure,ja,"polyhedron echo chamber / IA
https://nicovideo.jp/watch/sm43181180?rf=nvpc&rp=watch&ra=share&rd=x…

#sm43181180
#ニコニコ動画 
こんな良い曲あったのかー！",positive
2013,x.com,2024,Screen Time & Device Dependency,ja,"丸一日デジタルデトックスして夢の国
楽しかった‍帰りたくないっ",positive
2014,x.com,2024,Screen Time & Device Dependency,ja,デジタルデトックスって言い方、なんかカッコいいな,positive
2015,x.com,2024,Screen Time & Device Dependency,ja,デジタルデトックスできる旅館があった気がします,neutral
2016,x.com,2024,Group Dynamics & Peer Pressure,en,"Some people can stay content with their delusions fed to them by their echo chamber, we all know which side it is. Instead of admitting stark disparity in income of indians, which is quite evident even to naked eye they'll engage in semantics which they don't get right as well",negative
2017,trthaber.com,2024,Screen Time & Device Dependency,tr,"Sosyal medyada içerikleri kaydırırken fark etmeden saatlerinizi harcadığınız oldu mu?  Gözünüzün önünden geçen olumsuz içeriklerin ardı arkası kesilmiyor ve bu içerikler sizi daha da mı içine çekiyor?  Modern çağın yeni bağımlılığı ""doomscrolling"" işte tam olarak bu durumu anlatıyor.  Bağımlılığın yeni yüzü doomscrolling, yalnızca psikolojik sağlığımızı değil, beyin yapımızı bile etkileyebilecek bir soruna işaret ediyor.",negative
2018,x.com,2024,Social Media & Psychological Well-being,hi,"फर्जी कॉल्स व मैसेज से रहें सावधान, सोशल मीडिया का सावधानी से करें उपयोग, टोल फ्री नम्बर 1930 पर करें साइबर ठगी की शिकायत #RajasthanPolice #CyberCrime #IgpKota #KotaPolice 
@SpKotaRural
 @BundiPolice
 @BaranPolice
 @JhalawaraPolice 
@Igpbikaner
 @Igpjaipur
 @IgpAjmer
 @IgpBharatpur",negative
2019,x.com,2024,Screen Time & Device Dependency,ja,デジタルデトックスしたい,neutral
2020,x.com,2024,Screen Time & Device Dependency,ja,ツイ廃のくせにデジタルデトックスしてみたくなる,neutral
2021,x.com,2024,Screen Time & Device Dependency,ja,"M-1決勝楽しみ！

でも当日はリアルタイムできないので15時からデジタルデトックスします",positive
2022,x.com,2024,Screen Time & Device Dependency,ja,"たつやさんのおっしゃるとおり過ぎる。

デジタルデトックスから始める",neutral
2023,x.com,2024,Social Media & Psychological Well-being,hi,"जिस देश में नॉलेज,रिसर्च,साइंस,के जगह  
मस्जिद में मंदिर की खोज की जाती है 

वैसे ही देश में साइबर ठग ,डिजिटल अरेस्ट की घटना सबसे ज़्यादा होती है ।
 #Digitalarrest",negative
2024,x.com,2024,Screen Time & Device Dependency,ja,無心になれて最高でした！たまのデジタルデトックスにぜひ,positive
2025,x.com,2024,Screen Time & Device Dependency,ja,デジタルデトックス？,neutral
2026,x.com,2024,Screen Time & Device Dependency,ja,"だんせらあかいぶ長いのほんとありがたい……
実のとこ先週末から体調がた落ちで…でも皆さんのお陰でちょっとずつ回復してますありがとうございます…
…デジタルデトックスはしないといけないと思ってる……思ってるよ…うん……
サジー買ってみたから効くといいな…",positive
2027,bsky.app,2024,Screen Time & Device Dependency,ja,デジタルデトックスして良かったこと\n※効果は個人差があります\n\n✰脳疲労やストレスの軽減\n✰睡眠の質の改善\n✰目の疲れ.肩こり.頭痛の軽減\n✰集中力や創造性が高まる\n✰精神的な安定感.リラックス効果\n✰時間の余裕ができる\n\n効果はそんなに長く持たないので定期的にやっていきたい🕊✨,positive
2028,x.com,2024,Social Media & Psychological Well-being,hi,"#JhansiPolice 
#MissionShakti_5  अभियान के तहत #SSPJhansi के निर्देशानुसार झाँसी पुलिस द्वारा छात्राओं को महिला सुरक्षा, महिला संबंधी अपराधों से बचाव, साइबर अपराध तथा शासन से जारी हेल्प लाइन नम्बरों की जानकारी देते हुए जागरुक किया गया।",neutral
2029,x.com,2024,Screen Time & Device Dependency,ja,お仕事以外の連絡以外スマホ開かない生活してたーー！更新すくなくてごめんね、デジタルデトックス、とても心が軽くなっていいね(  ´˘`  )また明日からがんばるよーー！！,neutral
2030,x.com,2024,Screen Time & Device Dependency,ja,"こんばんは
忘れ物続発？だとちょっとお疲れな頭を休める時間が必要かもです
デジタルデトックスを何日かしてみても個人的には構わないと思いますけども、、、

今日はとことん寒かったです
週末はマーク出てたりします

とりあえず目の前の課題消化を最優先にしてください！",negative
2031,x.com,2024,Screen Time & Device Dependency,ja,"デジタルデトックスを試みた
できなかった",neutral
2032,x.com,2024,Cultural Norms & Digital Etiquette,id,"Indonesia gada Cancel culture sih
Harusnya orang kaya gini di cancel aja dr mana2",neutral
2033,x.com,2024,Screen Time & Device Dependency,ja,たまにはデジタルデトックスしてクレヨン,neutral
2034,x.com,2024,Cultural Norms & Digital Etiquette,id,"hah serius kak? aku gak nonton fullnyaaa
pls cancel culture aja buat nih org, takut ditiru ngewajarin ngomong kotor dg alasan sebagian dari dakwah, iwh",negative
2035,x.com,2024,Cultural Norms & Digital Etiquette,en,What did I tell you….the Korea segment was to “breadcrumb” and “baby bird” the democrats into the narrative…..what about Trump Hitler,neutral
2036,reddit.com,2024,Screen Time & Device Dependency,en,"

She's just an ordinary woman.

I like how she shows so much about how the society of the Hero-Aca world is in such a short amount of screen time. Great storytelling.

Personally, I love her design as well.",positive
2037,x.com,2024,Screen Time & Device Dependency,ja,"旅行が近付いてきてわくわくわくわくわくわく10時間以上飛行機乗るの、コロナ以降初めて…
最近X依存してた気がするから旅行を機にデジタルデトックスもしたい",neutral
2038,x.com,2024,Screen Time & Device Dependency,ja,"本当だねー！立って歯磨きしてるとまだユラユラしてる気がする(˘͈ᵕ ˘͈❀)

海の上で圏外だったからデジタルデトックスになって癒されたーー",positive
2039,x.com,2024,Screen Time & Device Dependency,ja,"デジタルデトックス良いねぇ～
ゆうゆも昔はスマホ家に起きっぱなしでおばあちゃん家行ったり旅したりよくしてたなぁ。。。
最近は常に持ち歩いてしまってる。。。
ねむちゃかわいいから毎日スマホとにらめっこ

#ねむちゃんとおやすみ
#ねむねむ民",neutral
2040,reddit.com,2024,"Attention, Focus & Cognitive Load",en,"I recently came across LinkedIn article about Kuwait's brain drain # The Brain Drain GenerationHearing a friend say “I’m moving to Dubai” has suddenly become a very accepted and common phrase in everyday discussions in Kuwait.  I am talking here specifically about young, educated, Kuwaiti professionals saying that phrase.  It got so prevalent that it got me thinking about the number of people I know who have left Kuwait for work in the past few years.  Just off the top of my head I could easily recall at least 12 friends who work abroad currently.  I started talking about this with other friends and the number kept increasing with new people being mentioned.  **Suddenly it hit me; are we the first Kuwaiti generation to experience Brain Drain??**First of all, what is Brain Drain?  I am not going into any academic detailed explanation because I am not an expert in any way.  I will go with the concise definition offered by Google: &gt;Brain drain -  noun,  informal  “the emigration of highly trained or intelligent people from a particular country.”I like this definition because it doesn’t try to offer a reason for the emigration.  The reasons vary but the main point is the move.  I am not trying to say this is a good trend or a bad one, or offer any thoughts on the long term effects.",neutral
2041,x.com,2024,Cultural Norms & Digital Etiquette,id,cancel culture di indonesia udh bisa dibilang mengerikan sih,neutral
2042,bsky.app,2024,Social Media & Psychological Well-being,ja,就活生の交通費補助事業\u300010月スタート後の申請ゼロ\u3000群馬県、UIJターン促進で\u3000市町村は周知に悩む\n#交通費補助 #UIJターン就職 #群馬県\nwww.jomo-news.co.jp/articles/-/5...,neutral
2043,x.com,2024,Cultural Norms & Digital Etiquette,id,"Sayangnya ""guyonan"" kayak gini masih sering digunakan dan masyarakat enjoy tanpa menelisik arti serta tujuan sesungguhnya dari kata² itu.

Disgusting.

Bomat dianggap kaku atau apa pun itu. Mulai sekarang kita harus menerapkan cancel culture terhadap publik figur!",neutral
2044,x.com,2024,Screen Time & Device Dependency,ja,Twitterなんかな、ずっと見てたらな、頭悪なるからな、デジタルデトックスとかな、すんねん。,neutral
2045,x.com,2024,Cultural Norms & Digital Etiquette,zh,YA ALLAH PLEASE HARUS NERAPIN CANCEL CULTURE GUEEE UDAH GA TAHAN PLEASE,positive
2046,x.com,2024,Cultural Norms & Digital Etiquette,ms,"Udah keseringan offiside nih orang, gabisa apa ya adain cancel culture buat yang modelan begini nih",neutral
2047,x.com,2024,Screen Time & Device Dependency,en,"We’ve all been over-controlling and obsessive about monitoring screen time or blocking every potential danger. But instead of micromanaging, how about teaching our kids how to handle tech? Self-regulation is just one skill they will need long after we’re gone.",neutral
2048,bsky.app,2024,Screen Time & Device Dependency,ja,別にデジタルデトックスしたからといって平衡感覚バグが治るわけではないんだけど、デジタル画面を見ないほうが酔いの感覚がマシになるのは事実なんだよな……,neutral
2049,bsky.app,2024,Screen Time & Device Dependency,ja,とにかく主演の2人の女の子がかわいいし、洋服や小道具がレトロでおしゃれ。映画を観るだけでデジタルデトックスできたような気分になる。\nあとある意味もうひとつの主役であるゴンドラの造りがアバウトすぎて、常に落ちないかというハラハラがあった。扉は手動でギコギコ開けるし、乗り込むだけで結構揺れてるのに、暴れまわる牛を押し込むなんて怖すぎるでしょ。\nとにかく己の中のノスタルジーを最大限に引き出してくれた映画だった。,negative
2050,x.com,2024,"Attention, Focus & Cognitive Load",en,"Brain drain doesn't help. Many Koreans in the past 10 or so years have left. Around 10 years ago Korean millennials even had a term called ""Hell Korea"" to describe how bad the outlook was for them and their futures",negative
2051,adnkronos.com,2024,Cultural Norms & Digital Etiquette,it,"r, attualmente in sviluppo. Come riporta la stampa internazionale, l'attore britannico non avrebbe ancora accettato ufficialmente di far parte del progetto, tratto dalla saga letteraria nata dalla penna di J. K. Rowling, da cui sono già nati otto film con protagonista Daniel Racliffe nei panni del maghetto più amato al mondo. Non c'è l'ufficialità ma è già polemica. Secondo alcuni fan, . E non solo. In molti sostengono che siano scelte dettate dalla 'cancel culture' o della cultura 'woke', come è successo per 'La Sirenetta' con Halle Bailey e per 'Biancaneve' con Rachel Zegler. Polemiche a parte, dopo i ruoli nelle serie 'I May Destroy You', 'Progetto Lazarus', 'Gangs of London' e nel film 'Assassinio sull'Orient Express' di Kenneth Branagh, Paapa Essiedu potrebbe calarsi nei panni di Piton, un ruolo interpretato dall'indimenticabile , morto nel 2016, nella saga cinematografica. La serie si propone di fornire un adattamento più fedele al libro rispetto ai film originali: ogni stagione adatterà uno dei romanzi di Rowling.",neutral
2052,x.com,2024,Screen Time & Device Dependency,id,"Walaupun belum punya anak, tp gw cukup tegas soal pembatasan screen time ini ke sepupu-sepupu kecil gw. Apalagi yg umur 1 tahun itu pasti udh tau kalo sama gw gaakan bisa dapet jatah screen time wkwkwkwkwk",neutral
2053,x.com,2024,Screen Time & Device Dependency,id,"gue pensiun mau ngapain ya wkwkkw belum kepikiran sih… gardening atau farming menarik sih, kayaknya pun perlu cari kegiatan yang menghasilkan sesuatu, kalau kaya baca buku ya ga ada yg dihasilin wkwk dan kegiatan yang tidak berkaitan sama screen time lol",neutral
2054,reddit.com,2024,Screen Time & Device Dependency,en,I was doomscrolling the internet and came across this Japanese N scale modeler who has installed DCC decoders into a variety of N scale locomotives. Hes installed decoders in Tomix and Kato and other companies N scale trains. A lot of people can do that but this person has detailed the installations with pictures and text and I wanted to share this with my fellow Japanese N scale modelers.,neutral
2055,bsky.app,2024,Group Dynamics & Peer Pressure,en,"You are in a liberal echo chamber if you think the biggest voice on the left is a denier of the fuckin Armenian genocide who ranked women on oral sex. \n\nLike my guy, he's a former Republican lol.",neutral
2056,x.com,2024,Cultural Norms & Digital Etiquette,id,Semoga gus2an itu ga relevant lagi dan cancel culture bisa works,positive
2057,x.com,2024,Screen Time & Device Dependency,tr,"Çizgi filmler direkt olarak etkilenip şahsi hayatına müdahalede bulunan 7/24 ulaşım sağlayabileceğin şeyler değil. Reşit olmayan insanlara bağımlılık yapan birçok şey yasak zaten, bir diğeri neden yasaklanmasın? İnternet bağımlılığını çok hafife alıyorsunuz",negative
2058,x.com,2024,Social Media & Psychological Well-being,en,"Most women are easy being hypnotized with all these church lies and all, focus more on building your life and character before you get to 30, debunk all online life styles and all this online feminist  make that one no spoil your path as a lovely woman you’re suppose to be.",neutral
2059,x.com,2024,Cultural Norms & Digital Etiquette,zh,"柏林牆倒下有為你們和歐洲帶自由?
左翼, LGBT和cancel culture正為全球尤其是歐洲帶來墮落和束縛!",negative
2060,x.com,2024,Screen Time & Device Dependency,ja,"ここ数日推しに対しての誹謗中傷が山のように流れてきてだいぶメンタルきてる
デジタルデトックスしたい（依存症）",negative
2061,reddit.com,2024,Cultural Norms & Digital Etiquette,en,"First of all, I know this is a comedy routine, so liberties are taken to heighten the comedy. That said, I think people really do feel this way, and there's a lot of truth in this bit. To that I'd like to say:

1. The song was not cancelled. The backlash to cancel culture is getting more annoying than cancel culture, but man do comedians love to talk about it. I know it wasn't cancelled because I continue to hear it every Christmas, then and since. There were a handful of stations that decided not to play it. Who cares.

2. I know there's an argument to be made that the song doesn't represent predatory behavior and the woman really wants to stay, yadda yadda yadda. I'm not interested in that debate right now. This comedian does seem to accept that premise though as he goes into his comparison. If that's the case, how is there any comparison between basically date rape and a woman talking about how wet she is for some dude? It actually seems kind of polar opposite, no? Yes, WAP is way more vulgar, but Baby It's Cold Outside is (for the sake of this argument) talking about sexual assault. How is that even remotely comparable? Bad words are more offensive than rape? Sounds exactly like what anti-cancel culture dudes try speaking out against.",negative
2062,x.com,2024,Cultural Norms & Digital Etiquette,en,So sad :( Indonesia ga bisa terapin cancel culture,negative
2063,x.com,2024,Cultural Norms & Digital Etiquette,id,"Aku jujurly gapaham yah what the diffrent ust, gus, habib, dll kalo di agamku klo udh berkasta atau tokoh agama gtu gampang bngt kena cancel culture daerah, dan biasanya yg berkasta itu nyontohin yg baik karna didikan dari bayi gtu ajarannya dharma...",neutral
2064,x.com,2024,Cultural Norms & Digital Etiquette,en,I think he also has a fundamental misunderstanding of the cancel culture we wanted to cancel..  what a turkey.,negative
2065,x.com,2024,Screen Time & Device Dependency,id,"Anakku jg dari bayi ku kasih buku, no screen time. Baru screen time di atas 2 th, itu jg dikenalin neneknya. Ga tiap hari jg. Dari usia &lt;6 bln udah ngerti dan kontak mata kalo dibilangin, 10 bln udah bisa ngomong, 1.5 th udah bisa adu argumen sm emaknya 😭. Kerasa bgt bedanya.",neutral
2066,reddit.com,2024,Screen Time & Device Dependency,en,"Hmmm. She’s been acting since at least 2013 or so and will also appear in the new Voltron film, so this isn’t surprising. It feels like she’s trying to rebrand. A villain role doesn’t have to be significant—for all we know, she could be a henchwoman with only five minutes of screen time. I’ll reserve judgment until more details emerge.",neutral
2067,reddit.com,2024,Group Dynamics & Peer Pressure,en,"So just as a thought experiment, how would it strike your ears to hear “What an unserious list to not include a single romance title”? If popularity were the standard, Colleen Hoover would be on this list. Do you think fantasy is more legitimate and important than romance?

Reddit is an echo chamber of people over weighting their predilections as representative of society. I like fantasy, romance, and horror, but lists of literary works typically exclude genre titles on purpose.",positive
2068,x.com,2024,Cultural Norms & Digital Etiquette,id,"Eneug emang, tapi dia emang pantes kena cancel culture dengan behavior dia  yang seperti itu. Terlebih"" duit kita dipake buat gajih dia.",neutral
2069,bsky.app,2024,Group Dynamics & Peer Pressure,es,"También he visto debates en cámaras de eco fachas. \nYo no creo que esto sea una cámara de eco, salvo para quien se haga un TL con esa medida, pero sí he visto a gente aspirando a que lo sea.",neutral
2070,x.com,2024,Screen Time & Device Dependency,ja,あ、きょう話題になったんだけど、小笠原諸島に行くとデジタルデトックスできるんだって。健康によさそう。。いまフリーだしいっちゃおっかな？！行きたいひとー はーい,positive
2071,x.com,2024,Screen Time & Device Dependency,ja,Xだって投稿がメインの人もいるけど基本的にみんな何かの情報を知るためにログインしている。でも「知る」ことは自分が大きく変わってしまう可能性やリスクがあり、実は怖いんだということは考えてない。デジタルデトックスの意義もそこにあると思う。好奇心を抑える習慣も現代人に必須なスキルだ(((,neutral
2072,x.com,2024,Screen Time & Device Dependency,ja,スマホ忘れてでかけて半日くらい強制デジタルデトックスしたけど、手元にないストレスの方が強かったからデトックスにはならんかった…,negative
2073,hindi.news18.com,2024,Social Media & Psychological Well-being,hi,जोधपुर.  जोधपुर में डिजिटल अरेस्ट कर ठगी करने के मामले थमने के नाम नहीं ले रहे हैं.  साइबर ठग  जोधपुर के शिक्षित और उच्च वर्ग के लोगों को निशाना बनाकर करोड़ों रुपये की ठगी को अंजाम दे रहे हैं.,neutral
2074,x.com,2024,Screen Time & Device Dependency,id,"kegiatan hari ini: 
1. main project sekai
2. tidur
3. makan
4. doomscrolling
5. ngerjain wip 15 menit
6. ao3

😭😭😭",neutral
2075,reddit.com,2024,Screen Time & Device Dependency,en,"don't know who told you that. I played both romances and they are about the same playtime. I think what the person was saying is that yen has more screen time and dialogue. But you don't need to romance her to play it, you don't miss a single quest with yen by dating triss. Yen has a bigger role in the finding ciri story thats all, the game is the same length either way",neutral
2076,x.com,2024,Screen Time & Device Dependency,ja,"デジタルデトックス良いですね〜

私も取り入れてみます♪",positive
2077,x.com,2024,Group Dynamics & Peer Pressure,th,ฟังแต่เสียงอวยจาก echo chamber (จัดตั้ง) แต่อยากเป็นนายกของคนทั้งประเทศ,neutral
2078,x.com,2024,Screen Time & Device Dependency,ja,"フワちゃん復帰ルート予想

・デジタルデトックスちゃん
今回の炎上を活かし、スマホやSNSの危険性を皆に伝える活動をする

・絶対音感ちゃん
絶対音感を身につけ絶対音感ネタ一本で生きていく

・蒙古タンメン最強アレンジちゃん
蒙古タンメン中本のアレンジを無限に生み出し続ける",neutral
2079,x.com,2024,Screen Time & Device Dependency,ja,デジタルデトックス中なのに思わずXを開かさす棚橋の魔力,neutral
2080,x.com,2024,Screen Time & Device Dependency,ja,"白川郷良いですね

デジタルデトックス大事",neutral
2081,x.com,2024,Screen Time & Device Dependency,id,"Setelah liat screen time layar, gw nyadar di twt sekitar 4 sampai 6 jam perharinya😭🤏",neutral
2082,bsky.app,2024,Digital Boundaries & Relationships,ja,カル・ニューポートの『デジタル・ミニマリスト』に書かれていることを実践するなら、ソーシャル・メディアを窓から投げ捨てて、ハイキングにいくしかなくなる。\n\n（出版された時期的に）ニューポートが特に批判しているのはFacebookによるアテンション・エコノミーだ。一方で、twitter\n（当時）については、,negative
2083,x.com,2024,Screen Time & Device Dependency,ja,"しおんちゃん
お久しぶりです(*^^*)
一応生きてますꉂ
デジタルデトックスしてたんですね(๑•̀ㅁ•́ฅ
お仕事お疲れ様です┏○ﾍﾟｺｯ

しおんちゃんの大好物って…おあげ？",positive
2084,x.com,2024,Screen Time & Device Dependency,ja,デジタルデトックスしたいけど無理だ,neutral
2085,x.com,2024,Screen Time & Device Dependency,ja,"しおんちゃん
おつおつです(  ＞＜)੭ꠥ

デジタルデトックス大事
なんだろ揚げかなこれは…",neutral
2086,x.com,2024,Screen Time & Device Dependency,ja,"LINEの返信遅すぎる人って
デジタルデトックスでもしとるんかね？",neutral
2087,reddit.com,2024,Group Dynamics & Peer Pressure,en,"Lol OP, you’ve come to the wrong place (or maybe the right place?) to ask why Malaysians are so pessimistic. This sub is practically an echo chamber for complaints from people who don’t count their blessings. For them, nothing is good enough and everything is doom and gloom.

 Not every country can be Singapore—and honestly, I don’t think the majority of us even want to be like Singapore. Whats the point of all the wealth, if you are stressed, not happy, lack of personal space, all while abandoned your identity/culture/language in the name of progress.

When compared to other SEA countries (apart from Singapore and Brunei), we’re doing pretty well across most key metrics. On top of that, we’re expected to see another boost in FDI as we take advantage of the US-China trade war, and it seems we’re positioned to come out ahead because of our solid foundation. The real challenge now is managing this growth so everyone benefits, not just the richest few.

We’re gradually but surely moving in the right direction without losing our soul or culture in the process—and for me, that’s good enough.",positive
2088,x.com,2024,Screen Time & Device Dependency,ja,デジタルデトックスしなきゃ,neutral
2089,x.com,2024,Screen Time & Device Dependency,ja,"お疲れ様です
オイラは寝ます
今日はデジタルデトックス…なんとなくと決めてスマホをいじってませんでした
なんとなく目が楽な感じ
ではオヤスミなさい",neutral
2090,x.com,2024,Screen Time & Device Dependency,ja,"あー、デジタルウェルネス、デジタルデトックス、世代間ギャップ

の話かー

てか一長一短だよな
結局、どちらにせよエコーチャンバーに向かってんだよ

その溝を埋める必要性は考えた？
どちらかに寄せろよって話自体が、もうすでにおっさん思考なんだわw

中高生はそれすらどーでもいいｗ",neutral
2091,x.com,2024,Cultural Norms & Digital Etiquette,en,"Trump Meets Zuckerberg

MAGAheads

“Cancel Culture” OpenAI “The NYT” “Border Czar” ""Charles Kushner"" “Real ID” ""Kash Patel” “Tom Homan” “Marc Andreessen” “Grok 3” “Joe Rogan” ""Syria Rebels"" “Ken Paxton” “Trump Effect” “Trump Tariffs"" “Mass Deportation” “Legacy media” “Alex",neutral
2092,x.com,2024,Screen Time & Device Dependency,ja,"しおんちゃん！
デジタルデトックスいいですね
油揚げ？？",neutral
2093,x.com,2024,Screen Time & Device Dependency,ja,"しおんちゃん
こんばんは
生きてて良かった
デジタルデトックスですよね",positive
2094,x.com,2024,Group Dynamics & Peer Pressure,he,מי התחנן בפניו? באיזה echo chamber אתה חי?,positive
2095,x.com,2024,Screen Time & Device Dependency,ja,"ゆちゅぶはまだある…
インスタどうしたのかな
シウォンさんみたいにデジタルデトックスかな？",positive
2096,x.com,2024,Screen Time & Device Dependency,ja,"と言いつつあんまり調子よくはない
強制デジタルデトックスよ…",negative
2097,x.com,2024,Screen Time & Device Dependency,ja,"しごおわ
デジタルデトックス中にポストしたい事が複数思い浮かびました。
覚えているのはポストしていきます。

1日数回ポストするのかな、数日間は。
…目標達成する間際は我ながら凄みがありましたね、そりゃ燃え尽きるわとなんか納得してしまいました。",neutral
2098,x.com,2024,Cultural Norms & Digital Etiquette,en,"Trump Meets Zuckerberg (Facebook banned Trump and censored his supporters for years)

MAGAheads' response

“Cancel Culture” OpenAI “The NYT” “Border Czar” ""Charles Kushner"" “Real ID” ""Kash Patel” “Tom Homan” “Marc Andreessen” “Grok 3” “Joe Rogan” ""Syria Rebels"" “Ken Paxton”",negative
2099,x.com,2024,Screen Time & Device Dependency,ja,私もデジタルデトックスしたい！！と思って気づいたらスマホ触ってる,neutral
2100,x.com,2024,Screen Time & Device Dependency,ja,休憩の途中でiPhoneバッテリー切れて軽くデジタルデトックスなってたな半日,negative
2101,x.com,2024,Screen Time & Device Dependency,ja,しばらくデジタルデトックスするー,neutral
2102,x.com,2024,Social Media & Psychological Well-being,ja,"JOMO NISSANのレーシングスーツ着てる正美選手見れてすげぇ嬉しい。。
写真撮りたかったなぁぁぁ
#NISMOFestival",positive
2103,x.com,2024,Group Dynamics & Peer Pressure,en,I exposed how he's biased and clout chaser. And how he doesn't care about football of india but care about its audience more. Treat us as clouts not humans. Unlike thogden and taiyo kimura.,neutral
2104,hi.investing.com,2024,Social Media & Psychological Well-being,hi,"बिहार के नालंदा जिले में चार साइबर ठग गिरफ्तार, लाखों रुपये और आभूषण बरामद",negative
2105,ottawacitizen.com,2024,Cultural Norms & Digital Etiquette,en,"Share this Story : Hum: This dim sum brings the magic of Hong Kong to Ottawa Copy Link Email X Reddit Pinterest LinkedIn Tumblr Breadcrumb Trail Links Travel Ottawa Life Food Local Food Reviews Hum: This dim sum brings the magic of Hong Kong to Ottawa The comforting Chinese food from these spots shows why Hong Kong-style cooking is so beloved. Get the latest from Peter Hum straight to your inbox Sign Up Author of the article: Peter Hum Published Dec 05, 2024 • Last updated 1 hour ago • 5 minute read Join the conversation You can save this article by registering for free here . Or sign-in if you have an account. Steamed chicken and mushroom buns, fried shrimp balls and sesame balls at Cafe Orient on Somerset Street. Photo by Tony Caldwell / Postmedia Reviews and recommendations are unbiased and products are independently selected. Postmedia may earn an affiliate commission from purchases made through links on this page. Article content Cafe Orient Hong Kong Restaurant Article content Article content 808 Somerset St. W., 613-563-2422, cafeorient.ca Baked brisket with curry sauce on rice at Cafe Orient, a three-decades-old bastion on Hong Kong cuisine on Somerset Street West in Ottawa. Photo by Tony Caldwell / Postmedia Open: 11 a.m. to 9 p.m. daily Prices: Dim sum dishes $6.50 to $7.50, most other dishes $13 to $18 T&T Supermarket Kanata Store 300 Eagleson Rd., 613-270-9697, tntsupermarket.com/eng Barbecue pork buns from T&T Supermarket in Kanata. Photo by Peter Hum /...",neutral
2106,hindi.news18.com,2024,Social Media & Psychological Well-being,hi,बिहार शरीफ.  बिहार की नालंदा पुलिस ने एक बड़ी कार्रवाई करते हुए साइबर ठगी करने वाले चार लोगों को गिरफ्तार किया है.,negative
2107,ndtv.in,2024,Social Media & Psychological Well-being,hi,"बिहार के नालंदा  जिला के मानपुर थाना क्षेत्र से पुलिस ने गुरुवार को साइबर ठगी के आरोप में चार लोगों को गिरफ्तार किया.  इनके पास से 36.78 लाख रुपये, सोने, चांदी के आभूषण सहित 15 मोबाइल भी बरामद किए गए.",neutral
2108,bsky.app,2024,Screen Time & Device Dependency,ja,デジタルデトックスって本当に効くんだよね…実感,neutral
2109,reddit.com,2024,Screen Time & Device Dependency,en,"More screen time, awesome voice actress and simps drooling just because woman",positive
2110,x.com,2024,Screen Time & Device Dependency,ja,"TikTokもアカウント消します！
デジタルデトックスしないと精神がダメだあ",positive
2111,bsky.app,2024,Group Dynamics & Peer Pressure,en,"instagram is such a weird platform because if you merely fully observe a few posts of some topic, it starts flooding your feed. and now i have come to a crossroads where i have to figure out if that many people in japan actually have otters as pets or if i'm in an otter echo chamber",neutral
2112,reddit.com,2024,"Attention, Focus & Cognitive Load",en,"I get why racism against India is soo normalised online(imo).
1. Indians don't meet the beauty standard such as dark skin, jawline, height etc.
2. Other South East Asian also being racist/discriminating against Indians .
3. The majority faith is a pagan religion not aligning with the idea of one true God very different from the rest of the world, which the very hardcore/conservative people aren't very found of.
4. Scamming , this one is obvious.
5. Indians tend to go for jobs in the IT sector which often times are very cushy and high paying , and with a huge workforce and brain drain has increased competition in these jobs which are most fields dominated by liberals/progressives . By taking these jobs Indians basically bite the hand that was supposed to finger them.

Libs hate us,
Conservates hate us,
our own people shit on their kind in order to make themselves look like they are ""self-aware"" and ""one of the good ones""
Disagree with anyone or anything and you'll be labled a nationalist.
There is simply no one who would stand up against the haters.",negative
2113,x.com,2024,Screen Time & Device Dependency,ja,"私の好きな人たち、デジタルデトックスする人多いから時々さみしい···( ;´꒳`;)とかいって、自分はスマホを家に忘れて出かけることが以前は多かったなぁ···今では信じられないよ、だって推しの通知が来るかもしれないもんねっ!!! ( •̀ ω•́ )✧ʬ

···くわ。さんが たくさんリラックスできますように✰",neutral
2114,x.com,2024,Persuasive Design & Algorithm Ethics,en,"The attention economy is driving the rise of memecoins, as discussed by Hashed co-founder Ryan Sungho Kim at India Blockchain Weeks.  Dive into how this trend is shaping the crypto landscape! #Memecoins #CryptoTrends #Blockchain #MercexNews #Mercex",neutral
2115,x.com,2024,Group Dynamics & Peer Pressure,en,"Wow, so you're going to ignore the actual evidence in order to cater to your echo chamber, and promote your shitty YouTube videos, gotcha. 

Maybe do some actual research. 
Maybe actually educate yourself and stop larping as a Japanese person.",negative
2116,x.com,2024,Persuasive Design & Algorithm Ethics,en,"Attention economy has fueled memecoins — Hashed co-founder

 Hashed co-founder Ryan Sungho Kim spoke to Cointelegraph at India Blockchain Week about the effect of the attention economy on memecoins. https://is.gd/oYj0kL",neutral
2117,prabhatkhabar.com,2024,Social Media & Psychological Well-being,hi,Jamshedpur Cyber Crime :  साइबर अपराधी ठगी के तरीकों में हर रोज  नये नये बदलाव कर लोगों की गाढ़ी कमाई पर डाका डाल रहे हैं.,negative
2118,x.com,2024,Screen Time & Device Dependency,pt,Eu só achei que o Jiji teria um tempo de tela nesse episódio nao que fosse aparecer só no final e pronto tirando isso episódio bem relaxante,positive
2119,reddit.com,2024,Cultural Norms & Digital Etiquette,en,"She became my world, and I fell in love with her"" - but did she ever actually reciprocate those feelings? Because from what you're describing, this sounds like a close friendship that YOU invested romantic meaning into, while she saw it differently. Those midnight birthday surprises and deep conversations? That's what close friends do. You built this up in your head as something more.

And now you're saying ""I haven't found anyone as compatible as her"" - my friend, you need to hear this: You weren't compatible. Compatible people don't suddenly ghost each other and find new friend groups. Compatible people communicate clearly about their feelings. She showed you exactly where you stood when she chose to distance herself without explanation.

The sporadic memes and messages? That's not breadcrumbing - that's someone who sees you as a casual acquaintance now, nothing more. You're still interpreting every tiny interaction through the lens of your feelings for her, but she's just living her life.

You asked what your fault was? Being passive. Spending years nurturing romantic feelings without ever making them clear. And now you're spending TWO MORE YEARS pining after someone who's clearly moved on.

Here's what you need to do:
1. Block her on everything. Those random memes and messages are keeping you trapped in false hope. Cut it off completely.
2. Get yourself into therapy to process why you're so attached to this idealized version of a relationship that never actually existed.
3. Start dating other people - REAL dating, not friendship disguised as romance.

It's going to hurt like hell, but you need to face reality: She was never yours to lose in the first place. The sooner you accept that, the sooner you can actually start healing and finding someone who wants what you want.",neutral
2120,reddit.com,2024,Group Dynamics & Peer Pressure,en,"Sakugabooru is an echo chamber. one of the worse things that happened to the industry.

It makes newcomers have the wrong perception of what good animation really is. Instead of meaningful scenes what we have are super flashy and complex cuts that don't tell anything and are very hard to understand.

So, the animators are working harder for less impact.  It's so bad that even the west is affected. Demo Reels with tons of flashy stuff but no a single good character scene or meaningful cut.

At the end of the day everything is about storytelling and out context cuts are the wrong way to learn animation. People need to watch zatoichi films to understand proper mise en scene and interesting layouts.  Kvin doesn't understand filmmaking but likes to talk about it a lot. Lol

The Anime industry was born during a period where they couldn't compete with disney in terms of animation and they decided to do it in storytelling. At that time Japan was experimenting his new wave of cinema similar to the french wave and anime was influenced by it.",negative
2121,reddit.com,2024,Group Dynamics & Peer Pressure,en,"Yeah, I don't really understand the whole ""echo chamber"" complaint. I mean, if you like to argue and debate with people as a hobby, by all means. But I'm mostly on social media to look at cool art, cat photos and talk about videogames I like. I'll be real, if I really like a game I don't really care about other people's opinions. It's not like someone rolling up and telling me they don't like Rise of the Ronin or Dragon's Dogma 2 is going to make me suddenly go ""you know, they're right, I hate those games now"". 

As for the political ""echo chamber"" I mean, I've voted straight blue every election for 20 years and I'm an LGBT woman. I don't think some dude on twitter is gonna shake my beliefs and make me change my mind haha",neutral
2122,reddit.com,2024,Screen Time & Device Dependency,en,"No lie you cooked with this one 

Omg thank you they legit developed relationships with the female casts. They didn’t just randomly fall in love with him for no reason 

The donghua developed so many side characters , the female and male cast. Gave them screen time

The third paragraph is the biggest thing, the dragons weren’t just a deus ex machina. He actually died , the main villain won. The dragons didn’t make him a God. That’s a big detail 

Him becoming a god made perfect sense 

You broke it down to a tee and explained it perfectly. Everything",positive
2123,bsky.app,2024,Cultural Norms & Digital Etiquette,ja,CANCEL CULTURE STRIKES AGAIN,neutral
2124,reddit.com,2024,Cultural Norms & Digital Etiquette,en,"Turkey patties are one of my fave things and have must have cooked a hundred times. I use fresh, usually Jenny O brand. In that pound I put an egg, garlic, salt n pepper and some breadcrumbs. And a finely diced onion if I’m not feeling lazy That’s it. I cook on medium with the lid on, flip as little as possible. I like mine well done. They are always moist, I’m not sure why you felt it needed that much milk.",positive
2125,dailymail.co.uk,2024,Cultural Norms & Digital Etiquette,en,"Georgia Love has weighed in on a young family who decided to protect the fertility of their young daughter after the child was diagnosed with cancer.  n nThe family, who are based in Victoria, said they elected to freeze ovarian tissue of their baby Hazel when a tumour was found near the child s pelvis when she was just eight months old.  n nLove shared a link to her Instagram Stories on Thursday of a report in the Herald Sun that explained parents Lisa and Richard wanted to  future proof  their child s fertility.  n nThe former Bachelorette, 36, stamped the post with a pink sticker that read:   File under:    The Unfathomable Thought a Biological Female May Not See Procreation As The Only Reason For Being.   n nHazel, who will be two in December, is the youngest child in the world to have her ovarian tissue frozen, the publication reported.  n nThe couple, who have not disclosed their surname to protect Hazel s privacy, organised the surgery ahead of their daughter s cancer therapy.  n nGeorgia Love has weighed in on a young family who have decided to protect the fertility of their young daughter after the child was diagnosed with cancer.  Pictured n nThe Bachelorette star stamped the post with a pink sticker that read:   File under:",neutral
2126,x.com,2024,Screen Time & Device Dependency,ja,"土・日は『デジタルデトックス』
本格的な冬到来！ 

マイリスナーのみなさま
素敵な週末をお迎えください
ご機嫌よう♪

三重　熊野市   
#マイあさ",positive
2127,bsky.app,2024,Social Media & Psychological Well-being,ja,結婚式にぐんまちゃんが駆けつけるよ！\u3000全国どこでもOK、希望者募集中\u3000群馬県 | 上毛新聞社のニュースサイト https://www.jomo-news.co.jp/articles/-/574474,neutral
2128,x.com,2024,Screen Time & Device Dependency,ja,"今日はデジタルデトックスを成功させる方法についてのデイリーニュースはフィリピン人女性でした
デトックスしたら価値観が変わるかもですがそんなに意志を強く持てないかな
http://sakura100.blog/english-native…
#ネイティブキャンプ
#オンライン英会話
#朝活",neutral
2129,reddit.com,2024,Cultural Norms & Digital Etiquette,en,"If you've got the scanner, it's pretty straightforward in terms of what you need to do. As far as I can see, it's eliminating the act of you having to write everything down and holding management more accountable. It may seem like you are being micromanaged but it's just counting time for each task and making sure you got all the required tasks done for the day.

It's not tracking breadcrumbs like carriers. It has a geofence to make sure you are at a facility but as far as I know, it can't track your movement in the facility. I usually start a task, lay down the scanner and go do the task. I just come back to the scanner and click off that I did each task. It shows an estimated time to complete each task. I would never make an effort to beat that number as your job is to do the CTC standard which is more thorough than the estimated number that the post office thinks a task should be done. 

I said this in another comment but I'll add it here: As far as clerks or other employees crossing crafts to do your job, it wouldn't be a great idea to fight that sort of thing when you are the only custodian in a facility. If you do decide to file a grievance for someone else doing your job, be prepared to work every single day the office is open. If you don't have a backup PTR to work your off days, it becomes your responsibility to finish tasks every day. If you want that, more power to you. It's a double edged sword. Your best bet is to just let management cover those hours and not worry about it.",neutral
2130,x.com,2024,"Attention, Focus & Cognitive Load",en,Imagine if Poland took this attitude to the EU and didn’t join. Yes they did suffer horrific brain drain but it forced their domestic businesses and institutions to be better. Now they’re as rich as Japan and the next generation has an amazing future ahead of them.,positive
2131,x.com,2024,Screen Time & Device Dependency,ja,TOEICの点数高くても意味なしとか、自分にとって傷つく系の言葉って他人から浴びせられるんじゃなくて、ネットとかで自分からゲットしにいってると気づいたので、ちょっとデジタルデトックスしたいよなぁ・・・と思いつつ、ついつい今日もまた。,neutral
2132,elfagr.org,2024,"Attention, Focus & Cognitive Load",ar,طرح الدكتور أسامة إمام عميد كلية الحاسبات والذكاء الاصطناعي بجامعة حلوان، ومنال عبدالقادر وكيل الكلية لشؤون التعليم والطلاب، رؤية متكاملة تهدف إلى رفع كفاءة العملية التعليمية بالجامعات العربية من خلال دمج الذكاء الاصطناعي مع التعليم المرن، بما يواكب التطورات العالمية المتسارعة، وذلك في إطار المؤتمر التاسع عشر لوزراء التعليم العالي والبحث العلمي في العالم العربي، الذي عُقد في أبوظبي في الفترة من 27-28 نوفمبر 2024.,neutral
2133,x.com,2024,Group Dynamics & Peer Pressure,en,"I've been critical of what I thought was her performative activism, but there's no denying that she's a courageous woman, with a functioning moral compass, unlike so many of her peers in the industry. She's on the right side of history.",positive
2134,reddit.com,2024,Cultural Norms & Digital Etiquette,en,"If you've got the scanner, it's pretty straightforward in terms of what you need to do. As far as I can see, it's eliminating the act of you having to write everything down and holding management more accountable. It may seem like you are being micromanaged but it's just counting time for each task and making sure you got all the required tasks done for the day.

It's not tracking breadcrumbs like carriers. It has a geofence to make sure you are at a facility but as far as I know, it can't track your movement in the facility. I usually start a task, lay down the scanner and go do the task. I just come back to the scanner and click off that I did each task. It shows an estimated time to complete each task. I would never make an effort to beat that number as your job is to do the CTC standard which is more thorough than the estimated number that the post office thinks a task should be done. 

I said this in another comment but I'll add it here: As far as clerks or other employees crossing crafts to do your job, it wouldn't be a great idea to fight that sort of thing when you are the only custodian in a facility. If you do decide to file a grievance for someone else doing your job, be prepared to work every single day the office is open. If you don't have a backup PTR to work your off days, it becomes your responsibility to finish tasks every day. If you want that, more power to you. It's a double edged sword. Your best bet is to just let management cover those hours and not worry about it.",neutral
2135,reddit.com,2024,Cultural Norms & Digital Etiquette,en,"I have found that if I grind my own turkey it’s far less watery, even after being frozen, and doesn’t need egg or breadcrumbs",neutral
2136,x.com,2024,Screen Time & Device Dependency,ja,"マジかぁ…

ただ今デジタルデトックス中
（寝る時のみ別室）
の私の携帯ちゃんはお利口すぎて
とうとう通知さえこなくなりましたﾁｰﾝ",positive
2137,bsky.app,2024,Group Dynamics & Peer Pressure,en,She’s part of Trump’s echo chamber that I mention in this column. We are entering dangerous times. pub.gop-jesus.com/south-koreas...,negative
2138,x.com,2024,Screen Time & Device Dependency,ja,ネット漬けで脳疲労！情報処理のしすぎで背外側前頭前野がダメージを受け、集中力や記憶力が低下。ボーッとする時間を作りリセットを！ #脳疲労 #デジタルデトックス #マインドフルネス #SmartNews https://l.smartnews.com/m-14tJs2V/LUn97i… #スマートニュース,negative
2139,x.com,2024,Screen Time & Device Dependency,ja,19時から7時。デジタルデトックスしようと思っています。SNS絶ちは難しいので、せめて12時間は脳と目を休める。食事も同じ時間帯で摂らないようにしてみます。心身休める時間。,neutral
2140,x.com,2024,Cultural Norms & Digital Etiquette,ms,Berarti Cancel Culture nggakk berlaku buat si mbak nyaa yaaa???.,neutral
2141,x.com,2024,Group Dynamics & Peer Pressure,en,No one eats shit nor rubs cow shit on skin in India. The ones in videos were clout chasers. Kinda like how there are some clout chasing westerners who do disgusting things as well like spitting in grocery food items,negative
2142,x.com,2024,"Attention, Focus & Cognitive Load",en,"Lol why do Indians think that America can't exist without your ""geniuses"" who, in most cases, use fraudulent documents and legal loopholes to get in? If that's the ""brain drain"" you're talking about, I say drain it all.",positive
2143,reddit.com,2024,Group Dynamics & Peer Pressure,en,"That guy is an annoying clout-chasing asshole who hates everything that has a strong woman or person of color in it. He is essentially a Nazi, so no wonder he’s pissed. Good.",negative
2144,x.com,2024,Cultural Norms & Digital Etiquette,id,ini gabisa di cancel culture aja? sepanjang video ngucap mulu astaghfirullah,neutral
2145,x.com,2024,Cultural Norms & Digital Etiquette,ja,"使えない物を止めるのをキャンセルカルチャーって…覚えたてのキャンセルカルチャー言いたいだけと違うんかい https://togetter.com/li/2475980#c14184078…

「VISAをやめてJCB使うのはオタクが忌み嫌うキャンセルカルチャー！→反応「..」https://togetter.com/li/2475980 にコメントしました。",negative
2146,x.com,2024,Cultural Norms & Digital Etiquette,id,"Ooo tentu Muslim yg waras sudah marah-marah dan menuntut cancel culture cik. 
Tapi ya gimana, ormas gede tempat miftah bernaung aja bilang itu khilaf dan minta dimaafin",neutral
2147,x.com,2024,Cultural Norms & Digital Etiquette,en,Man wtf. First Korean martial law now this. I Hate cancel culture,negative
2148,x.com,2024,Screen Time & Device Dependency,ja,最近X見てるとオススメやらトレンドの話題で暗い気持ちになるのでしばらくデジタルデトックスしたいとおもう,neutral
2149,x.com,2024,Screen Time & Device Dependency,ja,"サンライズ号しかと接触で1時間遅れて岡山到着！
上郡付近はよく出ますね鹿さん
そして今回接触して止まった場所がトンネル直前で電波が圏外
強制デジタルデトックス笑
1時間の朝読タイム、いい時間でした笑",positive
2150,x.com,2024,Screen Time & Device Dependency,ja,"一週間デジタルデトックスしてる間にダブチ食べ美が今だけじゃなくなり
流行語大賞がふてほどになり
グクゥゥゥゥゥゥックスなる新作ガンダムが発表されていた…
ネットの流れが早すぎる…",neutral
2151,x.com,2024,Cultural Norms & Digital Etiquette,id,"cancel culture si miftah2 goblok itu dong, muak bgt muncul mulu",negative
2152,x.com,2024,Screen Time & Device Dependency,ja,そうそう！徳島行った時とは全然違うデジタルデトックスなったけどw,neutral
2153,x.com,2024,Cultural Norms & Digital Etiquette,id,normalisasi orang problematik harus dapet cancel culture,negative
2154,x.com,2024,Screen Time & Device Dependency,ja,"家族揃って体調不良で
デジタルデトックス

神奈川開催のパラID卓球大会
息子は昨日まで鼻血出したり
しんどそうにしてたので
今回は棄権となってしまった
目標としていたので残念

昨夜は咳も少し落ち着き
私も久しぶりに
気絶するように寝た。。
週末で食欲も戻るといいな

散歩中の朝もや〜",neutral
2155,x.com,2024,Screen Time & Device Dependency,ja,久々にデジタルデトックスやりますか(´・ω・｀),positive
2156,x.com,2024,Screen Time & Device Dependency,ja,時にはデジタルデトックスも必要ですね('ω')ノ,neutral
2157,x.com,2024,Screen Time & Device Dependency,ja,"咲花さん
おはようございます
デジタルデトックス必要ですよね
気づいたら瞑想良いと思います
今日もよろしくお願いします",positive
2158,x.com,2024,Group Dynamics & Peer Pressure,en,"No it isn’t a echo chamber, constructive criticism is acceptable but Iran is back bone of the resistance. No you’re right, you don’t belong in the GC which is both for Shia and Sunni’s. 
Go to your ayatollah Xumas and learn how to sellout and be full of hatred against Shia",negative
2159,bsky.app,2024,Screen Time & Device Dependency,en,"Putting on a Korean subtitled TV series, so I can't try to multi-task. I need to rest, not doomscroll while a show plays in the background.",neutral
2160,bsky.app,2024,Group Dynamics & Peer Pressure,en,"Haven’t seen a single phone in Japan (eg on the subway, where it’s easy to see tons of them) with its screen open to BSky, but lots on X and Instagram. Guess they haven’t yet gotten the word that they could be here arguing with Sweeney and Kotsko over the nuances of whether this is an echo chamber.",neutral
2161,x.com,2024,Screen Time & Device Dependency,ja,デジタルデトックスやるぞ〜,neutral
2162,x.com,2024,Group Dynamics & Peer Pressure,en,Bitch im a man and don’t cheat on my woman. Bs you say we can’t stay loyal. Sure as hell not going to let some so so only fans clout chaser money grabbing girl say otherwise.,negative
2163,x.com,2024,Screen Time & Device Dependency,ja,"久々になにもかも嫌になってデジタルデトックスしてました
復活かな？たぶん",neutral
2164,x.com,2024,Screen Time & Device Dependency,ja,"タブレットがぁ、動かない

スマホはずっと前からパンパンで時々フリーズ

ノートパソコンは、もっと前から、ネットが見れない

今、いくらかわからない払う予定があって、お金が使えない

しばらく強制デジタルデトックスだわ
昨日の夕御飯後は、時間が長かった
ネット見てたらあっという間なのに",neutral
2165,x.com,2024,Screen Time & Device Dependency,ja,"昨日はデジタルデトックスしてました

もうすっかり街はクリスマス",neutral
2166,x.com,2024,Social Media & Psychological Well-being,ja,あら。→「特別協賛してきたヤマダホールディングスによると、以降の開催も未定」「群馬出身の藤井猛九段、三浦弘行九段、山田久美女流四段は毎回出演し」 #ビジネス 《ニュース》「上州将棋祭り」中止、群馬の将棋イベント…昨年は藤井聡太七冠も対局｜上毛新聞 https://jomo-news.co.jp/articles/-/574510…,neutral
2167,x.com,2024,Cultural Norms & Digital Etiquette,en,"cancel culture is only a real thing in asia, the american celebrities live just fine after getting cancelled for 1977th times",neutral
2168,x.com,2024,Persuasive Design & Algorithm Ethics,en,"✦ The rise of memecoins is significantly driven by the attention economy, says Hashed co-founder:

Hashed co-founder Ryan Sungho Kim discussed the influence of the attention economy on memecoins during a conversation with Cointelegraph at India Blockchain Week. He emphasized",neutral
2169,x.com,2024,Cultural Norms & Digital Etiquette,id,Cancel culture bisa dilakukan disini juga ga bang?,neutral
2170,reddit.com,2024,"Attention, Focus & Cognitive Load",en,"I hope soon a respectable YouTuber analyzes China’s brain drain

I’m curious to see if it is just as severe as India’s",positive
2171,chinanews.com,2024,Social Media & Psychological Well-being,zh,"青少年社交媒体使用引发担忧, 多国推进立法加强监管—— 让孩子免受社交媒体之害 近年来,青少年对社交媒体的过度使用成为不少国家面临的问题。",negative
2172,reddit.com,2024,Cultural Norms & Digital Etiquette,en,"I'm okay with doing breadcrumbs in turkey burgers, just wasn't sure what was recommended for this issue as I'm used to doing beef burgers. Did the breadcrumb technique tonight and it turned out great.",neutral
2173,reddit.com,2024,Cultural Norms & Digital Etiquette,en,"highly agree with you, if mason was playing in a league (like China) without fxxxing leftism cancel culture then nothing would happen to him and he will not miss any single game due to madness feminist. Fans will know how to shut those bxxches up.",neutral
2174,thesun.co.uk,2024,Screen Time & Device Dependency,en,"THE lawyer representing the family of missing Hannah Kobayashi has called out an image that's fueled rampant speculation about the marriage status of the traveler who vanished nearly a month ago. Kobayashi, a 30-year-old Hawaii woman, disappeared after landing in Los Angeles on November 8, sparking a desperate search that's drawn national attention through multiple twists and turns. Kobayashi was last seen crossing the US-Mexico border on November 12, cops announced on Monday. Surveillance footage released from November 11 showed Kobayashi with her passport and suitcase. While police have classified Kobayashi's disappearance as voluntary , saying she wants a ""digital detox,"" her family remains unconvinced that she's safe because she hasn't contacted them since November 11. The case took a twist when fears started to grow that Kobayashi fell victim to a green card marriage scam after a picture circulated online appearing to show her getting married to an Argentian man named Alan Cacace. Sara Azari, Kobayashi's family's attorney, said the family has no idea if the picture is legitimate or not after a stranger first sent it to Kobayashi's sister, Sydni, last month. READ MORE ON HANNAH KOBAYASHI ""What happened is on November 15, somebody on Facebook that we don’t know sent Hannah’s sister a picture that looked like a wedding picture on the beach in Hawaii with leis around their necks and Hannah with this man,"" Azari explained to The U.S. Sun. ""They said that they got that off of...",negative
2175,thescottishsun.co.uk,2024,Screen Time & Device Dependency,en,"THE lawyer representing the family of missing Hannah Kobayashi has called out an image that  s fueled rampant speculation about the marriage status of the traveler who vanished nearly a month ago.  n nKobayashi, a 30-year-old Hawaii woman, disappeared after landing in Los Angeles on November 8, sparking a desperate search that  s drawn national attention through multiple twists and turns.  n nKobayashi was last seen crossing the US-Mexico border on November 12, cops announced on Monday.  Surveillance footage released from November 11 showed Kobayashi with her passport and suitcase.  n nWhile police have classified Kobayashi  s disappearance as voluntary, saying she wants a  digital detox,  her family remains unconvinced that she  s safe because she hasn  t contacted them since November 11.  n nThe case took a twist when fears started to grow that Kobayashi fell victim to a green card marriage scam after a picture circulated online appearing to show her getting married to an Argentian man named Alan Cacace.  n nSara Azari, Kobayashi  s family  s attorney, said the family has no idea if the picture is legitimate or not after a stranger first sent it to Kobayashi  s sister, Sydni, last month.",negative
2176,bsky.app,2024,Screen Time & Device Dependency,ja,ずんだもん「おはよーなのだ。nyankoさんも体調にきをつけるのだ。」 おはようございます！今日もよろしくお願いします！\n今日2024/12/6は気が向いたら何か書くかもです。\n他の方も言ってた「デジタルデトックス」？ですね。\n\n©坂本アヒル\u3000様,positive
2177,x.com,2024,Screen Time & Device Dependency,ja,"おはようございます

デジタルデトックス、、、なかなかできない
なんとかなるか精神大事ですね

素敵な華金を",positive
2178,x.com,2024,Screen Time & Device Dependency,ja,"おはようございます

Xを始めて気づいたことがあります

一言で言うと、デジタルデトックスのため、本日はほぼ自分の目的以外でXには触れません。
#デジタルデトックス #情報リテラシー #ノイズ #Infobesity #Clutter

以下、長文となりますので、ここで読むのをやめることをおすすめします。
⇩",neutral
2179,x.com,2024,Screen Time & Device Dependency,ja,"そういうオフの日を作るって大事ですよね！

何も無い少し不便な海外に行って、少しデジタルデトックスしてきます！",neutral
2180,x.com,2024,Screen Time & Device Dependency,ja,"1人でモーニングさいこぅ
短い時間だけどデトックス
デジタルデトックスはできないけど",neutral
2181,x.com,2024,Cultural Norms & Digital Etiquette,id,"cancel culture, gag usah lagi di datangi event-event itu orang~ dah paling bener kalau bisa namanya tenggelamin ajah",negative
2182,x.com,2024,Cultural Norms & Digital Etiquette,id,"Khususnya di Indonesia, cancel culture biasanya dilakukan terlalu cepat. Ketika ada orang yang punya masalah dan masalahnya belum dibuktikan kebenarannya. Si diduga pelaku sering sekali sudah diboikot massa duluan.",negative
2183,x.com,2024,Cultural Norms & Digital Etiquette,ms,cancel culture aja gasi ini,negative
2184,bsky.app,2024,Screen Time & Device Dependency,ja,ごはん食べずにデジタルデトックスしつつ読書する。\nきつい。空腹感。｜0から始める自己鍛錬でお金持ちになる方法！目指せ成功への道！ @priecia005 #note note.com/priecia00572...,positive
2185,x.com,2024,Screen Time & Device Dependency,id,You guys  gausah permasalahin kemana manaa dong… Ributin fans ditiktok sama aja ributin orang dodol. Itu orang” kebanyakan screen time dan minim literasi. RNB ajaa gausah makin tambah masalah karena ngelantur. Both hc and mk didn’t deserves all the hate!!!,negative
2186,x.com,2024,Cultural Norms & Digital Etiquette,ja,"Lovrov→2017年にKiev政権は露語で教育を行うのを禁止し、露語mediaを禁止し、Ukreniaのmediaで露語使用禁止し、ロシア文化破壊行為cancel culture行い、露語書籍を図書館から焚書し、最近ではロシア正教会を法的に禁じた
興味深いのはUNはtreatyに基づき露は撤退すべきと言う
UN議長や副議長も同じ",negative
2187,x.com,2024,Screen Time & Device Dependency,ja,"おはドラ〜
急にネット使えないと何して良いか分かんなくなりますよね〜
まぁ、デジタルデトックスもたまには良いもんですよ。",positive
2188,x.com,2024,Screen Time & Device Dependency,ja,"おはようございます

𝕏が楽しすぎて廃人ですけどたまにデジタルデトックスしてます",neutral
2189,x.com,2024,Cultural Norms & Digital Etiquette,id,Aset bangsa ndasmu. Cancel culture aja nih ansor2an. Ketumnya gini brarti ke bawahnya ya sama semua. Modelan si miftah semua. Musnahkan para real penista agama ini. Bikin malu aja.,neutral
2190,x.com,2024,Screen Time & Device Dependency,ja,"デジタルデトックス大事ですね

私は過呼吸もあり呼吸が浅いのですが、ヨガをすると深呼吸もできて体がほぐれて楽になります

今日も1日リラックスして生きたいです",positive
2191,x.com,2024,Screen Time & Device Dependency,ja,"JSB CLASS行けないのつらすぎて無理
これから3ヶ月間インスタとかXで投稿流れてくるの結構精神削がれるなこれを機にデジタルデトックスでもする？wwwwww",neutral
2192,reddit.com,2024,Cultural Norms & Digital Etiquette,en,"'meritocracy' is only important if it is a liberal woman or non-white people...then holy shit it REALLY matters and they basically have to have invented everything since the steam engine to be potentially qualified.

'meritocracy' is one of those joke words republicans use to avoid saying what they really mean.  It is so obvious that I am honestly bored of it.  Notice that it is 'meritocracy' from guys getting paid a lot of money to do objectively little work, but it is 'woke cancel culture' if any of them lose their job or a few advertisers...because they think they are entitled to importance and wealth and anything that interferes with that is an attack on them and their freedom and anything that gives them attention and money is totally smart and makes them better than people too 'lazy' to do what they are doing...this is also how you end up getting paid to push Russian talking points while screaming what a patriot you are...greed and bias masked in 'merit' that has nothing to do with seeking the best for the overall country.  They are just spoiled toddlers demanding attention and screaming ""mine!"" about everything they can see.",neutral
2193,x.com,2024,Screen Time & Device Dependency,ja,"白ビルたった２日いるだけなので
こなれた気分で行ったら携帯充電器忘れてきてて
結果ちょうどいいデジタルデトックスになった",positive
2194,x.com,2024,Group Dynamics & Peer Pressure,id,"korban bertambah jadi 100 pun saya masih tidak percaya klo belum ada bukti visum. 
coba belajar mengenai konsep echo chamber bg",negative
2195,x.com,2024,Cultural Norms & Digital Etiquette,id,Harusnya jangan di kasih panggung dan mulai cancel culture,neutral
2196,x.com,2024,Social Media & Psychological Well-being,hi,"पाकिस्तान से आया डिजिटल अरेस्ट वाला कॉल, पोल खुलने के बाद दे दिया साइबर ठग बनने का ऑफर
https://khabarfast.com/when-digital-arrest-was-exposed-the-criminal-remained-stunned-lured-the-victim-to-become-a-cyber-thug…
#cybercrime #digitalarrest #crime",negative
2197,x.com,2024,Cultural Norms & Digital Etiquette,en,"I really want to see this unfold because 
@elonmusk
 strongly supports free speech and opposes cancel culture. How the ruling class of #Pakistan will play it out.",neutral
2198,x.com,2024,Screen Time & Device Dependency,ja,"休日のデジタルデトックスのため〜と思って作りましたが、そう言ってくださり試行錯誤した甲斐がありました
みんなで楽しんでくれて嬉しいですありがとうございます…",positive
2199,x.com,2024,Screen Time & Device Dependency,ar,حاولت قد مانقدر مانخشش تيك توك عشان الفيديوهات لقصيرة ماتشوش علي تركيزي لان عندي امتحان ونبي نركز ف المادة كويس بس مليت وخشيت عليه وتشوش ذهني وخربت Digital Detox,positive
2200,x.com,2024,Screen Time & Device Dependency,ja,全然できてないけどデジタルデトックスをしようと思って。,neutral
2201,x.com,2024,Social Media & Psychological Well-being,en,"It's not a stereotype if your literal government official said ""no because you need to censor the gay stuff and the political stuff"". That's literally homophobia. We all know that Dan's not the type of person to say ""Asian gov says no jomo which means all Asians say no homo"" ffs",negative
2202,x.com,2024,Screen Time & Device Dependency,en,"Jimmy O. Yang Of ‘Silicon Valley’: Asians Who Aren''t Hunks Need Screen Time, Too!. What are you going to tell me? Don’t represent m",neutral
2203,x.com,2024,Screen Time & Device Dependency,en,"They still pretend it’s a BL to keep the rabid fans but tame it down to get government funding.

When it comes out, Mile has less than 10 minutes of screen time and there is barely a bromance.

Still the fans forgive the deception but demand BL with Mile and Apo…",neutral
2204,x.com,2024,Cultural Norms & Digital Etiquette,ms,"sebenernya di indonesia emang butuh cancel culture deh kayaknya esp buat makhluk kayak bapa bapa gondrong satu ini, sok iya sok asik sok oke, astagfirullah aladzim",neutral
2205,x.com,2024,"Attention, Focus & Cognitive Load",en,"A pop culture term for this trend is 'reverse brain drain'. Definitely no source directly from the Indian govt, like our USCIS here. Here is some proxy data on the trend 

1. https://ndtv.com/india-news/the-reverse-brain-drain-why-nris-are-returning-to-india-541478…

In a recent study published by the Harvard Law School, 50 per cent of NRI",neutral
2206,x.com,2024,Screen Time & Device Dependency,ja,ひとりでゆっくり静かにデジタルデトックスができる場所が欲しい…,neutral
2207,reddit.com,2024,Group Dynamics & Peer Pressure,en,"Love will always be more important than sex, reddit is just an echo chamber full of people who think their kinks are a personality and that sex is a #1 priority in a relationship. 

It's almost gone full circle from the 1900s perspective of a woman must always please her man or he has the right to go and cheat",neutral
2208,naidunia.com,2024,Social Media & Psychological Well-being,hi,"HighLights  अमित मिश्रा,  ग्वालियर।  डिजिटल अरेस्ट...इस समय साइबर ठगी का सबसे बड़ा तरीका यही है।  इसमें सरकारी अफसर, डॉक्टर, इंजीनियर, सेना, पुलिस अफसर, कारोबारी तक ठगे जा रहे हैं।",negative
2209,x.com,2024,Screen Time & Device Dependency,ja,ちょっとしたデジタルデトックス期間だと思ってリフレッシュしちゃおう！ﾟ+｡(о'∀')bスッキリ！,neutral
2210,x.com,2024,Screen Time & Device Dependency,ja,"まきさん

眠りには、デジタルデトックス。
寝る前1時間は、絶対見ない方がイイと思っています。",neutral
2211,x.com,2024,Screen Time & Device Dependency,ja,離島でデジタルデトックスしてきた(隠語),neutral
2212,x.com,2024,Screen Time & Device Dependency,ja,デジタルデトックスしたいなと思いながらもTwitterしてしまう私,neutral
2213,x.com,2024,Screen Time & Device Dependency,ja,ちょうどいいデジタルデトックスになったよ,positive
2214,x.com,2024,Screen Time & Device Dependency,ja,意味もないのにスマホを見ちゃうことが多い。たいした情報も得られないのに、時間と集中力を吸い取られていく気がする。スマホを触れなくなる刑事施設の面会やサウナはデジタルデトックスになるのでおすすめです,negative
2215,x.com,2024,Screen Time & Device Dependency,ja,"デジタルデトックス
1ヶ月だと…",neutral
2216,x.com,2024,Screen Time & Device Dependency,ja,昨日はSNSをほぼ見なかった。デジタルデトックスしたわけではない。TVでNetflix見ながら35000件あるメールBOXをひたすら削除していた。（必要なメールもあって全削除できず。）無心とか、ながらでできる作業だったから頭を使わない日だった。そんな日もたまには心地良い。,neutral
2217,x.com,2024,Social Media & Psychological Well-being,hi,ऐसे मामलों में केस किया जाना जानिए साइबर फ्रॉड और डिजिटल चोरी का,neutral
2218,x.com,2024,Screen Time & Device Dependency,ja,"#キャンプ好きな人と繋がりたい 
11月20日に小学校からの連れと初絡みのキャンプに行ってきました。いつもはスマホを見がちでしたが、久しぶりに会ったということもありほぼトークでおわりデジタルデトックスが出来ました。
たまに雨が降ってきましたが楽しく過ごせました。
キャンプ飯→すき焼き",positive
2219,x.com,2024,Screen Time & Device Dependency,ja,デジタルデトックスもいいかもしれない（してない,neutral
2220,x.com,2024,Cultural Norms & Digital Etiquette,id,"Baik di tingkat internasional maupun lokal, cancel culture menimbulkan tantangan besar terkait etika dan keseimbangan sosial.",neutral
2221,x.com,2024,Screen Time & Device Dependency,ja,お疲れ様です。前回試合前＆試合で骨折し病院行ったら腎不全発覚。入院を機に妻とデジタルデトックスを約束してスマホなるべく触らないようにしていました（7月31日に無事退院しました）。またぼちぼちやって行く感じです。休養して身体もメンタルもだいぶ良くなりました。色々ありがとうございます,positive
2222,x.com,2024,Screen Time & Device Dependency,ja,"2024年、自分が選ぶ流行語大賞を発表！

ノミネートは以下の通り。
デジタルデトックス、生成AI、推し活、防災リュック、ウェルビーイング。

そして、映えある大賞は……
「生成AI」！

家族よりも友人よりも、ChatGPTと話す時間が多かった一年でした。",positive
2223,x.com,2024,Screen Time & Device Dependency,ja,"進捗。
・編集作業なう
・紙とガラケー生活
・パソコンすら使って無す
・ブロック機能の改悪につき一時的にアカ削除するかも
・感覚過敏中はログアウト
・デジタルデトックス中
・過集中でヘトヘト笑笑

けっこー面白い本が出来そう",neutral
2224,x.com,2024,Screen Time & Device Dependency,ja,"デジタルデトックス&爆睡、めっちゃスッキリしましたね

そうそう、なんとかなるし、なるようにしかならないんです",neutral
2225,x.com,2024,Screen Time & Device Dependency,ja,デジタルデトックス,neutral
2226,jagran.com,2024,Social Media & Psychological Well-being,hi,जमशेदपुर में डिजिटल अरेस्ट कर महिला से 23 हजार की ठगी का मामला सामने आया है।  ठगों ने महिला को नरेश गोयल के 536 करोड़ रुपये मनी लान्ड्रिंग केस में संलिप्तता के नाम पर गिरफ्तारी की धमकी दी।,negative
2227,navbharattimes.indiatimes.com,2024,Social Media & Psychological Well-being,hi,"अंकित तिवारी,  नोएडा:  अपने कर्मचारियों के नाम से फर्जी कंपनी खोलकर उसका प्रयोग  साइबर ठगी में करने और अकाउंट की डिटेल",neutral
2228,x.com,2024,Screen Time & Device Dependency,ja,あまりにこわいのでスマホを持ち歩かない生活してる　デジタルデトックスしてる,neutral
2229,x.com,2024,Group Dynamics & Peer Pressure,th,"กูเกลียดไอพวก grifter อ่ะ 

อธิบายพวกนี้ง่ายๆ ยกตัวอย่างเช่น เกม Concord( Closed ) มันเป็นเกมที่แย่มากdesignไม่สวยและเกมเพลไม่น่าจดจำ แต่ไอพวกนี้แม่งจะชอบเอามาย้ำเรื่องเดิมๆนอกประเด็นเพื่อเอาให้ผิดให้ได้ เพียงเพราะจะได้หลอกเอาengageจากการecho chamber (ต่อ)",negative
2230,x.com,2024,Group Dynamics & Peer Pressure,en,This segment is less than 1% so it is immaterial for government and the 1% are most of the X users in India . So this is an echo chamber ; we cry and lament and hear each others voices on loop. I don’t see government changing ; only way out is migration,negative
2231,x.com,2024,"Attention, Focus & Cognitive Load",en,"EU is cooked. Thanks to greedy and megalomanic bureaucrats who can’t even agree on the location for their meetings, therefore moving every month between Brussels and Strasbourg. There’s been a real brain drain happening (and capital flight). European unicorns rather move to the",positive
2232,x.com,2024,Cultural Norms & Digital Etiquette,en,"Black Men We Still.. 

Black ppl haven’t fallen off. We were never on. None of this cancel culture was for us. Woke got hijacked by white women and gays. Black women were disillusioned by Kamala who was sworn into congress as the first Indian woman. BW mad. 

Black men we still",negative
2233,x.com,2024,Screen Time & Device Dependency,ja,3日間お家にひきこもってデジタルデトックスでもしようかな( ˙꒳˙  ),neutral
2234,x.com,2024,Social Media & Psychological Well-being,hi,"#थाना_साइबर_क्राइम, जनपद मेरठ की पुलिस टीम द्वारा जनपद मेरठ में दिनांक 26.09.2024 से दिनांक 23.10.2024 तक अज्ञात व्यक्ति द्वारा फेक शेयर मार्केट ऐप के द्वारा वादी के खातों में से 3,10,81,000/-रूपये की साइबर ठगी करने वाले पंजाब राज्य से 03 अभियुक्तों को किया गिरफ्तार।  #UPPolice",negative
2235,x.com,2024,Screen Time & Device Dependency,ja,デジタルデトックスするか…,neutral
2236,x.com,2024,"Attention, Focus & Cognitive Load",zh,国产ai还是挺强的，世界第二稳稳的。openai xai里面大量的中国人，国人技术智商这块还是可以的。百度企业文化不行，人才也流失的差不多了。,neutral
2237,x.com,2024,Group Dynamics & Peer Pressure,en,"My God now that all the intelligent foils left for Bluesky this has become a boring as fuck rehashing echo chamber. Who should they investigate next? Jimmy Carter for the Iran hostage crisis? Grow up, move on, do something positive.  Don't be a loser",neutral
